customer_id,region,plan_type,contract_type,payment_method,device_type,support_channel,issue_type,tenure_months,monthly_charges_usd,total_charges_usd,avg_monthly_data_gb,num_support_contacts,first_call_resolution,nps_score,csat_score,csat_verbatim_text,sentiment_label,sentiment_score,churn_risk_score,churned,revenue_per_tenure_month,support_intensity_index,loyalty_tier,weighted_sentiment_index,interaction_date
CUST00001,Northeast,Basic,2-Year,In-Store,Tablet,Phone,Network Outage,14,178.86,2575.24,11.35,13,True,-93,1,No accountability at all,Negative,0.1806,100,1,183.95,0.8667,Silver,0.2622,2023-02-12
CUST00002,Southwest,Enterprise,Month-to-Month,Mail,Business Line,Email,No Issue,1,196.93,173.68,51.29,8,True,-45,3,Got what I needed but took a while,Neutral,0.329,100,1,173.68,4.0,Bronze,0.5463,2023-12-06
CUST00003,Southwest,Premium,Month-to-Month,Mail,Business Line,Chat,Device Problem,11,151.44,1692.3,74.6,11,True,80,1,Agent was unhelpful,Negative,0.2319,100,1,153.85,0.9167,Bronze,0.565,2022-06-13
CUST00004,Southeast,Basic,1-Year,In-Store,Home Internet,Email,Network Outage,48,108.15,5108.32,84.52,2,True,36,2,Worst customer service experience,Negative,0.081,100,1,106.42,0.0408,Gold,0.588,2023-03-26
CUST00005,Midwest,Basic,Month-to-Month,Auto-Pay,Hotspot,In-Store,Speed Issue,9,76.41,714.22,105.29,10,True,67,4,Agent went above and beyond,Positive,0.9539,56.6,0,79.36,1.0,Bronze,0.8422,2024-07-28
CUST00006,Southeast,Premium,Month-to-Month,Manual-Online,Business Line,App,Speed Issue,75,124.25,9008.5,44.08,4,False,-77,1,Poor network reliability,Negative,0.1882,100,1,120.11,0.0526,Platinum,0.2403,2024-05-14
CUST00007,Southwest,Basic,1-Year,Mail,Business Line,In-Store,Plan Change,33,243.63,8217.92,2.37,3,True,96,3,Got what I needed but took a while,Neutral,0.3474,66.8,0,249.03,0.0882,Silver,0.793,2022-01-07
CUST00008,Midwest,Standard,2-Year,Auto-Pay,Hotspot,App,Plan Change,26,63.61,1658.0,65.19,0,True,25,1,Terrible wait times,Negative,0.2636,100,1,63.77,0.0,Silver,0.4688,2023-09-22
CUST00009,Southeast,Basic,Month-to-Month,Auto-Pay,Smartphone,In-Store,No Issue,9,245.15,2110.46,15.97,15,True,-33,5,Very professional support team,Positive,0.7693,56.6,0,234.5,1.5,Bronze,0.7672,2023-03-10
CUST00010,Southwest,Standard,2-Year,In-Store,Home Internet,Email,Device Problem,67,129.32,7794.37,8.62,0,True,50,2,Very disappointed with service,Negative,0.0687,100.0,1,116.33,0.0,Platinum,0.6125,2022-03-06
CUST00011,Midwest,Basic,2-Year,Manual-Online,Hotspot,In-Store,Network Outage,70,59.1,4290.49,68.95,15,True,100,4,Agent went above and beyond,Positive,0.6762,60.0,0,61.29,0.2113,Platinum,0.9,2022-07-18
CUST00012,West,Premium,1-Year,Mail,Home Internet,Chat,Contract Issue,84,246.51,18008.4,48.91,10,True,-37,2,Problem kept recurring,Negative,0.0421,100,1,214.39,0.1176,Platinum,0.4602,2023-01-11
CUST00013,Midwest,Enterprise,Month-to-Month,Auto-Pay,Home Internet,App,Billing Dispute,7,173.46,1163.37,2.76,2,True,-58,4,Problem resolved quickly,Positive,0.9459,65.6,1,166.2,0.25,Bronze,0.6235,2022-05-01
CUST00014,Southeast,Enterprise,Month-to-Month,Mail,Hotspot,In-Store,Speed Issue,55,183.24,10038.91,94.22,15,True,-52,3,Service was okay,Neutral,0.4738,100,1,182.53,0.2679,Gold,0.534,2022-05-05
CUST00015,Midwest,Basic,Month-to-Month,Mail,Business Line,App,Network Outage,8,241.36,1672.19,23.11,2,True,3,1,Will consider switching providers,Negative,0.0739,100,1,209.02,0.2222,Bronze,0.4303,2022-03-23
CUST00016,Southwest,Basic,1-Year,In-Store,Hotspot,Phone,Contract Issue,41,82.5,3142.87,80.93,9,False,-20,1,Will consider switching providers,Negative,0.2995,100,1,76.66,0.2143,Gold,0.34,2022-07-24
CUST00017,Northeast,Standard,2-Year,In-Store,Tablet,Email,Billing Dispute,32,111.29,3139.44,100.22,9,True,70,5,Outstanding customer care,Positive,0.9727,24.0,0,98.11,0.2727,Silver,0.9475,2022-08-01
CUST00018,Southeast,Premium,Month-to-Month,Auto-Pay,Business Line,Phone,Speed Issue,37,163.05,5993.77,25.23,8,False,-36,1,Worst customer service experience,Negative,0.2488,100,1,161.99,0.2105,Gold,0.312,2022-04-01
CUST00019,Northeast,Premium,Month-to-Month,In-Store,Tablet,In-Store,Plan Change,55,153.39,7359.75,113.46,4,True,-6,5,Great network coverage,Positive,0.6592,29.2,0,133.81,0.0714,Gold,0.8145,2022-09-19
CUST00020,Northeast,Premium,1-Year,Auto-Pay,Hotspot,Phone,Contract Issue,32,176.72,5206.8,67.63,13,True,-40,2,Poor network reliability,Negative,0.2644,100,1,162.71,0.3939,Silver,0.455,2022-02-20
CUST00021,Southeast,Premium,1-Year,Manual-Online,Hotspot,Phone,No Issue,14,114.15,1370.76,57.01,6,False,-11,3,Expected better response time,Neutral,0.3669,94.2,1,97.91,0.4,Silver,0.5557,2023-01-31
CUST00022,West,Premium,1-Year,Auto-Pay,Hotspot,Email,Contract Issue,66,117.92,8142.51,64.81,0,True,-34,2,Billing overcharge not fixed,Negative,0.0115,100,1,123.37,0.0,Platinum,0.4655,2024-06-08
CUST00023,Midwest,Premium,1-Year,Auto-Pay,Home Internet,App,Network Outage,33,39.76,1229.7,62.87,6,True,10,1,Terrible wait times,Negative,0.1869,100,1,37.26,0.1765,Silver,0.4425,2022-09-13
CUST00024,Midwest,Premium,2-Year,Mail,Hotspot,In-Store,Contract Issue,38,151.96,5129.86,80.13,12,True,57,5,Outstanding customer care,Positive,0.7624,32.6,0,135.0,0.3077,Gold,0.9247,2022-01-01
CUST00025,Midwest,Premium,Month-to-Month,Mail,Business Line,App,Contract Issue,42,132.29,5214.1,26.43,15,True,68,1,Will consider switching providers,Negative,0.1006,100,1,124.15,0.3488,Gold,0.544,2023-04-27
CUST00026,Midwest,Standard,Month-to-Month,Manual-Online,Smartphone,Chat,Network Outage,61,164.47,10069.77,55.19,6,False,26,4,Problem resolved quickly,Positive,0.659,56.8,0,165.08,0.0968,Platinum,0.7205,2022-01-12
CUST00027,Northeast,Enterprise,Month-to-Month,Manual-Online,Business Line,In-Store,Billing Dispute,72,84.81,6226.41,55.32,14,True,93,4,Very professional support team,Positive,0.926,59.4,0,86.48,0.1918,Platinum,0.8878,2024-10-30
CUST00028,West,Enterprise,Month-to-Month,Mail,Home Internet,Email,No Issue,32,214.76,6222.63,93.54,15,True,-30,4,Outstanding customer care,Positive,0.6938,86.0,1,194.46,0.4545,Silver,0.6725,2023-11-19
CUST00029,Midwest,Basic,Month-to-Month,Manual-Online,Tablet,In-Store,Contract Issue,20,185.4,3199.43,49.5,14,False,-85,2,Worst customer service experience,Negative,0.2715,100,1,159.97,0.6667,Silver,0.3263,2022-02-10
CUST00030,Southwest,Enterprise,1-Year,Auto-Pay,Hotspot,Email,No Issue,50,217.75,11330.47,50.86,7,False,-44,3,Service was okay,Neutral,0.4167,100,1,226.61,0.1373,Gold,0.498,2024-04-08
CUST00031,Southeast,Enterprise,Month-to-Month,Auto-Pay,Home Internet,App,Plan Change,4,48.46,181.38,104.16,5,True,-34,4,Seamless experience overall,Positive,0.7307,66.8,1,45.34,1.0,Bronze,0.6655,2024-02-16
CUST00032,Midwest,Enterprise,1-Year,Auto-Pay,Home Internet,Chat,Contract Issue,70,41.45,3018.67,27.68,2,True,93,1,Agent was unhelpful,Negative,0.2518,100,1,43.12,0.0282,Platinum,0.5877,2022-11-09
CUST00033,Southeast,Standard,1-Year,Auto-Pay,Business Line,Phone,Device Problem,33,198.71,5793.87,73.26,3,True,-21,1,Billing overcharge not fixed,Negative,0.1727,100,1,175.57,0.0882,Silver,0.3882,2024-02-08
CUST00034,West,Standard,Month-to-Month,Manual-Online,Smartphone,Email,No Issue,77,207.21,16102.68,68.35,1,True,36,4,Highly satisfied with resolution,Positive,0.6276,44.8,0,209.13,0.0128,Platinum,0.788,2023-11-30
CUST00035,Northeast,Enterprise,1-Year,Auto-Pay,Home Internet,Email,Contract Issue,59,185.6,10261.59,88.32,8,False,19,4,Very professional support team,Positive,0.7074,62.2,0,173.93,0.1333,Gold,0.7083,2023-05-18
CUST00036,Northeast,Premium,1-Year,Manual-Online,Home Internet,App,Plan Change,49,104.0,4835.4,39.68,15,True,-10,3,Waited longer than expected,Neutral,0.5104,100,1,98.68,0.3,Gold,0.6075,2023-07-20
CUST00037,Southwest,Basic,2-Year,Manual-Online,Smartphone,Phone,Contract Issue,53,137.48,7298.34,83.18,15,False,-96,1,Worst customer service experience,Negative,0.2075,100,1,137.7,0.2778,Gold,0.207,2023-09-20
CUST00038,Southwest,Premium,1-Year,In-Store,Home Internet,App,Speed Issue,46,184.62,7678.79,30.92,3,True,-20,1,Poor network reliability,Negative,0.0575,100,1,166.93,0.0638,Gold,0.39,2024-09-18
CUST00039,Midwest,Premium,Month-to-Month,Manual-Online,Hotspot,Phone,Speed Issue,23,96.49,2200.64,16.06,1,True,41,3,Average experience,Neutral,0.4914,73.8,1,95.68,0.0417,Silver,0.6967,2024-10-02
CUST00040,Northeast,Basic,2-Year,In-Store,Home Internet,In-Store,Device Problem,44,70.55,2670.47,112.99,15,True,-84,4,Very professional support team,Positive,0.8518,96.8,1,60.69,0.3333,Gold,0.578,2022-04-20
CUST00041,Southeast,Standard,2-Year,In-Store,Smartphone,Phone,Billing Dispute,72,198.17,13858.22,95.1,7,False,15,4,Outstanding customer care,Positive,0.9441,61.0,0,192.48,0.0959,Platinum,0.7012,2024-05-28
CUST00042,Midwest,Basic,2-Year,Auto-Pay,Tablet,Phone,Speed Issue,11,64.54,628.13,9.93,0,False,15,5,Seamless experience overall,Positive,0.7165,17.0,0,57.1,0.0,Bronze,0.8013,2023-04-20
CUST00043,Midwest,Premium,2-Year,Mail,Smartphone,Phone,Speed Issue,81,159.74,13078.44,24.54,3,True,65,2,Poor network reliability,Negative,0.0214,100,1,161.46,0.0366,Platinum,0.6387,2022-12-06
CUST00044,Midwest,Premium,1-Year,Auto-Pay,Home Internet,Email,Contract Issue,52,237.38,11727.74,59.76,2,True,10,3,Service was okay,Neutral,0.3274,82.0,1,225.53,0.0377,Gold,0.6425,2022-02-12
CUST00045,Midwest,Basic,Month-to-Month,Mail,Business Line,In-Store,Speed Issue,24,249.32,5607.77,97.9,2,False,-11,4,Highly satisfied with resolution,Positive,0.7284,56.2,0,233.66,0.08,Silver,0.6558,2022-08-03
CUST00046,Southeast,Premium,1-Year,Mail,Hotspot,In-Store,No Issue,71,38.06,2344.51,31.04,3,False,31,1,No accountability at all,Negative,0.1386,100,1,33.02,0.0417,Platinum,0.4293,2022-04-22
CUST00047,Southeast,Premium,2-Year,Mail,Home Internet,Chat,Network Outage,35,150.82,5466.28,53.14,15,True,-93,5,Agent was very helpful,Positive,0.7243,68.6,1,156.18,0.4167,Silver,0.6623,2022-01-29
CUST00048,Southwest,Enterprise,Month-to-Month,Manual-Online,Smartphone,In-Store,Billing Dispute,83,213.06,16794.04,86.28,8,False,23,4,Problem resolved quickly,Positive,0.7827,61.4,0,202.34,0.0952,Platinum,0.7152,2022-10-24
CUST00049,West,Standard,2-Year,Manual-Online,Smartphone,Email,No Issue,54,104.76,5699.71,32.79,0,True,85,3,Waited longer than expected,Neutral,0.474,63.0,0,105.55,0.0,Gold,0.7737,2024-09-29
CUST00050,Southeast,Enterprise,2-Year,Mail,Hotspot,Email,Plan Change,70,112.98,8197.82,104.48,7,False,-41,4,Seamless experience overall,Positive,0.8821,72.2,0,117.11,0.0986,Platinum,0.6033,2024-02-20
CUST00051,West,Standard,1-Year,Auto-Pay,Tablet,App,Plan Change,43,221.32,9753.14,53.4,14,True,84,2,Poor network reliability,Negative,0.0224,100,1,226.82,0.3182,Gold,0.672,2023-06-27
CUST00052,Midwest,Enterprise,2-Year,Auto-Pay,Hotspot,App,Device Problem,41,167.89,7072.7,59.07,1,True,-40,3,Issue eventually resolved,Neutral,0.4302,90.0,1,172.5,0.0238,Gold,0.555,2022-07-21
CUST00053,Northeast,Enterprise,Month-to-Month,In-Store,Smartphone,Chat,Speed Issue,8,94.53,699.5,18.32,13,True,-57,2,Worst customer service experience,Negative,0.1859,100,1,87.44,1.4444,Bronze,0.4253,2023-05-09
CUST00054,West,Standard,Month-to-Month,Mail,Hotspot,In-Store,Speed Issue,2,227.75,429.56,35.23,5,True,13,3,Decent support,Neutral,0.4917,87.4,1,214.78,1.6667,Bronze,0.6478,2024-05-18
CUST00055,Midwest,Enterprise,1-Year,Manual-Online,Home Internet,In-Store,Billing Dispute,31,113.89,3254.47,36.21,9,True,68,4,Outstanding customer care,Positive,0.6032,54.4,0,104.98,0.2812,Silver,0.844,2022-04-11
CUST00056,Southwest,Enterprise,1-Year,Manual-Online,Business Line,Email,Network Outage,82,71.82,5301.05,90.91,4,True,60,1,Problem kept recurring,Negative,0.01,100,1,64.65,0.0482,Platinum,0.53,2024-01-18
CUST00057,Southeast,Basic,1-Year,In-Store,Home Internet,Phone,Network Outage,17,203.02,3538.63,44.54,8,True,-35,4,Outstanding customer care,Positive,0.8986,73.0,1,208.15,0.4444,Silver,0.6638,2023-11-25
CUST00058,Northeast,Enterprise,Month-to-Month,Manual-Online,Tablet,In-Store,No Issue,72,110.46,8017.83,2.66,3,False,-6,3,Nothing exceptional,Neutral,0.3325,87.2,1,111.36,0.0411,Platinum,0.5645,2023-04-24
CUST00059,West,Basic,2-Year,In-Store,Business Line,Phone,Contract Issue,9,169.78,1440.7,84.43,13,True,-65,1,Billing overcharge not fixed,Negative,0.2988,100,1,160.08,1.3,Bronze,0.3112,2022-08-26
CUST00060,Northeast,Standard,2-Year,Manual-Online,Home Internet,In-Store,Speed Issue,70,122.2,8540.77,19.39,13,True,25,5,Agent went above and beyond,Positive,0.9756,41.0,0,122.01,0.1831,Platinum,0.8688,2023-07-27
CUST00061,Northeast,Premium,Month-to-Month,Mail,Home Internet,Phone,No Issue,47,51.85,2405.6,65.79,11,True,1,3,Issue eventually resolved,Neutral,0.5847,100,1,51.18,0.2292,Gold,0.6268,2024-07-20
CUST00062,Northeast,Standard,2-Year,Auto-Pay,Smartphone,Email,Network Outage,17,203.13,3076.95,99.75,6,True,-41,3,Waited longer than expected,Neutral,0.3009,100,1,181.0,0.3333,Silver,0.5533,2022-10-24
CUST00063,Southeast,Premium,Month-to-Month,Auto-Pay,Smartphone,Phone,Billing Dispute,46,203.79,8414.28,39.53,5,True,-87,2,No accountability at all,Negative,0.0341,100,1,182.92,0.1064,Gold,0.3728,2022-05-11
CUST00064,West,Enterprise,1-Year,Auto-Pay,Home Internet,App,Network Outage,79,39.53,3143.62,104.17,9,False,64,1,Problem kept recurring,Negative,0.2542,100,1,39.79,0.1125,Platinum,0.487,2024-05-23
CUST00065,Northeast,Enterprise,2-Year,Mail,Smartphone,Chat,Speed Issue,78,62.62,4274.98,75.29,10,False,52,5,Outstanding customer care,Positive,0.7815,29.6,0,54.81,0.1266,Platinum,0.866,2024-05-31
CUST00066,Northeast,Basic,2-Year,Manual-Online,Home Internet,In-Store,Network Outage,53,104.55,5212.56,50.5,3,True,9,3,Nothing exceptional,Neutral,0.5861,84.2,1,98.35,0.0556,Gold,0.6408,2024-08-29
CUST00067,Northeast,Basic,Month-to-Month,Auto-Pay,Home Internet,Chat,Contract Issue,48,208.58,9624.12,70.79,10,True,5,3,Got what I needed but took a while,Neutral,0.5604,99.0,1,200.5,0.2041,Gold,0.6338,2022-04-16
CUST00068,Midwest,Premium,1-Year,Auto-Pay,Business Line,App,Network Outage,20,174.47,3122.49,13.88,11,True,95,3,Got what I needed but took a while,Neutral,0.5535,83.0,1,156.12,0.5238,Silver,0.7913,2022-02-23
CUST00069,Southwest,Premium,Month-to-Month,Manual-Online,Hotspot,Email,Speed Issue,45,31.33,1443.65,68.39,12,True,-64,1,No accountability at all,Negative,0.0645,100,1,32.08,0.2609,Gold,0.313,2024-05-09
CUST00070,West,Premium,Month-to-Month,In-Store,Hotspot,Email,No Issue,73,161.16,12078.43,19.51,1,True,-31,4,Agent went above and beyond,Positive,0.7943,58.2,0,165.46,0.0135,Platinum,0.6707,2024-06-24
CUST00071,West,Premium,Month-to-Month,Auto-Pay,Hotspot,In-Store,Billing Dispute,37,179.2,6422.38,63.71,9,True,-44,4,Very happy with service,Positive,0.6031,76.8,1,173.58,0.2368,Gold,0.648,2023-09-10
CUST00072,Southeast,Standard,1-Year,In-Store,Hotspot,Chat,Billing Dispute,64,194.33,11008.58,46.24,7,True,-82,4,Very happy with service,Positive,0.7745,80.4,1,172.01,0.1077,Platinum,0.5815,2024-07-30
CUST00073,Northeast,Premium,2-Year,Mail,Business Line,In-Store,Contract Issue,82,121.88,8725.25,3.48,10,True,58,4,Highly satisfied with resolution,Positive,0.6353,58.4,0,106.41,0.1205,Platinum,0.8265,2022-08-05
CUST00074,Southeast,Enterprise,2-Year,Mail,Business Line,Chat,Device Problem,40,194.07,6942.38,93.72,2,True,35,5,Problem resolved quickly,Positive,0.9624,17.0,0,173.56,0.0488,Gold,0.8862,2023-12-17
CUST00075,Midwest,Standard,Month-to-Month,Auto-Pay,Tablet,Email,Network Outage,23,162.52,3745.6,79.01,5,False,18,5,Very professional support team,Positive,0.7796,26.4,0,162.85,0.2083,Silver,0.8065,2023-10-24
CUST00076,Midwest,Standard,1-Year,Auto-Pay,Home Internet,In-Store,Contract Issue,39,205.18,7748.23,42.88,2,True,18,4,Very happy with service,Positive,0.6228,50.4,0,198.67,0.05,Gold,0.7565,2023-08-11
CUST00077,Northeast,Basic,2-Year,Mail,Home Internet,App,Plan Change,6,128.93,782.83,78.57,10,False,28,2,Problem kept recurring,Negative,0.0311,100,1,130.47,1.4286,Bronze,0.524,2023-12-05
CUST00078,Northeast,Standard,Month-to-Month,Manual-Online,Home Internet,In-Store,Plan Change,67,164.15,10148.78,110.23,12,False,98,3,Service was okay,Neutral,0.5368,84.4,1,151.47,0.1765,Platinum,0.7465,2023-11-17
CUST00079,Northeast,Premium,Month-to-Month,Mail,Hotspot,Email,Contract Issue,78,222.11,15880.96,70.35,4,True,-21,4,Agent was very helpful,Positive,0.838,62.2,0,203.6,0.0506,Platinum,0.6883,2022-06-23
CUST00080,Midwest,Enterprise,2-Year,In-Store,Tablet,App,Billing Dispute,83,177.49,14020.1,3.17,9,True,-46,3,Could be improved,Neutral,0.3576,100,1,168.92,0.1071,Platinum,0.5445,2022-10-09
CUST00081,Southeast,Basic,1-Year,Auto-Pay,Business Line,App,No Issue,68,38.29,2388.53,92.19,4,False,-61,2,Will consider switching providers,Negative,0.2427,100,1,35.13,0.058,Platinum,0.3683,2022-12-06
CUST00082,West,Basic,1-Year,In-Store,Tablet,In-Store,Plan Change,37,195.52,7283.14,28.85,7,True,100,4,Problem resolved quickly,Positive,0.7471,44.0,0,196.84,0.1842,Gold,0.9,2024-06-21
CUST00083,West,Premium,1-Year,Mail,Tablet,Phone,No Issue,78,60.44,4242.89,77.3,11,True,82,5,Excellent support experience,Positive,0.714,25.6,0,54.4,0.1392,Platinum,0.9685,2022-11-25
CUST00084,Midwest,Enterprise,2-Year,Manual-Online,Home Internet,Chat,Network Outage,58,224.61,13497.6,50.37,12,True,-40,4,Highly satisfied with resolution,Positive,0.6898,82.0,1,232.72,0.2034,Gold,0.655,2023-10-15
CUST00085,Northeast,Premium,Month-to-Month,Manual-Online,Smartphone,Email,No Issue,61,183.13,9805.38,84.96,14,True,-80,1,Poor network reliability,Negative,0.1646,100,1,160.74,0.2258,Platinum,0.285,2024-12-16
CUST00086,West,Basic,1-Year,Manual-Online,Hotspot,Chat,Billing Dispute,31,122.35,3826.15,55.4,3,False,52,5,Very happy with service,Positive,0.8528,15.6,0,123.42,0.0938,Silver,0.866,2023-05-11
CUST00087,Southeast,Premium,1-Year,Auto-Pay,Business Line,Email,Network Outage,74,121.63,8846.48,11.19,11,True,34,5,Great network coverage,Positive,0.9146,35.2,0,119.55,0.1467,Platinum,0.8845,2024-11-05
CUST00088,Southwest,Basic,1-Year,Mail,Smartphone,In-Store,Speed Issue,33,194.4,5911.09,9.04,7,True,97,5,Highly satisfied with resolution,Positive,0.6534,14.6,0,179.12,0.2059,Silver,0.9948,2023-12-23
CUST00089,Southwest,Premium,2-Year,Manual-Online,Home Internet,In-Store,Contract Issue,24,208.52,4316.97,93.37,14,True,-25,2,Agent was unhelpful,Negative,0.2657,100,1,179.87,0.56,Silver,0.4812,2023-10-09
CUST00090,Midwest,Enterprise,2-Year,Mail,Hotspot,Chat,No Issue,83,72.03,5508.55,93.92,10,True,-69,3,Got what I needed but took a while,Neutral,0.523,100,1,66.37,0.119,Platinum,0.5043,2024-03-02
CUST00091,Midwest,Standard,1-Year,Mail,Hotspot,App,Speed Issue,11,189.95,1809.02,72.69,5,True,-18,1,Billing overcharge not fixed,Negative,0.0919,100,1,164.46,0.4167,Bronze,0.3935,2024-05-22
CUST00092,Southeast,Enterprise,1-Year,Mail,Smartphone,Email,Plan Change,56,90.39,5294.71,113.8,2,False,-7,5,Agent was very helpful,Positive,0.9811,25.4,0,94.55,0.0351,Gold,0.7628,2022-10-20
CUST00093,Southwest,Enterprise,Month-to-Month,Manual-Online,Smartphone,Phone,No Issue,83,110.58,8504.2,68.5,4,False,-6,3,Issue eventually resolved,Neutral,0.4722,89.2,1,102.46,0.0476,Platinum,0.5645,2024-12-20
CUST00094,Midwest,Enterprise,1-Year,In-Store,Tablet,Chat,Billing Dispute,24,139.78,3111.16,67.84,8,True,80,4,Problem resolved quickly,Positive,0.9985,50.0,0,129.63,0.32,Silver,0.865,2023-08-08
CUST00095,West,Standard,Month-to-Month,Manual-Online,Smartphone,In-Store,Network Outage,57,249.39,14387.27,116.14,10,True,81,1,Billing overcharge not fixed,Negative,0.2674,100,1,252.41,0.1724,Gold,0.5667,2022-11-19
CUST00096,Southeast,Premium,2-Year,Manual-Online,Smartphone,Phone,No Issue,18,82.07,1401.63,43.95,11,False,41,2,Issue still not resolved,Negative,0.0197,100,1,77.87,0.5789,Silver,0.5468,2024-03-26
CUST00097,West,Enterprise,1-Year,Auto-Pay,Tablet,Email,Contract Issue,10,128.98,1271.77,42.0,5,True,10,5,Very happy with service,Positive,0.9326,28.0,0,127.18,0.4545,Bronze,0.8425,2024-11-27
CUST00098,Southeast,Premium,Month-to-Month,Manual-Online,Hotspot,Phone,Speed Issue,67,226.87,15491.93,30.82,8,True,60,3,Issue eventually resolved,Neutral,0.4508,84.0,1,231.22,0.1176,Platinum,0.73,2022-12-12
CUST00099,Southwest,Standard,Month-to-Month,In-Store,Business Line,Chat,No Issue,4,47.86,199.04,92.75,8,True,96,5,Agent went above and beyond,Positive,0.8472,16.8,0,49.76,1.6,Bronze,0.993,2022-03-04
CUST00100,West,Premium,2-Year,In-Store,Home Internet,Phone,No Issue,52,95.43,4290.43,8.13,14,False,23,4,Very professional support team,Positive,0.6575,73.4,0,82.51,0.2642,Gold,0.7152,2023-10-16
CUST00101,Midwest,Enterprise,Month-to-Month,In-Store,Business Line,App,Billing Dispute,41,83.17,2982.03,54.5,4,True,-88,3,Waited longer than expected,Neutral,0.4254,100,1,72.73,0.0952,Gold,0.471,2022-11-24
CUST00102,Midwest,Premium,Month-to-Month,Manual-Online,Home Internet,App,Device Problem,64,223.39,13574.59,11.72,12,False,-39,2,Very disappointed with service,Negative,0.0152,100,1,212.1,0.1846,Platinum,0.4068,2024-10-10
CUST00103,Southwest,Enterprise,1-Year,Auto-Pay,Smartphone,In-Store,Network Outage,34,190.04,6479.27,44.55,12,True,45,5,Problem resolved quickly,Positive,0.745,35.0,0,190.57,0.3429,Silver,0.9038,2023-08-15
CUST00104,Northeast,Enterprise,2-Year,Mail,Business Line,Email,No Issue,80,179.68,12559.81,117.03,12,True,-14,5,Highly satisfied with resolution,Positive,0.902,46.8,0,157.0,0.1481,Platinum,0.8005,2023-02-12
CUST00105,Southwest,Enterprise,2-Year,Auto-Pay,Smartphone,Chat,Network Outage,43,206.86,8484.62,18.72,4,True,56,3,Waited longer than expected,Neutral,0.5218,76.8,0,197.32,0.0909,Gold,0.723,2023-09-05
CUST00106,Southwest,Premium,2-Year,Mail,Business Line,Email,Device Problem,3,111.03,328.01,117.61,9,True,52,4,Outstanding customer care,Positive,0.9868,57.6,0,109.34,2.25,Bronze,0.816,2023-04-12
CUST00107,Northeast,Enterprise,Month-to-Month,Mail,Tablet,Phone,Billing Dispute,74,238.6,15396.01,3.25,10,False,-62,4,Agent went above and beyond,Positive,0.8007,82.4,1,208.05,0.1333,Platinum,0.5665,2024-08-23
CUST00108,Northeast,Standard,2-Year,Manual-Online,Business Line,Email,Contract Issue,62,145.59,8239.02,21.61,10,True,73,3,Expected better response time,Neutral,0.5872,85.4,1,132.89,0.1587,Platinum,0.7528,2023-07-26
CUST00109,Southwest,Premium,Month-to-Month,In-Store,Hotspot,Phone,Contract Issue,63,99.74,5779.43,112.11,8,True,-69,5,Great network coverage,Positive,0.7519,49.8,0,91.74,0.125,Platinum,0.7043,2024-03-19
CUST00110,Midwest,Standard,1-Year,Auto-Pay,Hotspot,Chat,Speed Issue,57,174.3,9929.81,26.46,8,True,-65,1,Will consider switching providers,Negative,0.0718,100,1,174.21,0.1379,Gold,0.3112,2022-04-14
CUST00111,Southwest,Standard,2-Year,Manual-Online,Smartphone,Chat,Device Problem,43,187.81,7026.85,92.72,0,True,4,4,Seamless experience overall,Positive,0.8602,49.2,0,163.42,0.0,Gold,0.732,2023-08-12
CUST00112,Midwest,Premium,2-Year,Auto-Pay,Smartphone,App,Network Outage,69,192.5,13549.03,5.44,5,False,-55,1,Worst customer service experience,Negative,0.2364,100,1,196.36,0.0714,Platinum,0.2787,2023-01-17
CUST00113,Midwest,Basic,Month-to-Month,In-Store,Business Line,App,Billing Dispute,43,92.59,4171.76,65.65,15,True,29,4,Excellent support experience,Positive,0.7323,74.2,0,97.02,0.3409,Gold,0.7758,2024-07-28
CUST00114,Midwest,Standard,Month-to-Month,In-Store,Hotspot,App,Contract Issue,25,68.6,1751.41,107.75,13,True,-78,4,Agent was very helpful,Positive,0.9927,91.6,1,70.06,0.5,Silver,0.5885,2024-09-04
CUST00115,Midwest,Standard,Month-to-Month,In-Store,Home Internet,Phone,Device Problem,35,239.88,7643.45,87.02,0,True,67,3,Service was okay,Neutral,0.5003,66.6,1,218.38,0.0,Silver,0.7422,2024-08-11
CUST00116,Midwest,Standard,1-Year,In-Store,Smartphone,Email,Speed Issue,79,78.58,6465.27,57.9,14,True,6,5,Seamless experience overall,Positive,0.9029,46.8,0,81.84,0.175,Platinum,0.8355,2023-03-24
CUST00117,Southeast,Basic,2-Year,Mail,Business Line,Email,Billing Dispute,73,54.68,4054.53,108.44,6,True,-58,3,Could be improved,Neutral,0.3349,100,1,55.54,0.0811,Platinum,0.5235,2023-02-25
CUST00118,Southwest,Enterprise,Month-to-Month,Mail,Smartphone,In-Store,Network Outage,66,121.38,7712.93,67.5,9,True,1,3,Expected better response time,Neutral,0.4735,97.8,1,116.86,0.1343,Platinum,0.6268,2022-04-03
CUST00119,West,Premium,2-Year,Auto-Pay,Business Line,Chat,Billing Dispute,61,36.97,2101.31,92.51,13,True,-3,4,Agent went above and beyond,Positive,0.7503,76.6,1,34.45,0.2097,Platinum,0.7198,2022-09-30
CUST00120,Midwest,Basic,Month-to-Month,Mail,Business Line,Phone,Contract Issue,29,213.65,6203.51,117.44,14,False,36,4,Problem resolved quickly,Positive,0.7843,70.8,1,213.91,0.4667,Silver,0.738,2022-11-14
CUST00121,Midwest,Standard,2-Year,Auto-Pay,Smartphone,In-Store,Plan Change,3,82.94,214.85,71.68,14,True,-38,1,Agent was unhelpful,Negative,0.1619,100,1,71.62,3.5,Bronze,0.3585,2022-04-26
CUST00122,Southeast,Premium,Month-to-Month,In-Store,Business Line,App,No Issue,42,82.11,3535.7,118.3,7,False,-24,3,Waited longer than expected,Neutral,0.5639,98.8,1,84.18,0.1628,Gold,0.533,2022-12-25
CUST00123,West,Enterprise,Month-to-Month,In-Store,Home Internet,App,Speed Issue,54,119.81,5887.32,22.88,15,True,-43,3,Average experience,Neutral,0.5417,100,1,109.02,0.2727,Gold,0.5497,2022-04-29
CUST00124,Southwest,Enterprise,1-Year,Manual-Online,Home Internet,Phone,Speed Issue,27,102.65,2399.65,54.52,11,True,37,2,Worst customer service experience,Negative,0.2021,100,1,88.88,0.3929,Silver,0.5897,2022-03-22
CUST00125,Northeast,Standard,2-Year,Manual-Online,Home Internet,Phone,No Issue,43,96.69,4289.88,26.21,6,True,91,4,Problem resolved quickly,Positive,0.8783,43.8,0,99.76,0.1364,Gold,0.8842,2023-02-23
CUST00126,West,Standard,2-Year,In-Store,Hotspot,In-Store,Device Problem,69,172.71,10864.53,43.8,15,False,-75,4,Highly satisfied with resolution,Positive,0.9657,95.0,1,157.46,0.2143,Platinum,0.5438,2024-01-30
CUST00127,Midwest,Enterprise,Month-to-Month,Manual-Online,Tablet,Chat,Speed Issue,71,235.64,16158.74,50.69,4,True,-16,2,Agent was unhelpful,Negative,0.1498,100,1,227.59,0.0556,Platinum,0.497,2023-11-23
CUST00128,Midwest,Enterprise,2-Year,Mail,Home Internet,Phone,Contract Issue,46,67.23,3074.22,59.11,1,True,-81,1,Worst customer service experience,Negative,0.0412,100,1,66.83,0.0213,Gold,0.2833,2023-04-19
CUST00129,Northeast,Standard,Month-to-Month,Manual-Online,Business Line,In-Store,Speed Issue,8,165.91,1305.18,74.37,15,False,-96,1,Worst customer service experience,Negative,0.0036,100,1,163.15,1.6667,Bronze,0.207,2024-12-20
CUST00130,Midwest,Premium,Month-to-Month,Mail,Tablet,Chat,Billing Dispute,68,62.75,3790.74,63.65,11,True,1,1,Worst customer service experience,Negative,0.1377,100,1,55.75,0.1594,Platinum,0.4267,2023-05-14
CUST00131,Southeast,Premium,2-Year,Auto-Pay,Smartphone,Chat,Device Problem,49,112.97,5232.19,76.77,5,True,27,4,Highly satisfied with resolution,Positive,0.8263,54.6,0,106.78,0.1,Gold,0.7722,2022-07-15
CUST00132,Southwest,Basic,Month-to-Month,Manual-Online,Business Line,In-Store,Speed Issue,6,233.31,1381.5,34.36,1,True,-20,1,Will consider switching providers,Negative,0.0433,100,1,230.25,0.1429,Bronze,0.39,2024-03-26
CUST00133,Northeast,Premium,Month-to-Month,Manual-Online,Business Line,In-Store,Contract Issue,70,102.97,7215.99,17.65,2,True,-87,1,Issue still not resolved,Negative,0.1022,100,1,103.09,0.0282,Platinum,0.2727,2024-03-23
CUST00134,Midwest,Basic,2-Year,In-Store,Home Internet,In-Store,Network Outage,46,151.66,6453.73,23.1,12,True,97,5,Outstanding customer care,Positive,0.9192,24.6,0,140.3,0.2553,Gold,0.9948,2022-05-31
CUST00135,Northeast,Premium,Month-to-Month,Mail,Tablet,In-Store,Speed Issue,47,53.43,2137.14,37.68,11,True,-74,2,Worst customer service experience,Negative,0.1347,100,1,45.47,0.2292,Gold,0.3955,2024-11-15
CUST00136,West,Basic,Month-to-Month,Auto-Pay,Hotspot,App,Billing Dispute,77,161.56,11381.29,46.84,9,False,-1,1,No accountability at all,Negative,0.2716,100,1,147.81,0.1154,Platinum,0.3732,2023-05-13
CUST00137,Southwest,Standard,2-Year,Mail,Tablet,Phone,Speed Issue,39,89.04,3053.03,20.9,8,False,-24,4,Highly satisfied with resolution,Positive,0.7007,70.8,1,78.28,0.2,Gold,0.633,2023-05-21
CUST00138,West,Standard,1-Year,Auto-Pay,Tablet,Email,Billing Dispute,51,103.08,5120.6,96.69,10,False,-15,4,Very professional support team,Positive,0.6544,73.0,1,100.4,0.1923,Gold,0.6488,2023-10-19
CUST00139,Southwest,Standard,1-Year,In-Store,Tablet,In-Store,Speed Issue,38,191.66,7112.51,116.16,7,True,-4,3,Got what I needed but took a while,Neutral,0.4095,94.8,1,187.17,0.1795,Gold,0.618,2023-02-14
CUST00140,Southwest,Standard,2-Year,Auto-Pay,Home Internet,Phone,Device Problem,38,212.87,6987.59,101.89,13,False,-65,3,Average experience,Neutral,0.5146,100,1,183.88,0.3333,Gold,0.4612,2024-02-12
CUST00141,Northeast,Enterprise,2-Year,Mail,Business Line,In-Store,Plan Change,65,233.16,15518.02,50.78,1,True,79,5,Very professional support team,Positive,0.8553,6.2,0,238.74,0.0152,Platinum,0.9632,2022-06-24
CUST00142,Northeast,Standard,2-Year,In-Store,Tablet,App,Billing Dispute,73,246.38,17724.85,48.55,10,False,-73,1,Agent was unhelpful,Negative,0.1532,100,1,242.81,0.1351,Platinum,0.2473,2024-11-28
CUST00143,Southwest,Standard,1-Year,In-Store,Home Internet,In-Store,No Issue,76,181.89,12166.86,119.73,15,True,-25,4,Excellent support experience,Positive,0.6464,85.0,1,160.09,0.1948,Platinum,0.6813,2022-10-18
CUST00144,Midwest,Premium,1-Year,Mail,Tablet,App,Device Problem,45,134.75,5685.57,83.91,10,True,-24,1,Issue still not resolved,Negative,0.0068,100,1,126.35,0.2174,Gold,0.383,2023-12-04
CUST00145,Northeast,Standard,2-Year,Manual-Online,Business Line,Phone,Plan Change,21,102.81,2019.27,55.98,12,True,-53,4,Very professional support team,Positive,0.9532,84.6,1,96.16,0.5455,Silver,0.6322,2024-07-09
CUST00146,Southwest,Enterprise,1-Year,Auto-Pay,Tablet,Phone,Speed Issue,9,157.01,1427.08,64.89,11,True,-50,4,Seamless experience overall,Positive,0.8111,82.0,1,158.56,1.1,Bronze,0.6375,2023-10-04
CUST00147,Southwest,Enterprise,2-Year,Mail,Business Line,Chat,Speed Issue,46,216.0,9672.42,97.83,9,True,72,2,Agent was unhelpful,Negative,0.0916,100,1,210.27,0.1915,Gold,0.651,2023-01-10
CUST00148,Midwest,Standard,2-Year,Mail,Home Internet,App,Network Outage,74,114.41,7510.92,76.62,5,True,25,3,Nothing exceptional,Neutral,0.5526,85.0,1,101.5,0.0667,Platinum,0.6687,2022-04-20
CUST00149,Midwest,Basic,1-Year,Manual-Online,Tablet,In-Store,Plan Change,65,173.67,10518.97,59.52,14,False,-58,1,Agent was unhelpful,Negative,0.0876,100,1,161.83,0.2121,Platinum,0.2735,2023-07-17
CUST00150,Southeast,Premium,Month-to-Month,Mail,Business Line,In-Store,Plan Change,66,54.9,3162.65,93.24,11,True,94,4,Great network coverage,Positive,0.6874,53.2,0,47.92,0.1642,Platinum,0.8895,2024-05-20
CUST00151,Northeast,Standard,1-Year,Auto-Pay,Home Internet,Email,Speed Issue,12,126.59,1593.2,93.3,7,True,88,5,Highly satisfied with resolution,Positive,0.9444,16.4,0,132.77,0.5385,Silver,0.979,2024-05-26
CUST00152,Southeast,Standard,Month-to-Month,Manual-Online,Smartphone,App,Speed Issue,69,91.83,6068.59,39.51,9,True,46,3,Acceptable service,Neutral,0.5956,88.8,1,87.95,0.1286,Platinum,0.7055,2022-07-15
CUST00153,Southeast,Enterprise,Month-to-Month,In-Store,Tablet,Phone,Network Outage,19,186.5,3599.12,91.62,12,False,-64,5,Outstanding customer care,Positive,0.8511,56.8,0,189.43,0.6,Silver,0.663,2024-02-08
CUST00154,West,Basic,2-Year,Auto-Pay,Home Internet,App,Contract Issue,36,182.82,6749.11,55.11,15,True,48,1,Issue still not resolved,Negative,0.2193,100,1,187.48,0.4054,Gold,0.509,2024-07-27
CUST00155,Midwest,Basic,2-Year,Mail,Tablet,In-Store,No Issue,28,138.83,3555.16,34.75,4,False,-13,1,Problem kept recurring,Negative,0.0049,100,1,126.97,0.1379,Silver,0.3523,2022-11-20
CUST00156,West,Enterprise,Month-to-Month,Mail,Tablet,Phone,Contract Issue,39,64.97,2626.43,33.61,11,True,-79,3,Average experience,Neutral,0.3155,100,1,67.34,0.275,Gold,0.4868,2023-09-18
CUST00157,Southeast,Enterprise,2-Year,Auto-Pay,Smartphone,Chat,Network Outage,62,47.14,2831.31,62.81,14,True,-98,3,Got what I needed but took a while,Neutral,0.5082,100,1,45.67,0.2222,Platinum,0.4535,2024-09-05
CUST00158,Northeast,Standard,1-Year,Auto-Pay,Smartphone,Chat,Speed Issue,48,223.81,9426.08,93.04,4,True,-83,5,Very professional support team,Positive,0.6034,44.6,0,196.38,0.0816,Gold,0.6798,2022-12-03
CUST00159,West,Premium,2-Year,Manual-Online,Tablet,In-Store,Plan Change,57,219.18,10835.87,12.96,3,False,-11,4,Highly satisfied with resolution,Positive,0.9164,58.2,0,190.1,0.0517,Gold,0.6558,2023-05-23
CUST00160,Midwest,Basic,Month-to-Month,In-Store,Smartphone,Email,Network Outage,67,163.51,9725.23,47.62,1,True,26,4,Excellent support experience,Positive,0.6964,46.8,0,145.15,0.0147,Platinum,0.7705,2022-05-26
CUST00161,Southwest,Basic,1-Year,In-Store,Tablet,In-Store,No Issue,73,122.58,8583.89,21.56,15,True,-96,5,Outstanding customer care,Positive,0.6863,69.2,0,117.59,0.2027,Platinum,0.657,2022-05-04
CUST00162,West,Premium,2-Year,Mail,Home Internet,In-Store,Billing Dispute,82,148.03,11813.26,34.02,9,True,30,2,Poor network reliability,Negative,0.1609,100,1,144.06,0.1084,Platinum,0.5775,2024-03-11
CUST00163,Southwest,Basic,1-Year,Mail,Tablet,Chat,Network Outage,12,233.41,2445.76,73.86,1,True,70,2,Poor network reliability,Negative,0.2104,98.0,1,203.81,0.0769,Silver,0.6475,2022-12-02
CUST00164,West,Premium,2-Year,In-Store,Tablet,Email,Network Outage,35,191.24,5847.43,108.09,10,False,-31,5,Excellent support experience,Positive,0.7052,46.2,0,167.07,0.2778,Silver,0.7208,2022-06-07
CUST00165,West,Enterprise,2-Year,In-Store,Smartphone,In-Store,No Issue,73,66.7,4291.93,93.03,3,True,89,5,Very happy with service,Positive,0.6176,8.2,0,58.79,0.0405,Platinum,0.9808,2022-01-26
CUST00166,Southeast,Basic,1-Year,In-Store,Home Internet,Phone,Network Outage,5,151.62,782.96,89.14,13,True,-18,2,Terrible wait times,Negative,0.0814,100,1,156.59,2.1667,Bronze,0.4935,2022-06-09
CUST00167,Southwest,Premium,Month-to-Month,Auto-Pay,Tablet,Phone,No Issue,67,245.9,17147.75,9.2,14,True,98,3,Acceptable service,Neutral,0.437,88.4,1,255.94,0.2059,Platinum,0.7965,2024-01-26
CUST00168,Southeast,Premium,2-Year,In-Store,Business Line,Phone,Device Problem,48,160.16,7293.09,92.94,6,True,-62,1,Very disappointed with service,Negative,0.0699,100,1,151.94,0.1224,Gold,0.3165,2023-12-11
CUST00169,Northeast,Premium,Month-to-Month,Mail,Hotspot,Chat,Network Outage,68,246.28,15641.12,115.38,4,True,-77,1,No accountability at all,Negative,0.1239,100,1,230.02,0.058,Platinum,0.2903,2024-02-02
CUST00170,West,Basic,2-Year,Auto-Pay,Business Line,Phone,Contract Issue,51,46.45,2282.64,52.76,4,True,-26,3,Got what I needed but took a while,Neutral,0.5102,93.2,1,44.76,0.0769,Gold,0.5795,2023-10-31
CUST00171,Midwest,Enterprise,1-Year,Manual-Online,Smartphone,Phone,Network Outage,75,53.96,3525.47,54.5,10,False,-70,5,Highly satisfied with resolution,Positive,0.9859,54.0,0,47.01,0.1316,Platinum,0.6525,2023-03-02
CUST00172,West,Premium,1-Year,In-Store,Smartphone,Chat,Network Outage,39,211.8,8172.44,5.8,10,True,-77,2,Worst customer service experience,Negative,0.154,100,1,209.55,0.25,Gold,0.3902,2023-09-05
CUST00173,Midwest,Standard,Month-to-Month,Mail,Home Internet,App,Contract Issue,71,84.96,5684.76,96.66,4,True,-97,1,Agent was unhelpful,Negative,0.0392,100,1,80.07,0.0556,Platinum,0.2552,2024-03-31
CUST00174,Midwest,Basic,2-Year,In-Store,Smartphone,Chat,Billing Dispute,26,228.54,5577.71,16.33,10,True,-90,4,Very professional support team,Positive,0.7733,88.0,1,214.53,0.3704,Silver,0.5675,2024-03-19
CUST00175,West,Basic,1-Year,Mail,Tablet,Email,Network Outage,24,90.49,2039.72,18.69,7,True,27,4,Great network coverage,Positive,0.7916,58.6,0,84.99,0.28,Silver,0.7722,2022-06-29
CUST00176,Midwest,Enterprise,Month-to-Month,Mail,Tablet,App,Network Outage,81,248.69,19312.58,3.32,12,True,22,5,Seamless experience overall,Positive,0.7376,39.6,0,238.43,0.1463,Platinum,0.8635,2024-10-25
CUST00177,Midwest,Enterprise,1-Year,Manual-Online,Smartphone,Email,Plan Change,29,36.44,1069.59,34.43,15,True,96,5,Problem resolved quickly,Positive,0.9896,30.8,0,36.88,0.5,Silver,0.993,2022-07-25
CUST00178,Southeast,Standard,1-Year,Auto-Pay,Tablet,App,No Issue,50,108.05,5498.9,101.58,5,True,51,3,Nothing exceptional,Neutral,0.5742,79.8,1,109.98,0.098,Gold,0.7143,2022-02-27
CUST00179,Midwest,Standard,2-Year,Manual-Online,Home Internet,App,Speed Issue,23,137.89,2753.0,28.68,7,True,34,4,Very happy with service,Positive,0.7327,57.2,0,119.7,0.2917,Silver,0.7845,2023-02-17
CUST00180,Southeast,Premium,2-Year,Manual-Online,Hotspot,Chat,Billing Dispute,19,159.04,3122.82,93.15,11,True,-5,4,Highly satisfied with resolution,Positive,0.7207,73.0,1,164.36,0.55,Silver,0.7163,2022-10-07
CUST00181,Southeast,Enterprise,2-Year,Mail,Hotspot,Phone,Contract Issue,72,182.57,13615.23,94.65,7,True,-4,3,Decent support,Neutral,0.3382,94.8,1,189.1,0.0959,Platinum,0.618,2022-01-04
CUST00182,Southwest,Enterprise,2-Year,Auto-Pay,Tablet,App,Speed Issue,79,78.59,5979.57,112.47,4,True,90,1,Terrible wait times,Negative,0.0504,100,1,75.69,0.05,Platinum,0.5825,2022-07-01
CUST00183,Midwest,Enterprise,Month-to-Month,In-Store,Tablet,Phone,Contract Issue,9,107.1,971.04,86.73,1,False,12,4,Agent was very helpful,Positive,0.9538,49.6,0,107.89,0.1,Bronze,0.696,2024-10-06
CUST00184,West,Premium,2-Year,Mail,Smartphone,In-Store,No Issue,74,173.2,12655.72,20.36,2,True,-25,1,Issue still not resolved,Negative,0.0223,100,1,171.02,0.0267,Platinum,0.3812,2022-12-15
CUST00185,West,Standard,2-Year,Auto-Pay,Business Line,Chat,Speed Issue,77,246.75,19544.0,84.84,13,True,55,4,Agent was very helpful,Positive,0.6214,65.0,0,253.82,0.1667,Platinum,0.8213,2023-11-10
CUST00186,Southeast,Standard,1-Year,In-Store,Hotspot,Email,Network Outage,13,40.91,512.87,100.94,4,True,-8,1,Billing overcharge not fixed,Negative,0.2472,100,1,39.45,0.2857,Silver,0.411,2024-09-10
CUST00187,Southeast,Basic,Month-to-Month,Manual-Online,Tablet,Email,Billing Dispute,61,215.62,11991.04,48.3,15,True,-77,5,Highly satisfied with resolution,Positive,0.9542,65.4,1,196.57,0.2419,Platinum,0.6903,2024-01-27
CUST00188,Southeast,Enterprise,Month-to-Month,In-Store,Home Internet,In-Store,Speed Issue,29,214.15,5979.63,18.98,3,True,71,3,Got what I needed but took a while,Neutral,0.5912,71.8,1,206.19,0.1,Silver,0.7492,2023-04-11
CUST00189,Southwest,Basic,1-Year,Mail,Business Line,In-Store,Plan Change,31,134.77,3617.16,108.43,1,True,-70,4,Agent was very helpful,Positive,0.9889,66.0,0,116.68,0.0312,Silver,0.6025,2023-01-30
CUST00190,Southeast,Basic,1-Year,Auto-Pay,Home Internet,Phone,No Issue,81,62.52,4907.18,39.05,2,True,-1,5,Agent went above and beyond,Positive,0.8208,24.2,0,60.58,0.0244,Platinum,0.8233,2023-07-20
CUST00191,Southwest,Enterprise,Month-to-Month,Mail,Smartphone,In-Store,Network Outage,19,154.64,2839.84,115.81,3,True,44,1,No accountability at all,Negative,0.264,100,1,149.47,0.15,Silver,0.502,2024-04-21
CUST00192,Midwest,Enterprise,2-Year,Mail,Business Line,App,Device Problem,5,67.87,315.8,74.57,12,True,1,3,Service was okay,Neutral,0.5237,100,1,63.16,2.0,Bronze,0.6268,2023-07-05
CUST00193,Midwest,Basic,1-Year,In-Store,Hotspot,Email,No Issue,63,218.8,13604.79,116.73,7,True,-24,4,Highly satisfied with resolution,Positive,0.7078,68.8,1,215.95,0.1094,Platinum,0.683,2024-05-03
CUST00194,Southwest,Basic,Month-to-Month,Mail,Tablet,In-Store,Contract Issue,63,197.08,12707.04,98.7,5,True,-21,5,Agent went above and beyond,Positive,0.6543,34.2,0,201.7,0.0781,Platinum,0.7883,2024-12-09
CUST00195,Southwest,Basic,Month-to-Month,Manual-Online,Tablet,Chat,Network Outage,5,130.41,673.96,84.85,8,True,18,5,Agent went above and beyond,Positive,0.8542,32.4,0,134.79,1.3333,Bronze,0.8565,2022-09-11
CUST00196,Northeast,Standard,1-Year,Mail,Business Line,In-Store,Network Outage,61,159.1,8928.23,20.46,8,True,-28,1,Poor network reliability,Negative,0.2561,100,1,146.36,0.129,Platinum,0.376,2023-03-15
CUST00197,Southeast,Standard,2-Year,Manual-Online,Hotspot,In-Store,Plan Change,3,220.21,689.32,82.18,15,True,65,2,Very disappointed with service,Negative,0.0671,100,1,229.77,3.75,Bronze,0.6387,2023-09-18
CUST00198,Midwest,Enterprise,1-Year,In-Store,Home Internet,Email,Network Outage,60,96.46,5522.11,75.21,3,True,30,3,Waited longer than expected,Neutral,0.4827,80.0,1,92.04,0.0492,Platinum,0.6775,2023-09-04
CUST00199,Northeast,Enterprise,Month-to-Month,In-Store,Hotspot,Email,No Issue,36,87.44,3123.35,107.19,9,True,-62,5,Problem resolved quickly,Positive,0.9599,50.4,0,86.76,0.2432,Gold,0.7165,2024-04-07
CUST00200,Midwest,Standard,2-Year,Auto-Pay,Home Internet,Email,Speed Issue,54,119.0,6408.95,70.38,6,True,85,2,Problem kept recurring,Negative,0.272,100,1,118.68,0.1091,Gold,0.6737,2024-01-05
CUST00201,Southwest,Premium,Month-to-Month,Manual-Online,Hotspot,Chat,Device Problem,17,192.99,3264.55,67.52,5,True,67,1,Agent was unhelpful,Negative,0.2233,100,1,192.03,0.2778,Silver,0.5422,2023-09-21
CUST00202,West,Premium,1-Year,In-Store,Business Line,Email,Device Problem,16,133.51,2185.89,70.45,2,False,-51,5,Excellent support experience,Positive,0.947,34.2,0,136.62,0.1176,Silver,0.6858,2024-02-21
CUST00203,Southwest,Premium,1-Year,Auto-Pay,Tablet,Phone,Network Outage,44,120.01,5089.71,108.89,14,True,-20,2,Problem kept recurring,Negative,0.0998,100,1,115.68,0.3111,Gold,0.49,2022-12-29
CUST00204,Midwest,Basic,Month-to-Month,Mail,Hotspot,Phone,No Issue,22,156.77,3040.89,94.44,2,True,57,4,Agent went above and beyond,Positive,0.7614,42.6,0,138.22,0.087,Silver,0.8248,2024-09-04
CUST00205,West,Basic,Month-to-Month,Manual-Online,Hotspot,Chat,Speed Issue,68,71.92,4818.91,75.58,7,True,77,3,Issue eventually resolved,Neutral,0.4151,78.6,1,70.87,0.1014,Platinum,0.7597,2023-09-19
CUST00206,Southeast,Basic,Month-to-Month,In-Store,Hotspot,In-Store,Contract Issue,67,161.19,9909.48,106.67,4,True,25,3,Average experience,Neutral,0.5844,83.0,1,147.9,0.0588,Platinum,0.6687,2024-04-06
CUST00207,Northeast,Standard,Month-to-Month,Manual-Online,Tablet,Chat,Plan Change,65,67.17,4031.25,78.41,1,False,63,3,Waited longer than expected,Neutral,0.3146,69.4,1,62.02,0.0152,Platinum,0.6852,2022-04-09
CUST00208,Northeast,Basic,Month-to-Month,Auto-Pay,Home Internet,In-Store,Device Problem,16,150.39,2273.61,19.22,0,True,7,1,Billing overcharge not fixed,Negative,0.1868,100,1,142.1,0.0,Silver,0.4373,2022-10-08
CUST00209,West,Basic,2-Year,Auto-Pay,Hotspot,Chat,No Issue,14,139.49,1897.79,93.58,6,True,80,4,Outstanding customer care,Positive,0.6641,46.0,0,135.56,0.4,Silver,0.865,2024-10-13
CUST00210,Southeast,Enterprise,1-Year,Manual-Online,Smartphone,Chat,Contract Issue,12,229.5,2800.95,80.61,4,True,99,5,Excellent support experience,Positive,0.8894,8.2,0,233.41,0.3077,Silver,0.9983,2022-07-27
CUST00211,Midwest,Standard,1-Year,In-Store,Hotspot,In-Store,Billing Dispute,13,208.89,2782.99,102.42,11,True,9,1,Very disappointed with service,Negative,0.0029,100,1,214.08,0.7857,Silver,0.4407,2022-10-11
CUST00212,Southeast,Premium,1-Year,Mail,Business Line,Email,Contract Issue,12,111.97,1234.19,14.55,12,False,-31,4,Seamless experience overall,Positive,0.92,80.2,1,102.85,0.9231,Silver,0.6208,2022-12-08
CUST00213,Northeast,Standard,2-Year,Auto-Pay,Tablet,Chat,Device Problem,76,136.18,9974.9,53.14,12,True,56,1,Poor network reliability,Negative,0.1449,100,1,131.25,0.1558,Platinum,0.523,2024-09-26
CUST00214,Northeast,Enterprise,1-Year,Auto-Pay,Smartphone,Email,Contract Issue,41,32.71,1372.85,63.45,7,True,32,5,Very professional support team,Positive,0.6381,27.6,0,33.48,0.1667,Gold,0.881,2023-05-25
CUST00215,West,Premium,2-Year,Mail,Tablet,App,Plan Change,7,32.55,236.25,61.16,15,False,-58,1,Terrible wait times,Negative,0.0723,100,1,33.75,1.875,Bronze,0.2735,2023-07-24
CUST00216,Northeast,Standard,2-Year,Mail,Home Internet,Phone,Billing Dispute,59,127.71,7268.21,11.47,15,False,-20,1,Very disappointed with service,Negative,0.0308,100,1,123.19,0.25,Gold,0.34,2024-04-24
CUST00217,Northeast,Basic,Month-to-Month,In-Store,Business Line,App,Network Outage,84,177.71,15525.81,44.24,1,True,16,3,Waited longer than expected,Neutral,0.48,78.8,1,184.83,0.0118,Platinum,0.653,2024-01-15
CUST00218,West,Basic,Month-to-Month,Manual-Online,Smartphone,Email,Speed Issue,82,242.17,18038.89,63.12,3,True,-58,4,Agent went above and beyond,Positive,0.6428,67.6,0,219.99,0.0361,Platinum,0.6235,2023-02-06
CUST00219,Southeast,Basic,1-Year,Manual-Online,Home Internet,Phone,Contract Issue,44,53.7,2204.24,111.27,3,False,17,5,Great network coverage,Positive,0.6539,22.6,0,50.1,0.0667,Gold,0.8048,2024-10-18
CUST00220,Northeast,Basic,2-Year,Mail,Business Line,In-Store,Plan Change,23,182.19,3707.35,98.01,3,False,68,5,Very professional support team,Positive,0.9531,12.4,0,161.19,0.125,Silver,0.894,2024-10-29
CUST00221,West,Enterprise,2-Year,Manual-Online,Hotspot,In-Store,Speed Issue,38,129.62,4318.11,50.12,9,True,82,5,Problem resolved quickly,Positive,0.6804,21.6,0,113.63,0.2308,Gold,0.9685,2023-08-19
CUST00222,Midwest,Standard,2-Year,Manual-Online,Business Line,App,Contract Issue,82,100.91,7224.41,42.92,15,False,72,5,Outstanding customer care,Positive,0.951,35.6,0,88.1,0.1807,Platinum,0.901,2024-05-15
CUST00223,Northeast,Basic,Month-to-Month,Mail,Tablet,Chat,Contract Issue,8,73.97,591.78,20.15,9,True,-63,1,Billing overcharge not fixed,Negative,0.0612,100,1,73.97,1.0,Bronze,0.3147,2022-03-08
CUST00224,Midwest,Enterprise,Month-to-Month,Manual-Online,Business Line,In-Store,Network Outage,66,202.54,13498.17,35.23,1,False,-1,4,Highly satisfied with resolution,Positive,0.9863,52.2,0,204.52,0.0149,Platinum,0.6733,2022-04-21
CUST00225,Northeast,Premium,Month-to-Month,Mail,Tablet,Email,No Issue,76,150.25,11084.17,93.36,6,True,14,2,Issue still not resolved,Negative,0.0561,100,1,145.84,0.0779,Platinum,0.5495,2022-12-22
CUST00226,Southwest,Basic,1-Year,Auto-Pay,Home Internet,Email,Plan Change,34,58.6,1926.25,31.35,10,False,81,2,Terrible wait times,Negative,0.1791,100,1,56.65,0.2857,Silver,0.6167,2023-09-09
CUST00227,West,Premium,Month-to-Month,In-Store,Business Line,Phone,Network Outage,67,44.99,2866.71,50.5,12,True,-11,2,Terrible wait times,Negative,0.0993,100,1,42.79,0.1765,Platinum,0.5058,2023-08-25
CUST00228,Southeast,Enterprise,2-Year,Auto-Pay,Smartphone,Email,Device Problem,31,228.98,6904.88,74.91,1,True,-3,1,No accountability at all,Negative,0.2172,100,1,222.74,0.0312,Silver,0.4197,2022-02-20
CUST00229,Southwest,Premium,2-Year,Mail,Home Internet,Chat,Speed Issue,84,72.34,5789.62,113.84,5,True,60,1,Agent was unhelpful,Negative,0.2595,100,1,68.92,0.0588,Platinum,0.53,2024-05-18
CUST00230,Northeast,Standard,2-Year,Mail,Smartphone,Phone,Billing Dispute,59,187.7,9497.07,9.72,5,True,42,1,Agent was unhelpful,Negative,0.2733,100,1,160.97,0.0833,Gold,0.4985,2024-04-14
CUST00231,West,Enterprise,2-Year,Mail,Home Internet,Email,Billing Dispute,50,178.12,8522.75,77.33,2,True,79,1,No accountability at all,Negative,0.0318,100,1,170.46,0.0392,Gold,0.5633,2023-09-10
CUST00232,Southwest,Basic,1-Year,Mail,Home Internet,In-Store,No Issue,4,134.27,513.82,17.23,12,True,62,2,Terrible wait times,Negative,0.2872,100,1,128.46,2.4,Bronze,0.6335,2022-01-23
CUST00233,Southwest,Standard,Month-to-Month,Auto-Pay,Smartphone,App,Plan Change,51,148.16,7853.84,37.26,11,True,5,5,Agent was very helpful,Positive,0.6644,41.0,0,154.0,0.2115,Gold,0.8337,2023-03-29
CUST00234,Southwest,Premium,Month-to-Month,Auto-Pay,Tablet,App,No Issue,7,217.3,1576.58,119.32,14,True,-26,1,Agent was unhelpful,Negative,0.2177,100,1,225.23,1.75,Bronze,0.3795,2024-09-24
CUST00235,Midwest,Premium,Month-to-Month,Manual-Online,Smartphone,Email,Plan Change,9,228.02,1874.78,54.63,9,True,44,5,Highly satisfied with resolution,Positive,0.9231,29.2,0,208.31,0.9,Bronze,0.902,2024-05-27
CUST00236,Southeast,Basic,1-Year,Manual-Online,Tablet,In-Store,Speed Issue,47,59.54,2788.85,105.47,14,False,-9,3,Issue eventually resolved,Neutral,0.3527,100,1,59.34,0.2917,Gold,0.5593,2022-06-17
CUST00237,Midwest,Standard,2-Year,Manual-Online,Hotspot,Chat,Contract Issue,10,226.25,2307.56,76.16,12,True,-91,5,Outstanding customer care,Positive,0.8174,62.2,0,230.76,1.0909,Bronze,0.6658,2024-08-24
CUST00238,Southeast,Premium,1-Year,Manual-Online,Business Line,Email,Network Outage,60,140.24,7304.63,44.3,0,True,57,2,Poor network reliability,Negative,0.1339,98.6,1,121.74,0.0,Platinum,0.6248,2023-01-02
CUST00239,Southwest,Standard,2-Year,Mail,Hotspot,Chat,Network Outage,63,80.97,4605.65,28.85,6,True,-1,4,Seamless experience overall,Positive,0.9526,62.2,0,73.11,0.0938,Platinum,0.7233,2022-03-23
CUST00240,Midwest,Basic,2-Year,In-Store,Hotspot,App,Plan Change,73,68.24,4885.55,44.47,2,True,-4,2,Terrible wait times,Negative,0.2452,100,1,66.93,0.027,Platinum,0.518,2023-12-08
CUST00241,West,Enterprise,2-Year,Auto-Pay,Business Line,Phone,Device Problem,22,80.59,1689.49,34.42,4,True,-60,3,Issue eventually resolved,Neutral,0.4983,100.0,1,76.8,0.1739,Silver,0.52,2024-04-29
CUST00242,Midwest,Basic,1-Year,Mail,Home Internet,Phone,Plan Change,21,172.39,3374.67,30.0,4,True,-66,5,Very happy with service,Positive,0.9563,41.2,0,160.7,0.1818,Silver,0.7095,2022-10-28
CUST00243,Northeast,Standard,1-Year,Manual-Online,Business Line,In-Store,Plan Change,73,170.27,12749.18,87.63,9,True,-45,4,Seamless experience overall,Positive,0.9469,77.0,1,174.65,0.1216,Platinum,0.6462,2022-12-16
CUST00244,Southeast,Enterprise,2-Year,Manual-Online,Business Line,Phone,Plan Change,66,88.18,5789.83,41.78,14,True,-42,4,Excellent support experience,Positive,0.6066,86.4,1,87.72,0.209,Platinum,0.6515,2024-12-06
CUST00245,Southwest,Enterprise,Month-to-Month,Auto-Pay,Tablet,In-Store,Plan Change,77,38.58,2990.78,60.9,3,True,23,2,No accountability at all,Negative,0.2483,100,1,38.84,0.0385,Platinum,0.5653,2024-06-02
CUST00246,Southwest,Enterprise,1-Year,Auto-Pay,Business Line,In-Store,Network Outage,62,203.69,11697.37,71.1,3,False,-66,3,Expected better response time,Neutral,0.573,99.2,1,188.67,0.0476,Platinum,0.4595,2022-06-21
CUST00247,Midwest,Enterprise,1-Year,Manual-Online,Smartphone,Chat,Plan Change,67,55.91,3189.46,78.89,10,False,-8,1,Will consider switching providers,Negative,0.0761,100,1,47.6,0.1471,Platinum,0.361,2024-05-17
CUST00248,Southwest,Premium,2-Year,In-Store,Home Internet,Phone,Device Problem,71,202.42,13602.83,45.06,15,True,-22,5,Highly satisfied with resolution,Positive,0.9097,54.4,0,191.59,0.2083,Platinum,0.7865,2024-03-26
CUST00249,Southeast,Basic,2-Year,Manual-Online,Home Internet,Phone,Billing Dispute,28,141.83,3999.9,96.3,1,True,-1,1,Poor network reliability,Negative,0.1415,100,1,142.85,0.0345,Silver,0.4233,2024-06-10
CUST00250,Northeast,Basic,1-Year,Manual-Online,Hotspot,Chat,Plan Change,5,189.38,981.12,48.68,9,True,98,2,Problem kept recurring,Negative,0.0032,100,1,196.22,1.5,Bronze,0.6965,2024-11-27
CUST00251,Midwest,Standard,Month-to-Month,Manual-Online,Business Line,Phone,Contract Issue,5,109.13,535.28,117.1,2,True,99,4,Highly satisfied with resolution,Positive,0.8679,34.2,0,107.06,0.3333,Bronze,0.8982,2024-04-10
CUST00252,Southwest,Standard,2-Year,Auto-Pay,Smartphone,Chat,Plan Change,37,189.74,6752.36,70.37,11,True,-43,5,Problem resolved quickly,Positive,0.7819,50.6,0,182.5,0.2895,Gold,0.7498,2024-04-07
CUST00253,Southwest,Basic,1-Year,Manual-Online,Home Internet,App,Billing Dispute,72,45.91,3004.22,113.69,8,True,77,4,Agent went above and beyond,Positive,0.8253,50.6,0,41.73,0.1096,Platinum,0.8598,2023-05-14
CUST00254,Midwest,Enterprise,2-Year,Mail,Business Line,Chat,Device Problem,15,86.71,1205.1,94.85,7,True,-20,4,Great network coverage,Positive,0.8143,68.0,1,80.34,0.4375,Silver,0.69,2023-06-24
CUST00255,Southeast,Premium,Month-to-Month,Mail,Hotspot,Chat,Plan Change,23,134.83,2855.2,107.42,8,True,91,2,Agent was unhelpful,Negative,0.0705,100,1,124.14,0.3333,Silver,0.6843,2023-05-11
CUST00256,Midwest,Standard,Month-to-Month,Manual-Online,Tablet,App,Speed Issue,20,201.36,3519.67,10.34,15,True,95,5,Very happy with service,Positive,0.9392,31.0,0,175.98,0.7143,Silver,0.9912,2024-01-31
CUST00257,Southwest,Premium,1-Year,In-Store,Home Internet,Phone,No Issue,66,91.65,5410.25,69.62,1,False,22,5,Very happy with service,Positive,0.801,17.6,0,81.97,0.0149,Platinum,0.8135,2024-03-17
CUST00258,Southeast,Enterprise,Month-to-Month,Mail,Hotspot,Chat,Billing Dispute,27,113.46,2665.63,44.03,8,True,40,3,Could be improved,Neutral,0.5876,88.0,1,98.73,0.2857,Silver,0.695,2023-12-04
CUST00259,Midwest,Standard,1-Year,Mail,Tablet,In-Store,Contract Issue,48,110.31,4924.87,54.64,4,True,-75,3,Acceptable service,Neutral,0.4297,100,1,102.6,0.0816,Gold,0.4938,2024-02-20
CUST00260,Southeast,Standard,2-Year,Manual-Online,Home Internet,Chat,Network Outage,54,139.9,7925.62,102.08,10,False,-24,3,Waited longer than expected,Neutral,0.3143,100,1,146.77,0.1818,Gold,0.533,2022-07-22
CUST00261,Southeast,Basic,Month-to-Month,In-Store,Home Internet,Chat,Device Problem,43,87.14,3454.98,67.34,8,True,-95,4,Very professional support team,Positive,0.6796,85.0,1,80.35,0.1818,Gold,0.5588,2022-12-24
CUST00262,Midwest,Premium,1-Year,Mail,Home Internet,Chat,Device Problem,79,93.03,7175.5,18.24,5,True,7,5,Very professional support team,Positive,0.7619,28.6,0,90.83,0.0625,Platinum,0.8373,2022-05-27
CUST00263,Northeast,Standard,1-Year,Manual-Online,Hotspot,Email,Contract Issue,38,186.29,6874.27,48.06,14,True,91,5,Great network coverage,Positive,0.9862,29.8,0,180.9,0.359,Gold,0.9843,2024-04-27
CUST00264,Southeast,Standard,Month-to-Month,Manual-Online,Tablet,Email,Contract Issue,11,76.32,780.26,12.37,15,True,-94,4,Excellent support experience,Positive,0.6416,98.8,1,70.93,1.25,Bronze,0.5605,2022-11-15
CUST00265,Northeast,Enterprise,1-Year,Manual-Online,Tablet,Email,Device Problem,81,57.8,4472.75,21.3,1,True,-17,4,Seamless experience overall,Positive,0.99,55.4,0,55.22,0.0122,Platinum,0.6953,2023-07-12
CUST00266,Southwest,Enterprise,Month-to-Month,Manual-Online,Business Line,App,Device Problem,81,194.75,16176.36,52.76,9,True,23,5,Problem resolved quickly,Positive,0.9219,33.4,0,199.71,0.1098,Platinum,0.8653,2024-06-23
CUST00267,Midwest,Premium,1-Year,In-Store,Tablet,Email,Billing Dispute,1,145.12,145.36,17.22,9,False,36,1,Problem kept recurring,Negative,0.2841,100,1,145.36,4.5,Bronze,0.438,2024-09-04
CUST00268,Midwest,Basic,1-Year,In-Store,Business Line,Phone,No Issue,1,150.6,133.69,105.98,13,False,-37,2,Worst customer service experience,Negative,0.2485,100,1,133.69,6.5,Bronze,0.4103,2023-03-28
CUST00269,Midwest,Basic,1-Year,Manual-Online,Business Line,App,No Issue,35,92.62,3237.11,97.25,13,True,-83,2,Issue still not resolved,Negative,0.1911,100,1,92.49,0.3611,Silver,0.3798,2024-07-16
CUST00270,Midwest,Enterprise,Month-to-Month,In-Store,Smartphone,Phone,Billing Dispute,69,34.86,2512.3,34.57,4,False,86,1,Poor network reliability,Negative,0.0044,100,1,36.41,0.0571,Platinum,0.5255,2023-03-21
CUST00271,Midwest,Enterprise,1-Year,Mail,Hotspot,In-Store,Contract Issue,5,102.64,522.8,114.25,1,True,98,4,Excellent support experience,Positive,0.8173,32.4,0,104.56,0.1667,Bronze,0.8965,2023-01-07
CUST00272,Southeast,Premium,1-Year,Auto-Pay,Smartphone,Phone,Device Problem,57,84.37,5044.29,24.7,3,True,21,4,Outstanding customer care,Positive,0.9745,51.8,0,88.5,0.0517,Gold,0.7618,2022-11-21
CUST00273,Northeast,Basic,1-Year,Mail,Hotspot,Phone,Speed Issue,7,219.99,1376.02,14.44,13,True,-97,2,Will consider switching providers,Negative,0.0359,100,1,196.57,1.625,Bronze,0.3553,2023-05-13
CUST00274,Northeast,Basic,2-Year,Mail,Business Line,Phone,Speed Issue,12,84.71,965.68,82.63,10,True,-85,3,Acceptable service,Neutral,0.5374,100,1,80.47,0.7692,Silver,0.4763,2022-09-15
CUST00275,West,Standard,1-Year,In-Store,Home Internet,Phone,Billing Dispute,49,108.79,4674.75,107.94,15,False,43,3,Could be improved,Neutral,0.3569,100,1,95.4,0.3,Gold,0.6502,2023-01-18
CUST00276,Southwest,Premium,1-Year,Mail,Hotspot,App,No Issue,71,65.27,4431.32,54.48,8,True,16,1,No accountability at all,Negative,0.1137,100,1,62.41,0.1111,Platinum,0.453,2023-01-15
CUST00277,Northeast,Premium,2-Year,Manual-Online,Hotspot,Chat,Contract Issue,69,210.18,12877.77,82.3,4,True,-18,4,Highly satisfied with resolution,Positive,0.6442,61.6,0,186.63,0.0571,Platinum,0.6935,2024-12-07
CUST00278,Northeast,Basic,Month-to-Month,Manual-Online,Smartphone,Phone,Billing Dispute,63,72.15,3892.56,77.37,12,False,34,5,Very professional support team,Positive,0.7024,37.2,0,61.79,0.1875,Platinum,0.8345,2024-01-21
CUST00279,Southeast,Basic,Month-to-Month,Manual-Online,Home Internet,Chat,Device Problem,82,43.34,3417.43,112.65,13,True,81,1,Billing overcharge not fixed,Negative,0.1587,100,1,41.68,0.1566,Platinum,0.5667,2022-05-25
CUST00280,Midwest,Basic,Month-to-Month,Auto-Pay,Smartphone,Phone,Plan Change,50,71.67,3423.1,30.6,5,False,91,1,Will consider switching providers,Negative,0.1074,100,1,68.46,0.098,Gold,0.5343,2024-07-28
CUST00281,West,Basic,Month-to-Month,Manual-Online,Business Line,In-Store,Plan Change,44,174.65,7352.47,72.39,11,True,40,3,Got what I needed but took a while,Neutral,0.5293,94.0,1,167.1,0.2444,Gold,0.695,2024-05-31
CUST00282,Midwest,Standard,2-Year,Manual-Online,Home Internet,App,Contract Issue,33,109.19,3388.81,115.22,0,True,-28,5,Very happy with service,Positive,0.807,25.6,0,102.69,0.0,Silver,0.776,2023-09-11
CUST00283,Northeast,Premium,Month-to-Month,Manual-Online,Hotspot,Chat,No Issue,36,232.19,7959.74,68.91,4,True,-91,4,Agent was very helpful,Positive,0.706,76.2,1,221.1,0.1081,Gold,0.5657,2023-05-27
CUST00284,Southeast,Premium,1-Year,Auto-Pay,Business Line,In-Store,Plan Change,28,191.53,5334.5,95.36,5,False,76,5,Excellent support experience,Positive,0.8381,14.8,0,190.52,0.1724,Silver,0.908,2023-09-08
CUST00285,Northeast,Enterprise,Month-to-Month,Auto-Pay,Hotspot,Email,No Issue,56,121.62,6971.22,104.5,7,True,62,4,Very happy with service,Positive,0.7219,51.6,0,124.49,0.1228,Gold,0.8335,2022-03-26
CUST00286,Midwest,Standard,1-Year,Manual-Online,Tablet,Chat,Contract Issue,51,243.62,12431.68,69.46,2,True,10,3,Average experience,Neutral,0.3397,82.0,1,243.76,0.0385,Gold,0.6425,2022-06-19
CUST00287,West,Basic,2-Year,Mail,Hotspot,Chat,Device Problem,65,125.58,8077.6,91.68,15,True,24,4,Problem resolved quickly,Positive,0.8245,75.2,1,124.27,0.2273,Platinum,0.767,2024-12-09
CUST00288,Southeast,Standard,Month-to-Month,In-Store,Home Internet,Email,Contract Issue,74,49.7,3620.24,51.4,11,True,-18,3,Service was okay,Neutral,0.5309,100,1,48.92,0.1467,Platinum,0.5935,2022-12-13
CUST00289,Midwest,Enterprise,2-Year,Manual-Online,Home Internet,Chat,No Issue,30,73.92,2050.76,91.17,2,True,89,1,Will consider switching providers,Negative,0.278,100,1,68.36,0.0645,Silver,0.5807,2023-08-13
CUST00290,Northeast,Premium,2-Year,Auto-Pay,Hotspot,In-Store,Device Problem,3,103.0,308.38,26.21,8,False,59,2,Very disappointed with service,Negative,0.113,100,1,102.79,2.0,Bronze,0.5782,2024-12-14
CUST00291,Northeast,Premium,Month-to-Month,Auto-Pay,Hotspot,Phone,No Issue,80,89.67,6764.65,113.48,2,False,69,3,Nothing exceptional,Neutral,0.5593,70.2,1,84.56,0.0247,Platinum,0.6957,2022-02-09
CUST00292,Midwest,Enterprise,Month-to-Month,Mail,Business Line,Chat,Speed Issue,63,220.68,13295.45,23.18,14,True,-90,2,Billing overcharge not fixed,Negative,0.1001,100,1,211.04,0.2188,Platinum,0.3675,2024-03-16
CUST00293,Southeast,Basic,1-Year,In-Store,Hotspot,Email,Network Outage,65,90.68,5083.17,31.66,12,True,42,3,Nothing exceptional,Neutral,0.5692,95.6,1,78.2,0.1818,Platinum,0.6985,2022-10-09
CUST00294,Northeast,Enterprise,2-Year,Manual-Online,Home Internet,Phone,Plan Change,20,123.81,2259.47,73.04,14,True,-48,2,Agent was unhelpful,Negative,0.2588,100,1,112.97,0.6667,Silver,0.441,2023-09-25
CUST00295,Southwest,Standard,1-Year,Manual-Online,Business Line,Phone,Speed Issue,9,152.6,1427.95,15.09,10,True,86,1,Worst customer service experience,Negative,0.2884,100,1,158.66,1.0,Bronze,0.5755,2023-09-14
CUST00296,West,Premium,Month-to-Month,Manual-Online,Smartphone,Phone,Network Outage,4,197.73,769.09,32.76,7,True,-41,1,Problem kept recurring,Negative,0.0402,100,1,192.27,1.4,Bronze,0.3533,2024-08-18
CUST00297,Midwest,Standard,1-Year,Mail,Home Internet,Phone,Network Outage,25,79.77,1858.08,116.29,8,False,-44,2,Issue still not resolved,Negative,0.0531,100,1,74.32,0.3077,Silver,0.398,2024-06-18
CUST00298,Southwest,Enterprise,2-Year,In-Store,Home Internet,Phone,Device Problem,52,200.76,10142.89,99.1,10,False,56,5,Very professional support team,Positive,0.8145,28.8,0,195.06,0.1887,Gold,0.873,2022-03-20
CUST00299,Southwest,Basic,1-Year,Mail,Smartphone,Phone,Plan Change,69,117.02,8050.43,67.37,1,True,-26,4,Agent went above and beyond,Positive,0.9538,57.2,0,116.67,0.0143,Platinum,0.6795,2023-08-09
CUST00300,West,Standard,1-Year,In-Store,Business Line,Chat,Contract Issue,67,228.8,14451.46,77.89,2,True,-54,5,Great network coverage,Positive,0.6541,34.8,0,215.69,0.0294,Platinum,0.7305,2024-04-26
CUST00301,Midwest,Enterprise,Month-to-Month,Manual-Online,Home Internet,App,Contract Issue,26,224.15,5058.83,39.56,5,True,-77,1,Terrible wait times,Negative,0.0256,100,1,194.57,0.1852,Silver,0.2903,2024-02-26
CUST00302,Southwest,Standard,1-Year,Mail,Smartphone,Phone,Speed Issue,73,221.68,16547.31,20.29,4,True,96,1,Billing overcharge not fixed,Negative,0.219,100,1,226.68,0.0541,Platinum,0.593,2024-07-02
CUST00303,Midwest,Standard,Month-to-Month,Manual-Online,Tablet,Chat,Plan Change,33,32.68,1024.01,60.34,0,False,-40,2,Problem kept recurring,Negative,0.1361,100,1,31.03,0.0,Silver,0.405,2024-06-23
CUST00304,Northeast,Basic,Month-to-Month,In-Store,Business Line,App,No Issue,27,40.75,967.84,78.74,1,True,-92,5,Very professional support team,Positive,0.7194,40.4,0,35.85,0.0357,Silver,0.664,2022-06-29
CUST00305,Northeast,Basic,1-Year,Manual-Online,Tablet,Email,Plan Change,77,155.89,11552.62,115.99,11,True,-77,3,Got what I needed but took a while,Neutral,0.5461,100,1,150.03,0.141,Platinum,0.4903,2024-05-25
CUST00306,Southwest,Basic,1-Year,Mail,Tablet,Chat,Contract Issue,36,102.42,3439.17,25.97,6,True,-73,5,Great network coverage,Positive,0.9949,46.6,0,95.53,0.1622,Gold,0.6973,2024-09-17
CUST00307,Southwest,Premium,1-Year,In-Store,Hotspot,App,Plan Change,80,107.84,7556.93,67.95,15,False,-54,5,Problem resolved quickly,Positive,0.8834,60.8,0,94.46,0.1852,Platinum,0.6805,2023-02-01
CUST00308,Northeast,Basic,Month-to-Month,Mail,Smartphone,Phone,No Issue,79,249.77,18406.01,40.72,6,True,63,2,Billing overcharge not fixed,Negative,0.2371,100,1,232.99,0.075,Platinum,0.6352,2023-09-23
CUST00309,Midwest,Premium,Month-to-Month,Auto-Pay,Hotspot,Email,Device Problem,73,165.51,10340.26,21.9,10,True,72,4,Seamless experience overall,Positive,0.9189,55.6,0,141.65,0.1351,Platinum,0.851,2022-10-06
CUST00310,West,Standard,2-Year,Mail,Business Line,Email,Device Problem,53,234.1,10685.22,63.01,10,True,-47,5,Highly satisfied with resolution,Positive,0.9198,49.4,0,201.61,0.1852,Gold,0.7428,2023-12-26
CUST00311,Northeast,Standard,1-Year,Auto-Pay,Hotspot,In-Store,Contract Issue,69,215.32,14325.14,47.36,3,True,80,3,Decent support,Neutral,0.4242,70.0,1,207.61,0.0429,Platinum,0.765,2024-10-14
CUST00312,Southeast,Premium,1-Year,In-Store,Tablet,App,Speed Issue,23,54.68,1266.43,93.56,2,False,29,1,No accountability at all,Negative,0.0462,100,1,55.06,0.0833,Silver,0.4257,2023-11-28
CUST00313,West,Premium,1-Year,Manual-Online,Smartphone,App,Contract Issue,17,75.13,1094.97,47.12,3,True,-21,1,Will consider switching providers,Negative,0.2616,100,1,64.41,0.1667,Silver,0.3882,2023-11-14
CUST00314,West,Basic,Month-to-Month,In-Store,Smartphone,App,No Issue,40,170.54,6084.66,24.87,9,True,36,3,Issue eventually resolved,Neutral,0.3818,90.8,1,152.12,0.2195,Gold,0.688,2022-11-19
CUST00315,Midwest,Basic,Month-to-Month,Auto-Pay,Tablet,App,Speed Issue,71,100.06,6239.75,84.82,9,True,-57,1,Terrible wait times,Negative,0.1622,100,1,87.88,0.125,Platinum,0.3252,2022-04-14
CUST00316,Southeast,Basic,1-Year,Auto-Pay,Smartphone,In-Store,Billing Dispute,12,123.81,1316.05,71.94,14,True,-21,3,Acceptable service,Neutral,0.3236,100,1,109.67,1.0769,Silver,0.5882,2024-08-11
CUST00317,Southwest,Standard,Month-to-Month,Mail,Smartphone,In-Store,Speed Issue,83,186.24,14578.04,28.57,7,True,57,3,Got what I needed but took a while,Neutral,0.355,82.6,1,175.64,0.0833,Platinum,0.7248,2023-11-08
CUST00318,Midwest,Enterprise,1-Year,Auto-Pay,Smartphone,In-Store,Billing Dispute,45,135.29,6204.66,34.59,11,True,30,1,Issue still not resolved,Negative,0.0978,100,1,137.88,0.2391,Gold,0.4775,2022-05-26
CUST00319,Midwest,Enterprise,1-Year,Mail,Tablet,App,Network Outage,71,64.97,4365.97,8.86,6,False,100,4,Very professional support team,Positive,0.9149,42.0,0,61.49,0.0833,Platinum,0.85,2023-04-29
CUST00320,Southeast,Basic,2-Year,Mail,Smartphone,App,Plan Change,60,101.57,5299.09,53.98,9,False,-83,5,Excellent support experience,Positive,0.8742,54.6,0,88.32,0.1475,Platinum,0.6298,2024-02-16
CUST00321,Midwest,Enterprise,2-Year,Auto-Pay,Smartphone,Phone,No Issue,18,225.19,4177.66,76.7,0,True,69,2,Billing overcharge not fixed,Negative,0.117,96.2,1,232.09,0.0,Silver,0.6457,2024-07-04
CUST00322,Southeast,Standard,2-Year,In-Store,Hotspot,App,No Issue,39,232.06,9388.24,86.42,11,True,49,1,No accountability at all,Negative,0.1213,100,1,240.72,0.275,Gold,0.5108,2022-09-19
CUST00323,Midwest,Basic,1-Year,Auto-Pay,Smartphone,App,No Issue,46,54.12,2256.61,4.71,13,False,60,3,Got what I needed but took a while,Neutral,0.4145,94.0,1,49.06,0.2766,Gold,0.68,2023-03-09
CUST00324,Southeast,Enterprise,Month-to-Month,Manual-Online,Business Line,In-Store,No Issue,47,214.78,8891.92,119.7,4,True,-98,1,Poor network reliability,Negative,0.2164,100,1,189.19,0.0833,Gold,0.2535,2024-09-23
CUST00325,West,Standard,Month-to-Month,Manual-Online,Home Internet,In-Store,No Issue,78,234.66,17839.48,55.07,13,False,-2,3,Got what I needed but took a while,Neutral,0.4814,100,1,228.71,0.1646,Platinum,0.5715,2024-10-17
CUST00326,Southeast,Premium,1-Year,In-Store,Smartphone,Chat,Plan Change,62,185.06,10012.35,58.3,2,True,86,5,Outstanding customer care,Positive,0.786,6.8,0,161.49,0.0317,Platinum,0.9755,2022-06-10
CUST00327,Southwest,Basic,Month-to-Month,Mail,Smartphone,App,No Issue,75,98.74,6372.84,41.88,0,False,16,5,Seamless experience overall,Positive,0.8296,16.8,0,84.97,0.0,Platinum,0.803,2023-11-10
CUST00328,West,Premium,1-Year,In-Store,Tablet,Chat,Contract Issue,77,194.86,14935.12,68.08,1,False,48,2,Billing overcharge not fixed,Negative,0.2427,100,1,193.96,0.0128,Platinum,0.559,2022-02-25
CUST00329,Midwest,Enterprise,Month-to-Month,Manual-Online,Business Line,Chat,No Issue,36,85.44,2993.28,33.75,8,True,89,1,Will consider switching providers,Negative,0.2217,100,1,83.15,0.2162,Gold,0.5807,2024-07-03
CUST00330,Midwest,Standard,1-Year,Manual-Online,Home Internet,Phone,No Issue,68,219.63,13718.69,11.04,4,True,26,4,Agent went above and beyond,Positive,0.6952,52.8,0,201.75,0.058,Platinum,0.7705,2024-06-20
CUST00331,Southeast,Standard,2-Year,In-Store,Smartphone,Email,No Issue,15,41.55,587.6,57.67,15,True,-3,4,Agent was very helpful,Positive,0.8122,80.6,1,39.17,0.9375,Silver,0.7198,2024-06-09
CUST00332,Northeast,Premium,1-Year,Mail,Hotspot,App,Contract Issue,6,51.41,294.97,43.11,13,True,-15,3,Issue eventually resolved,Neutral,0.3766,100,1,49.16,1.8571,Bronze,0.5988,2024-03-12
CUST00333,West,Standard,2-Year,Manual-Online,Business Line,Email,Contract Issue,24,98.91,2022.79,2.01,2,True,5,1,Problem kept recurring,Negative,0.1055,100,1,84.28,0.08,Silver,0.4337,2023-08-04
CUST00334,Midwest,Standard,Month-to-Month,Auto-Pay,Business Line,Chat,Billing Dispute,77,174.44,13661.46,114.11,3,True,-78,5,Agent was very helpful,Positive,0.7504,41.6,0,177.42,0.0385,Platinum,0.6885,2023-01-14
CUST00335,Northeast,Standard,1-Year,In-Store,Home Internet,Chat,Contract Issue,59,232.98,12443.77,51.81,10,True,-59,1,Very disappointed with service,Negative,0.1148,100,1,210.91,0.1667,Gold,0.3217,2023-11-13
CUST00336,Northeast,Premium,1-Year,Manual-Online,Home Internet,Chat,Device Problem,26,164.26,3782.56,59.55,4,False,-45,5,Excellent support experience,Positive,0.965,37.0,0,145.48,0.1481,Silver,0.6963,2023-06-15
CUST00337,Northeast,Basic,Month-to-Month,Auto-Pay,Business Line,Email,No Issue,58,34.12,1879.1,78.69,0,True,70,4,Outstanding customer care,Positive,0.6606,36.0,0,32.4,0.0,Gold,0.8475,2023-11-07
CUST00338,West,Basic,2-Year,Mail,Home Internet,In-Store,Device Problem,9,148.82,1139.36,114.54,15,True,45,5,Highly satisfied with resolution,Positive,0.7334,41.0,0,126.6,1.5,Bronze,0.9038,2023-09-13
CUST00339,West,Basic,2-Year,Auto-Pay,Hotspot,App,No Issue,44,47.69,1976.5,92.21,6,True,41,1,Agent was unhelpful,Negative,0.0897,100,1,44.92,0.1333,Gold,0.4967,2024-03-09
CUST00340,Northeast,Premium,1-Year,Auto-Pay,Home Internet,Phone,Network Outage,5,72.47,360.16,71.56,15,False,-84,5,Seamless experience overall,Positive,0.8136,66.8,1,72.03,2.5,Bronze,0.628,2024-07-09
CUST00341,Northeast,Basic,1-Year,Auto-Pay,Hotspot,Chat,Device Problem,16,76.56,1201.4,63.25,4,True,-82,1,Problem kept recurring,Negative,0.1961,100,1,75.09,0.2353,Silver,0.2815,2024-08-23
CUST00342,Southwest,Basic,Month-to-Month,Manual-Online,Smartphone,Phone,Contract Issue,7,229.02,1625.82,12.58,5,True,-73,1,Will consider switching providers,Negative,0.0662,100,1,232.26,0.625,Bronze,0.2973,2023-02-20
CUST00343,West,Premium,2-Year,Mail,Hotspot,Chat,Contract Issue,74,150.08,10154.34,115.8,6,True,51,2,Issue still not resolved,Negative,0.0822,100,1,137.22,0.08,Platinum,0.6142,2024-04-30
CUST00344,Southeast,Premium,2-Year,Manual-Online,Home Internet,Phone,Plan Change,6,59.33,358.9,76.23,12,True,-96,4,Very happy with service,Positive,0.6718,93.2,1,59.82,1.7143,Bronze,0.557,2022-07-02
CUST00345,Southwest,Premium,1-Year,Mail,Tablet,Phone,Network Outage,82,89.6,6906.98,29.47,5,True,52,2,Will consider switching providers,Negative,0.2851,100,1,84.23,0.0602,Platinum,0.616,2023-09-09
CUST00346,Midwest,Enterprise,Month-to-Month,Manual-Online,Tablet,Chat,Plan Change,13,166.15,2208.65,118.43,7,False,97,2,Agent was unhelpful,Negative,0.0338,100,1,169.9,0.5,Silver,0.6447,2022-11-02
CUST00347,West,Enterprise,Month-to-Month,Manual-Online,Smartphone,Chat,Contract Issue,47,92.7,4082.13,40.78,14,True,-74,1,Poor network reliability,Negative,0.0474,100,1,86.85,0.2917,Gold,0.2955,2022-03-01
CUST00348,West,Basic,Month-to-Month,Manual-Online,Home Internet,App,Plan Change,42,122.18,5128.57,107.91,7,True,-17,2,Worst customer service experience,Negative,0.261,100,1,122.11,0.1628,Gold,0.4952,2024-02-09
CUST00349,Southeast,Basic,1-Year,Mail,Smartphone,In-Store,Network Outage,28,234.13,6168.85,47.09,4,False,84,2,Billing overcharge not fixed,Negative,0.0607,100,1,220.32,0.1379,Silver,0.622,2022-09-18
CUST00350,Northeast,Basic,1-Year,Manual-Online,Smartphone,In-Store,Device Problem,54,67.65,3356.16,106.48,5,True,47,5,Problem resolved quickly,Positive,0.6346,20.6,0,62.15,0.0909,Gold,0.9073,2024-12-04
CUST00351,West,Standard,2-Year,Mail,Home Internet,Email,Billing Dispute,55,191.95,9494.46,39.95,7,True,46,1,Very disappointed with service,Negative,0.012,100,1,172.63,0.125,Gold,0.5055,2024-08-21
CUST00352,Southwest,Basic,1-Year,Mail,Home Internet,Chat,Device Problem,64,82.9,5102.38,2.48,13,True,-67,3,Issue eventually resolved,Neutral,0.3048,100,1,79.72,0.2,Platinum,0.5078,2023-09-17
CUST00353,Southeast,Enterprise,2-Year,Auto-Pay,Home Internet,In-Store,No Issue,18,222.31,3725.76,94.99,11,False,80,1,Issue still not resolved,Negative,0.1155,100,1,206.99,0.5789,Silver,0.515,2023-11-13
CUST00354,Southwest,Basic,1-Year,Mail,Hotspot,App,Plan Change,74,204.78,15267.95,10.63,10,True,31,3,Issue eventually resolved,Neutral,0.4149,93.8,1,206.32,0.1333,Platinum,0.6793,2024-08-11
CUST00355,Southwest,Basic,1-Year,In-Store,Tablet,App,Contract Issue,9,153.36,1386.75,17.47,10,True,38,1,Will consider switching providers,Negative,0.2613,100,1,154.08,1.0,Bronze,0.4915,2023-03-06
CUST00356,Southeast,Premium,1-Year,In-Store,Business Line,In-Store,Speed Issue,7,43.93,282.62,58.86,3,False,81,5,Great network coverage,Positive,0.9598,9.8,0,40.37,0.375,Bronze,0.9167,2024-07-14
CUST00357,Southwest,Premium,2-Year,Auto-Pay,Tablet,In-Store,Billing Dispute,11,115.94,1129.65,115.03,2,True,-58,3,Average experience,Neutral,0.4489,95.6,1,102.7,0.1667,Bronze,0.5235,2023-02-23
CUST00358,Southwest,Basic,1-Year,Mail,Business Line,Phone,Device Problem,45,122.42,5495.36,3.56,6,True,-95,2,No accountability at all,Negative,0.1934,100,1,122.12,0.1304,Gold,0.3588,2024-04-23
CUST00359,Southwest,Premium,2-Year,In-Store,Home Internet,App,Contract Issue,68,215.21,13742.34,37.19,4,True,-57,3,Nothing exceptional,Neutral,0.5912,99.4,1,202.09,0.058,Platinum,0.5252,2022-04-07
CUST00360,Southeast,Premium,1-Year,Mail,Tablet,App,Network Outage,69,92.74,6684.72,100.88,4,True,-40,1,Terrible wait times,Negative,0.1724,100,1,96.88,0.0571,Platinum,0.355,2024-06-21
CUST00361,Midwest,Premium,Month-to-Month,Manual-Online,Business Line,Chat,Contract Issue,41,245.15,8840.88,54.36,5,True,-69,1,Problem kept recurring,Negative,0.2306,100,1,215.63,0.119,Gold,0.3043,2024-07-27
CUST00362,Midwest,Standard,Month-to-Month,In-Store,Hotspot,In-Store,Speed Issue,74,176.71,13206.2,87.7,14,True,76,1,Very disappointed with service,Negative,0.0418,100,1,178.46,0.1867,Platinum,0.558,2022-08-28
CUST00363,Midwest,Basic,1-Year,Manual-Online,Home Internet,Email,Billing Dispute,42,42.1,1729.76,70.43,7,True,-50,1,Problem kept recurring,Negative,0.2031,100,1,41.18,0.1628,Gold,0.3375,2022-06-28
CUST00364,Southwest,Enterprise,Month-to-Month,Mail,Hotspot,App,Plan Change,66,237.54,16174.45,43.97,4,False,-6,4,Highly satisfied with resolution,Positive,0.6049,59.2,0,245.07,0.0597,Platinum,0.6645,2023-12-08
CUST00365,Midwest,Premium,1-Year,Auto-Pay,Tablet,In-Store,Contract Issue,54,206.8,10136.77,96.88,13,False,-65,5,Very professional support team,Positive,0.6344,59.0,0,187.72,0.2364,Gold,0.6613,2023-03-02
CUST00366,Midwest,Enterprise,2-Year,In-Store,Smartphone,App,No Issue,49,49.45,2258.02,109.81,13,True,42,4,Agent was very helpful,Positive,0.6797,67.6,1,46.08,0.26,Gold,0.7985,2024-02-21
CUST00367,Midwest,Enterprise,Month-to-Month,In-Store,Business Line,Email,Device Problem,72,192.76,12420.12,95.16,4,True,-24,4,Excellent support experience,Positive,0.8615,62.8,0,172.5,0.0548,Platinum,0.683,2023-08-13
CUST00368,West,Standard,1-Year,Manual-Online,Smartphone,Chat,No Issue,36,138.46,5204.5,72.27,11,False,44,4,Outstanding customer care,Positive,0.8512,63.2,0,144.57,0.2973,Gold,0.752,2024-09-01
CUST00369,Northeast,Premium,2-Year,Auto-Pay,Hotspot,Phone,Plan Change,8,62.14,468.39,83.5,11,True,-87,3,Nothing exceptional,Neutral,0.3146,100,1,58.55,1.2222,Bronze,0.4728,2023-08-21
CUST00370,Southwest,Basic,2-Year,Manual-Online,Tablet,Chat,Plan Change,22,149.61,3372.02,99.39,9,True,75,3,Waited longer than expected,Neutral,0.4055,83.0,1,153.27,0.3913,Silver,0.7562,2022-10-22
CUST00371,Northeast,Standard,2-Year,In-Store,Hotspot,In-Store,Device Problem,44,232.59,9032.55,26.93,7,True,43,5,Great network coverage,Positive,0.9384,25.4,0,205.29,0.1556,Gold,0.9002,2022-08-22
CUST00372,West,Enterprise,Month-to-Month,Auto-Pay,Tablet,Chat,Device Problem,45,98.54,4090.7,98.23,10,True,81,3,Issue eventually resolved,Neutral,0.3667,83.8,1,90.9,0.2174,Gold,0.7668,2022-10-19
CUST00373,Southeast,Premium,Month-to-Month,Manual-Online,Tablet,Chat,Device Problem,15,47.09,709.84,91.12,1,True,-73,1,No accountability at all,Negative,0.178,100,1,47.32,0.0625,Silver,0.2973,2024-08-18
CUST00374,Northeast,Premium,Month-to-Month,Auto-Pay,Hotspot,Chat,No Issue,13,202.11,2716.81,25.44,6,True,71,3,Average experience,Neutral,0.5538,77.8,0,208.99,0.4286,Silver,0.7492,2023-07-23
CUST00375,Southwest,Premium,1-Year,Manual-Online,Business Line,App,Network Outage,65,155.44,8788.32,69.8,0,True,83,2,Poor network reliability,Negative,0.2705,93.4,1,135.2,0.0,Platinum,0.6703,2022-01-09
CUST00376,Northeast,Standard,2-Year,Mail,Hotspot,App,Network Outage,57,178.17,8850.33,100.33,12,False,-46,5,Problem resolved quickly,Positive,0.763,53.2,0,155.27,0.2069,Gold,0.6945,2023-10-06
CUST00377,Northeast,Enterprise,Month-to-Month,Manual-Online,Home Internet,Email,Contract Issue,37,152.56,4843.86,40.05,3,False,-28,4,Very professional support team,Positive,0.8945,61.6,0,130.92,0.0789,Gold,0.626,2024-06-28
CUST00378,Southeast,Enterprise,1-Year,Mail,Tablet,Chat,No Issue,61,236.59,13327.77,2.52,15,True,1,4,Excellent support experience,Positive,0.6477,79.8,1,218.49,0.2419,Platinum,0.7268,2024-03-19
CUST00379,West,Basic,2-Year,Manual-Online,Smartphone,Email,Network Outage,44,74.05,3319.47,49.11,7,False,85,4,Outstanding customer care,Positive,0.9059,47.0,0,75.44,0.1556,Gold,0.8237,2023-07-14
CUST00380,West,Premium,1-Year,Mail,Home Internet,App,Speed Issue,19,198.95,3294.72,30.83,15,True,60,2,Very disappointed with service,Negative,0.2491,100,1,173.41,0.75,Silver,0.63,2024-10-17
CUST00381,Northeast,Standard,1-Year,In-Store,Tablet,Email,Plan Change,80,51.18,3542.9,90.44,15,False,-49,3,Could be improved,Neutral,0.4514,100,1,44.29,0.1852,Platinum,0.4893,2023-12-05
CUST00382,Southwest,Basic,Month-to-Month,Mail,Smartphone,In-Store,Device Problem,41,217.62,8373.79,5.28,5,True,80,2,Poor network reliability,Negative,0.0937,100,1,204.24,0.119,Gold,0.665,2024-03-07
CUST00383,West,Basic,2-Year,Mail,Business Line,App,Plan Change,61,134.69,8387.56,61.3,12,True,26,5,Agent went above and beyond,Positive,0.8468,38.8,0,137.5,0.1935,Platinum,0.8705,2023-12-24
CUST00384,Midwest,Premium,Month-to-Month,Auto-Pay,Business Line,Chat,Network Outage,47,106.74,5008.81,4.2,10,False,-76,4,Highly satisfied with resolution,Positive,0.7648,85.2,1,106.57,0.2083,Gold,0.542,2022-04-26
CUST00385,Southeast,Standard,Month-to-Month,In-Store,Business Line,Chat,Contract Issue,9,221.16,1737.44,21.2,10,True,17,4,Agent went above and beyond,Positive,0.7066,66.6,1,193.05,1.0,Bronze,0.7548,2024-08-19
CUST00386,Southwest,Basic,1-Year,Mail,Business Line,In-Store,Speed Issue,74,51.49,3610.88,83.21,6,True,27,5,Highly satisfied with resolution,Positive,0.6667,26.6,0,48.8,0.08,Platinum,0.8722,2023-09-06
CUST00387,Midwest,Enterprise,Month-to-Month,Mail,Smartphone,App,Network Outage,37,88.32,2971.98,69.25,7,True,83,5,Excellent support experience,Positive,0.8367,17.4,0,80.32,0.1842,Gold,0.9703,2023-07-14
CUST00388,Northeast,Enterprise,1-Year,Manual-Online,Hotspot,Chat,Contract Issue,39,141.01,5004.34,79.95,10,True,6,4,Great network coverage,Positive,0.7813,68.8,0,128.32,0.25,Gold,0.7355,2023-01-05
CUST00389,Northeast,Standard,2-Year,Mail,Tablet,In-Store,Speed Issue,82,147.19,11742.31,92.53,13,True,33,2,Poor network reliability,Negative,0.0721,100,1,143.2,0.1566,Platinum,0.5827,2023-09-07
CUST00390,West,Enterprise,1-Year,Auto-Pay,Tablet,In-Store,Speed Issue,37,172.12,5739.81,72.55,12,True,-71,2,Agent was unhelpful,Negative,0.2391,100,1,155.13,0.3158,Gold,0.4007,2023-09-28
CUST00391,West,Enterprise,2-Year,Mail,Home Internet,Chat,Network Outage,21,89.99,1617.34,94.97,8,True,64,1,Problem kept recurring,Negative,0.2347,100,1,77.02,0.3636,Silver,0.537,2022-04-24
CUST00392,Northeast,Premium,2-Year,In-Store,Smartphone,In-Store,Speed Issue,12,117.31,1433.01,101.29,7,True,46,5,Excellent support experience,Positive,0.8088,24.8,0,119.42,0.5385,Silver,0.9055,2024-12-11
CUST00393,Midwest,Enterprise,Month-to-Month,Manual-Online,Business Line,Chat,No Issue,41,102.43,4060.48,47.4,7,False,-45,2,Agent was unhelpful,Negative,0.291,100,1,99.04,0.1667,Gold,0.3962,2024-06-19
CUST00394,West,Premium,2-Year,Auto-Pay,Home Internet,App,Speed Issue,15,99.62,1396.81,82.25,8,True,-8,4,Outstanding customer care,Positive,0.6084,67.6,1,93.12,0.5,Silver,0.711,2022-03-13
CUST00395,Northeast,Standard,1-Year,Mail,Hotspot,Email,No Issue,16,147.67,2120.01,53.65,0,False,-35,3,Expected better response time,Neutral,0.3892,87.0,1,132.5,0.0,Silver,0.5137,2022-11-25
CUST00396,West,Premium,2-Year,Mail,Smartphone,Email,No Issue,11,211.09,2410.46,57.06,13,True,83,4,Excellent support experience,Positive,0.9298,59.4,0,219.13,1.0833,Bronze,0.8702,2023-06-19
CUST00397,Southwest,Basic,1-Year,Mail,Business Line,App,Contract Issue,42,129.71,4660.45,7.2,5,False,64,2,Agent was unhelpful,Negative,0.1885,100,1,110.96,0.1163,Gold,0.587,2023-10-05
CUST00398,Southwest,Basic,Month-to-Month,Manual-Online,Tablet,App,Contract Issue,84,197.89,16945.11,82.6,10,False,22,2,Will consider switching providers,Negative,0.248,100,1,201.73,0.1176,Platinum,0.5135,2023-08-01
CUST00399,Southeast,Basic,1-Year,In-Store,Tablet,In-Store,Device Problem,74,79.38,6106.86,110.85,7,True,18,2,Poor network reliability,Negative,0.0149,100,1,82.53,0.0933,Platinum,0.5565,2024-05-28
CUST00400,Southwest,Premium,Month-to-Month,Auto-Pay,Hotspot,Phone,Plan Change,16,33.1,505.86,93.03,14,False,-70,2,Agent was unhelpful,Negative,0.2838,100,1,31.62,0.8235,Silver,0.3525,2023-06-30
CUST00401,Midwest,Enterprise,1-Year,Manual-Online,Home Internet,Phone,Plan Change,28,248.94,6319.25,81.59,13,True,4,2,Billing overcharge not fixed,Negative,0.0706,100,1,225.69,0.4483,Silver,0.532,2024-07-12
CUST00402,Southeast,Premium,2-Year,Mail,Smartphone,Chat,Device Problem,18,221.71,4169.89,48.31,6,False,81,4,Very professional support team,Positive,0.7025,45.8,0,231.66,0.3158,Silver,0.8168,2022-07-15
CUST00403,Southwest,Basic,Month-to-Month,In-Store,Tablet,In-Store,Speed Issue,78,236.64,19259.77,72.19,1,True,-36,5,Very professional support team,Positive,0.7524,29.2,0,246.92,0.0127,Platinum,0.762,2024-03-19
CUST00404,Midwest,Standard,2-Year,Auto-Pay,Business Line,Phone,Speed Issue,22,140.81,3209.54,105.47,4,True,-19,5,Agent went above and beyond,Positive,0.6567,31.8,0,145.89,0.1739,Silver,0.7917,2022-08-28
CUST00405,Midwest,Basic,Month-to-Month,Mail,Hotspot,Email,Device Problem,37,228.6,7634.74,99.72,8,True,11,2,Problem kept recurring,Negative,0.2291,100,1,206.34,0.2105,Gold,0.5443,2022-11-06
CUST00406,Southwest,Enterprise,Month-to-Month,Manual-Online,Tablet,Chat,Network Outage,24,37.88,820.07,85.01,13,True,26,1,No accountability at all,Negative,0.1456,100,1,34.17,0.52,Silver,0.4705,2024-10-06
CUST00407,Northeast,Standard,Month-to-Month,In-Store,Smartphone,Phone,No Issue,37,69.73,2279.85,61.54,8,True,49,1,Will consider switching providers,Negative,0.0542,100,1,61.62,0.2105,Gold,0.5108,2022-06-07
CUST00408,Southeast,Enterprise,2-Year,Auto-Pay,Hotspot,Chat,Speed Issue,16,116.71,1807.73,114.2,10,True,-93,1,Problem kept recurring,Negative,0.1362,100,1,112.98,0.5882,Silver,0.2622,2023-07-06
CUST00409,Southwest,Basic,1-Year,Auto-Pay,Business Line,In-Store,Speed Issue,73,58.44,4362.77,96.39,9,True,-86,1,Will consider switching providers,Negative,0.1144,100,1,59.76,0.1216,Platinum,0.2745,2024-03-27
CUST00410,Midwest,Standard,Month-to-Month,Mail,Smartphone,Chat,No Issue,27,65.84,1788.17,34.91,4,True,-24,4,Agent went above and beyond,Positive,0.8944,62.8,0,66.23,0.1429,Silver,0.683,2023-09-28
CUST00411,Southwest,Standard,1-Year,Auto-Pay,Hotspot,App,Network Outage,63,127.99,7479.73,32.95,13,True,93,4,Highly satisfied with resolution,Positive,0.8455,57.4,0,118.73,0.2031,Platinum,0.8878,2024-06-08
CUST00412,West,Basic,Month-to-Month,In-Store,Home Internet,Phone,Contract Issue,20,234.74,4485.67,78.02,2,True,19,4,Excellent support experience,Positive,0.9629,50.2,0,224.28,0.0952,Silver,0.7583,2024-09-05
CUST00413,Midwest,Standard,Month-to-Month,In-Store,Tablet,App,Device Problem,38,155.07,5658.13,110.16,3,False,5,1,Will consider switching providers,Negative,0.2438,100,1,148.9,0.0769,Gold,0.3838,2023-12-29
CUST00414,Midwest,Basic,2-Year,Auto-Pay,Smartphone,In-Store,Network Outage,24,215.43,4441.57,50.53,9,True,50,4,Seamless experience overall,Positive,0.8495,58.0,0,185.07,0.36,Silver,0.8125,2023-06-27
CUST00415,Midwest,Standard,Month-to-Month,Manual-Online,Smartphone,App,Speed Issue,14,125.43,1498.91,48.0,0,True,67,4,Seamless experience overall,Positive,0.8767,36.6,0,107.07,0.0,Silver,0.8422,2024-09-23
CUST00416,Midwest,Premium,2-Year,Mail,Hotspot,Chat,Network Outage,18,33.04,518.82,2.89,6,True,-47,4,Problem resolved quickly,Positive,0.7743,71.4,1,28.82,0.3158,Silver,0.6428,2023-01-26
CUST00417,Northeast,Premium,1-Year,Manual-Online,Home Internet,In-Store,Billing Dispute,15,66.53,878.68,84.61,15,False,-95,4,Problem resolved quickly,Positive,0.7179,99.0,1,58.58,0.9375,Silver,0.5088,2024-03-13
CUST00418,Northeast,Premium,Month-to-Month,Auto-Pay,Home Internet,In-Store,No Issue,64,192.15,11918.44,66.96,9,True,24,4,Seamless experience overall,Positive,0.8053,63.2,0,186.23,0.1385,Platinum,0.767,2024-09-26
CUST00419,Southeast,Basic,2-Year,Auto-Pay,Home Internet,App,Speed Issue,71,43.96,3210.35,50.64,15,True,26,5,Highly satisfied with resolution,Positive,0.7793,44.8,0,45.22,0.2083,Platinum,0.8705,2024-06-12
CUST00420,Northeast,Standard,1-Year,Manual-Online,Home Internet,Email,Device Problem,30,141.67,4112.11,82.51,14,True,-25,4,Highly satisfied with resolution,Positive,0.9184,83.0,1,137.07,0.4516,Silver,0.6813,2022-11-28
CUST00421,Southwest,Standard,1-Year,Auto-Pay,Home Internet,Phone,Network Outage,26,64.38,1587.57,95.42,15,True,-40,2,Very disappointed with service,Negative,0.1076,100,1,61.06,0.5556,Silver,0.455,2023-06-19
CUST00422,Midwest,Standard,Month-to-Month,Auto-Pay,Smartphone,Email,Device Problem,15,165.85,2174.64,27.67,8,True,100,3,Acceptable service,Neutral,0.3802,76.0,1,144.98,0.5,Silver,0.8,2022-11-06
CUST00423,Southwest,Basic,2-Year,Auto-Pay,Home Internet,In-Store,No Issue,15,244.42,3689.51,73.55,3,True,29,1,Issue still not resolved,Negative,0.2613,100,1,245.97,0.1875,Silver,0.4758,2024-01-11
CUST00424,Southeast,Premium,2-Year,Mail,Business Line,In-Store,Contract Issue,13,63.94,767.01,98.48,3,True,12,4,Very happy with service,Positive,0.6981,53.6,0,59.0,0.2143,Silver,0.746,2024-08-28
CUST00425,Midwest,Premium,2-Year,Manual-Online,Smartphone,Email,Speed Issue,54,109.33,5803.45,19.04,13,True,-65,4,Agent went above and beyond,Positive,0.9592,89.0,1,107.47,0.2364,Gold,0.6113,2024-11-23
CUST00426,Midwest,Basic,1-Year,Manual-Online,Smartphone,App,Billing Dispute,11,104.42,1068.6,92.91,13,True,0,1,Poor network reliability,Negative,0.2708,100,1,97.15,1.0833,Bronze,0.425,2022-04-29
CUST00427,Southwest,Premium,1-Year,Mail,Business Line,Email,Contract Issue,41,230.02,8031.1,34.29,4,False,14,2,Will consider switching providers,Negative,0.2365,100,1,195.88,0.0952,Gold,0.4995,2024-06-24
CUST00428,Midwest,Enterprise,Month-to-Month,In-Store,Smartphone,Chat,Plan Change,43,115.79,4947.98,105.71,9,True,-77,5,Great network coverage,Positive,0.7249,53.4,0,115.07,0.2045,Gold,0.6903,2023-11-29
CUST00429,Southeast,Basic,Month-to-Month,In-Store,Tablet,Email,Contract Issue,55,247.12,11853.08,8.13,11,True,60,5,Highly satisfied with resolution,Positive,0.6495,30.0,0,215.51,0.1964,Gold,0.93,2022-09-13
CUST00430,West,Premium,2-Year,Auto-Pay,Home Internet,Email,Network Outage,75,154.42,11915.83,75.7,7,True,-24,3,Waited longer than expected,Neutral,0.5017,98.8,1,158.88,0.0921,Platinum,0.583,2024-02-13
CUST00431,Southwest,Standard,Month-to-Month,In-Store,Business Line,App,Network Outage,47,129.94,5370.11,51.66,13,True,-77,1,Poor network reliability,Negative,0.1429,100,1,114.26,0.2708,Gold,0.2903,2024-07-02
CUST00432,Northeast,Premium,2-Year,Mail,Business Line,App,Plan Change,51,221.83,10938.41,76.74,14,False,87,4,Agent was very helpful,Positive,0.6577,60.6,0,214.48,0.2692,Gold,0.8273,2022-09-18
CUST00433,West,Enterprise,Month-to-Month,Auto-Pay,Tablet,In-Store,Device Problem,5,194.22,1008.79,44.95,3,False,-72,1,Billing overcharge not fixed,Negative,0.0121,100,1,201.76,0.5,Bronze,0.249,2022-11-10
CUST00434,Northeast,Premium,1-Year,In-Store,Hotspot,Email,Device Problem,4,204.05,716.97,71.17,1,True,-28,2,Problem kept recurring,Negative,0.0006,100,1,179.24,0.2,Bronze,0.476,2023-12-16
CUST00435,Northeast,Basic,1-Year,Mail,Business Line,Email,Plan Change,58,228.05,13309.83,57.55,4,True,29,4,Seamless experience overall,Positive,0.8669,52.2,0,229.48,0.0678,Gold,0.7758,2022-11-02
CUST00436,Midwest,Basic,2-Year,Mail,Home Internet,Phone,Device Problem,44,149.01,6829.29,106.92,8,True,-58,1,Billing overcharge not fixed,Negative,0.1683,100,1,155.21,0.1778,Gold,0.3235,2022-09-11
CUST00437,Southwest,Basic,Month-to-Month,Auto-Pay,Business Line,App,Network Outage,61,140.57,7320.56,79.33,5,True,-30,2,Will consider switching providers,Negative,0.1333,100,1,120.01,0.0806,Platinum,0.4725,2024-12-28
CUST00438,Southwest,Premium,1-Year,Auto-Pay,Home Internet,Chat,Speed Issue,56,69.7,3336.5,63.82,12,True,-77,1,No accountability at all,Negative,0.0504,100,1,59.58,0.2105,Gold,0.2903,2022-10-22
CUST00439,Southeast,Premium,Month-to-Month,Manual-Online,Hotspot,In-Store,Contract Issue,22,42.95,984.8,22.59,1,True,-1,1,Worst customer service experience,Negative,0.2679,100,1,44.76,0.0435,Silver,0.4233,2023-06-13
CUST00440,West,Basic,Month-to-Month,Manual-Online,Tablet,App,Plan Change,31,138.45,4294.0,46.82,3,True,-85,3,Got what I needed but took a while,Neutral,0.3196,100,1,138.52,0.0938,Silver,0.4763,2022-03-01
CUST00441,West,Standard,Month-to-Month,In-Store,Business Line,App,Contract Issue,13,84.18,1051.6,94.44,9,False,14,1,No accountability at all,Negative,0.061,100,1,80.89,0.6429,Silver,0.3995,2022-10-19
CUST00442,Midwest,Standard,Month-to-Month,Mail,Business Line,In-Store,Billing Dispute,1,208.77,217.58,74.87,5,True,-85,4,Outstanding customer care,Positive,0.9358,77.0,0,217.58,2.5,Bronze,0.5763,2024-02-18
CUST00443,Midwest,Standard,2-Year,In-Store,Smartphone,Phone,Contract Issue,69,153.87,9662.85,48.04,3,True,85,5,Outstanding customer care,Positive,0.9513,9.0,0,140.04,0.0429,Platinum,0.9738,2023-03-08
CUST00444,Southwest,Premium,2-Year,In-Store,Hotspot,In-Store,Speed Issue,32,175.69,5140.42,26.06,10,True,77,2,Very disappointed with service,Negative,0.1826,100,1,160.64,0.303,Silver,0.6597,2022-01-09
CUST00445,Northeast,Standard,1-Year,Mail,Home Internet,App,Billing Dispute,84,173.27,13939.45,107.22,14,True,-10,4,Highly satisfied with resolution,Positive,0.7547,80.0,1,165.95,0.1647,Platinum,0.7075,2022-01-18
CUST00446,Northeast,Enterprise,1-Year,Manual-Online,Home Internet,Chat,Network Outage,3,196.84,582.32,85.39,6,True,57,3,Expected better response time,Neutral,0.3703,80.6,1,194.11,1.5,Bronze,0.7248,2024-10-08
CUST00447,Midwest,Basic,1-Year,Mail,Business Line,Phone,Billing Dispute,26,246.53,6266.76,14.2,8,False,-57,5,Problem resolved quickly,Positive,0.8639,47.4,0,241.03,0.2963,Silver,0.6753,2022-12-26
CUST00448,Northeast,Standard,2-Year,Auto-Pay,Tablet,Email,Plan Change,30,223.81,6685.96,33.65,0,True,74,5,Seamless experience overall,Positive,0.6008,5.2,0,222.87,0.0,Silver,0.9545,2024-05-24
CUST00449,Northeast,Premium,1-Year,Mail,Hotspot,Chat,Contract Issue,67,132.64,8196.32,91.32,7,True,-29,4,Highly satisfied with resolution,Positive,0.6021,69.8,1,122.33,0.1029,Platinum,0.6743,2023-02-03
CUST00450,Midwest,Basic,2-Year,Auto-Pay,Tablet,In-Store,Billing Dispute,32,73.3,2148.21,8.48,3,True,22,4,Very happy with service,Positive,0.837,51.6,0,67.13,0.0909,Silver,0.7635,2023-11-16
CUST00451,Midwest,Standard,Month-to-Month,Mail,Tablet,Email,No Issue,7,210.75,1407.29,29.17,2,False,95,1,Will consider switching providers,Negative,0.0374,100,1,201.04,0.25,Bronze,0.5413,2022-05-05
CUST00452,Northeast,Enterprise,1-Year,Auto-Pay,Tablet,Chat,No Issue,57,42.04,2329.54,52.39,3,True,43,1,Worst customer service experience,Negative,0.1205,100,1,40.87,0.0517,Gold,0.5002,2024-04-21
CUST00453,Southeast,Basic,1-Year,Mail,Home Internet,In-Store,Plan Change,80,52.27,4098.74,81.42,0,False,32,3,Issue eventually resolved,Neutral,0.3308,73.6,1,51.23,0.0,Platinum,0.631,2022-05-19
CUST00454,Southwest,Standard,2-Year,Manual-Online,Business Line,Email,Speed Issue,54,135.9,7149.05,23.12,4,True,-85,2,Worst customer service experience,Negative,0.1539,100,1,132.39,0.0727,Gold,0.3762,2024-01-03
CUST00455,Midwest,Standard,Month-to-Month,Mail,Hotspot,App,Speed Issue,38,111.13,3596.32,70.79,4,True,-40,5,Great network coverage,Positive,0.9435,36.0,0,94.64,0.1026,Gold,0.755,2024-05-14
CUST00456,Midwest,Standard,Month-to-Month,Manual-Online,Smartphone,Email,Network Outage,61,182.84,11670.58,72.37,10,True,57,3,Average experience,Neutral,0.3315,88.6,1,191.32,0.1613,Platinum,0.7248,2022-03-28
CUST00457,West,Standard,Month-to-Month,Manual-Online,Tablet,In-Store,Plan Change,28,82.57,2304.83,114.36,10,False,-48,4,Very happy with service,Positive,0.7451,79.6,0,82.32,0.3448,Silver,0.591,2022-06-01
CUST00458,Midwest,Basic,2-Year,Auto-Pay,Tablet,Email,Device Problem,25,168.88,4359.39,43.83,0,True,-50,3,Decent support,Neutral,0.5157,90.0,1,174.38,0.0,Silver,0.5375,2023-11-27
CUST00459,Southwest,Standard,Month-to-Month,Manual-Online,Smartphone,Phone,No Issue,34,230.33,6689.42,81.62,12,True,-14,2,Agent was unhelpful,Negative,0.1109,100,1,196.75,0.3429,Silver,0.5005,2024-02-02
CUST00460,Southeast,Enterprise,2-Year,Auto-Pay,Smartphone,Phone,Network Outage,25,72.16,1669.85,45.54,13,True,-89,5,Very professional support team,Positive,0.6756,63.8,0,66.79,0.5,Silver,0.6693,2023-08-26
CUST00461,Southeast,Premium,Month-to-Month,Auto-Pay,Hotspot,Phone,No Issue,66,243.03,16475.74,25.9,2,False,69,5,Excellent support experience,Positive,0.667,10.2,0,249.63,0.0299,Platinum,0.8958,2024-03-05
CUST00462,Southwest,Premium,1-Year,Mail,Tablet,Email,Contract Issue,48,145.59,6615.56,114.73,15,True,48,4,Very professional support team,Positive,0.8599,70.4,1,137.82,0.3061,Gold,0.809,2023-03-01
CUST00463,Southeast,Standard,1-Year,Manual-Online,Home Internet,Phone,Speed Issue,55,225.51,11959.94,112.32,11,True,40,1,Issue still not resolved,Negative,0.0885,100,1,217.45,0.1964,Gold,0.495,2024-11-28
CUST00464,Midwest,Standard,2-Year,Auto-Pay,Home Internet,App,Plan Change,44,123.73,5136.58,49.67,15,True,-31,4,Seamless experience overall,Positive,0.6935,86.2,1,116.74,0.3333,Gold,0.6707,2022-06-05
CUST00465,Midwest,Basic,1-Year,Auto-Pay,Hotspot,Phone,Billing Dispute,16,45.69,626.98,24.84,6,True,-36,3,Decent support,Neutral,0.3572,99.2,1,39.19,0.3529,Silver,0.562,2022-10-10
CUST00466,Southwest,Premium,Month-to-Month,In-Store,Hotspot,Email,No Issue,52,238.07,12557.56,91.18,0,False,67,5,Agent was very helpful,Positive,0.9462,6.6,0,241.49,0.0,Gold,0.8922,2023-04-12
CUST00467,Southeast,Standard,1-Year,Manual-Online,Business Line,App,No Issue,71,196.67,13886.8,55.91,2,True,-52,4,Agent went above and beyond,Positive,0.6838,64.4,0,195.59,0.0278,Platinum,0.634,2024-07-10
CUST00468,Southwest,Basic,1-Year,Manual-Online,Business Line,Phone,Speed Issue,2,139.95,274.8,43.2,7,False,8,4,Great network coverage,Positive,0.7199,62.4,0,137.4,2.3333,Bronze,0.689,2022-02-17
CUST00469,Southwest,Basic,Month-to-Month,Manual-Online,Hotspot,App,Contract Issue,78,231.02,17384.83,47.52,12,True,0,1,Agent was unhelpful,Negative,0.1424,100,1,222.88,0.1519,Platinum,0.425,2023-11-05
CUST00470,Southwest,Enterprise,2-Year,In-Store,Smartphone,Phone,Billing Dispute,71,69.07,4978.98,72.8,0,True,-50,1,Worst customer service experience,Negative,0.0851,100,1,70.13,0.0,Platinum,0.3375,2023-04-23
CUST00471,Midwest,Basic,1-Year,Auto-Pay,Hotspot,App,Billing Dispute,22,101.88,2313.0,47.54,3,True,37,4,Seamless experience overall,Positive,0.8973,48.6,0,105.14,0.1304,Silver,0.7898,2024-03-07
CUST00472,Southeast,Standard,Month-to-Month,In-Store,Home Internet,In-Store,Network Outage,78,156.51,11134.26,25.15,14,True,-49,1,Problem kept recurring,Negative,0.0192,100,1,142.75,0.1772,Platinum,0.3392,2024-03-28
CUST00473,Southwest,Standard,2-Year,In-Store,Business Line,In-Store,Device Problem,60,156.74,9380.5,35.26,14,True,79,3,Average experience,Neutral,0.4245,92.2,1,156.34,0.2295,Platinum,0.7632,2023-01-03
CUST00474,Southwest,Enterprise,1-Year,Mail,Tablet,App,Billing Dispute,51,183.69,8044.77,106.38,5,True,60,5,Outstanding customer care,Positive,0.8667,18.0,0,157.74,0.0962,Gold,0.93,2022-05-17
CUST00475,Southeast,Enterprise,1-Year,Auto-Pay,Hotspot,Chat,No Issue,14,140.96,1985.09,49.8,5,True,-47,5,Very happy with service,Positive,0.7849,39.4,0,141.79,0.3333,Silver,0.7428,2022-05-30
CUST00476,West,Enterprise,1-Year,Mail,Tablet,In-Store,Billing Dispute,2,85.12,168.85,17.24,14,False,18,1,Agent was unhelpful,Negative,0.2141,100,1,84.42,4.6667,Bronze,0.4065,2024-06-15
CUST00477,Southeast,Enterprise,1-Year,Manual-Online,Tablet,Chat,Plan Change,13,68.98,784.5,89.23,5,True,71,1,Poor network reliability,Negative,0.1322,100,1,60.35,0.3571,Silver,0.5493,2022-12-31
CUST00478,Southeast,Basic,2-Year,Manual-Online,Home Internet,Chat,No Issue,82,208.52,16725.93,86.25,3,False,76,3,Waited longer than expected,Neutral,0.3014,70.8,1,203.97,0.0361,Platinum,0.708,2024-02-12
CUST00479,Southeast,Standard,1-Year,Manual-Online,Tablet,Chat,Billing Dispute,54,36.14,1664.51,98.64,2,True,-76,2,Very disappointed with service,Negative,0.1247,100,1,30.82,0.0364,Gold,0.392,2022-08-09
CUST00480,Midwest,Premium,2-Year,Manual-Online,Business Line,Phone,Plan Change,51,236.55,10545.92,26.44,11,True,-56,1,Terrible wait times,Negative,0.0036,100,1,206.78,0.2115,Gold,0.327,2023-03-12
CUST00481,West,Standard,Month-to-Month,In-Store,Business Line,Email,Billing Dispute,9,224.79,1885.98,92.34,15,True,82,5,Very professional support team,Positive,0.6686,33.6,0,209.55,1.5,Bronze,0.9685,2022-07-14
CUST00482,Southwest,Premium,2-Year,Mail,Tablet,Email,Network Outage,82,197.57,15998.64,117.38,15,True,-15,1,Will consider switching providers,Negative,0.1347,100,1,195.11,0.1807,Platinum,0.3987,2024-11-12
CUST00483,Southeast,Basic,Month-to-Month,Auto-Pay,Business Line,Chat,Speed Issue,31,192.33,5970.87,74.75,1,True,-5,4,Outstanding customer care,Positive,0.6808,53.0,0,192.61,0.0312,Silver,0.7163,2024-02-09
CUST00484,Southeast,Basic,Month-to-Month,Mail,Hotspot,Phone,Speed Issue,41,171.58,7049.54,62.98,13,True,92,1,Terrible wait times,Negative,0.1028,100,1,171.94,0.3095,Gold,0.586,2023-02-26
CUST00485,Southwest,Basic,2-Year,Manual-Online,Tablet,App,No Issue,49,144.71,6287.47,75.94,2,False,-83,2,Poor network reliability,Negative,0.2815,100,1,128.32,0.04,Gold,0.3297,2022-09-15
CUST00486,Northeast,Standard,2-Year,Manual-Online,Tablet,App,Billing Dispute,55,189.49,9507.87,86.88,7,False,-55,5,Problem resolved quickly,Positive,0.7212,45.0,0,172.87,0.125,Gold,0.6787,2024-07-07
CUST00487,Southeast,Premium,1-Year,Auto-Pay,Hotspot,In-Store,Device Problem,22,133.55,2745.77,73.52,13,True,23,1,Worst customer service experience,Negative,0.2562,100,1,124.81,0.5652,Silver,0.4652,2023-09-07
CUST00488,Southwest,Standard,2-Year,Manual-Online,Hotspot,In-Store,Device Problem,40,129.78,4802.01,73.12,2,True,-66,4,Problem resolved quickly,Positive,0.6017,67.2,0,120.05,0.0488,Gold,0.6095,2024-10-22
CUST00489,Midwest,Enterprise,1-Year,Mail,Home Internet,Email,Device Problem,63,97.71,6448.15,9.48,1,True,-2,5,Agent was very helpful,Positive,0.6777,22.4,0,102.35,0.0156,Platinum,0.8215,2024-06-12
CUST00490,Midwest,Premium,2-Year,Mail,Hotspot,Chat,Contract Issue,50,233.82,11657.48,29.84,1,True,61,1,Poor network reliability,Negative,0.0784,100,1,233.15,0.0196,Gold,0.5317,2024-07-21
CUST00491,Southeast,Premium,Month-to-Month,Manual-Online,Smartphone,Chat,No Issue,12,171.76,2129.91,48.32,2,True,8,2,Billing overcharge not fixed,Negative,0.2076,100,1,177.49,0.1538,Silver,0.539,2024-10-22
CUST00492,Southwest,Enterprise,2-Year,In-Store,Home Internet,Chat,Billing Dispute,82,155.96,12910.3,97.89,8,True,91,4,Outstanding customer care,Positive,0.6026,47.8,0,157.44,0.0964,Platinum,0.8842,2022-12-11
CUST00493,West,Basic,Month-to-Month,Auto-Pay,Home Internet,App,Device Problem,84,93.42,7346.54,21.99,5,True,-50,4,Excellent support experience,Positive,0.7803,70.0,0,87.46,0.0588,Platinum,0.6375,2023-03-12
CUST00494,Southeast,Standard,Month-to-Month,Manual-Online,Tablet,Email,No Issue,53,126.95,6947.66,13.99,5,True,-25,1,Billing overcharge not fixed,Negative,0.0193,100,1,131.09,0.0926,Gold,0.3812,2022-03-02
CUST00495,Southwest,Standard,1-Year,Mail,Smartphone,Chat,Billing Dispute,35,195.39,5822.74,70.31,1,True,-46,5,Very happy with service,Positive,0.7503,31.2,0,166.36,0.0278,Silver,0.7445,2024-12-01
CUST00496,Midwest,Enterprise,1-Year,In-Store,Business Line,In-Store,Speed Issue,48,180.0,7936.84,38.51,7,True,70,4,Agent went above and beyond,Positive,0.8443,50.0,0,165.35,0.1429,Gold,0.8475,2023-12-31
CUST00497,Midwest,Basic,Month-to-Month,Mail,Home Internet,Phone,Billing Dispute,78,57.03,4253.17,114.18,7,True,15,5,Seamless experience overall,Positive,0.806,31.0,0,54.53,0.0886,Platinum,0.8513,2023-01-20
CUST00498,Northeast,Premium,Month-to-Month,In-Store,Smartphone,Email,Contract Issue,57,81.37,4391.84,88.97,2,True,9,4,Excellent support experience,Positive,0.8937,52.2,0,77.05,0.0345,Gold,0.7408,2023-08-25
CUST00499,Southwest,Standard,2-Year,Manual-Online,Business Line,App,No Issue,65,36.97,2281.9,11.36,14,True,14,1,No accountability at all,Negative,0.0723,100,1,35.11,0.2121,Platinum,0.4495,2023-03-10
CUST00500,Southeast,Basic,Month-to-Month,Mail,Smartphone,Phone,Speed Issue,50,198.58,8877.27,31.66,15,True,70,2,Problem kept recurring,Negative,0.0271,100,1,177.55,0.2941,Gold,0.6475,2023-11-13
CUST00501,Southeast,Basic,2-Year,In-Store,Home Internet,In-Store,Contract Issue,83,202.71,17552.6,53.0,7,True,-34,1,Issue still not resolved,Negative,0.0267,100,1,211.48,0.0833,Platinum,0.3655,2023-01-21
CUST00502,Northeast,Premium,Month-to-Month,In-Store,Home Internet,App,Contract Issue,1,98.37,95.22,23.59,12,False,-19,3,Average experience,Neutral,0.4559,100,1,95.22,6.0,Bronze,0.5417,2023-03-31
CUST00503,Northeast,Enterprise,Month-to-Month,Mail,Hotspot,Phone,No Issue,38,214.18,7731.63,55.24,9,True,91,1,Billing overcharge not fixed,Negative,0.1507,100,1,203.46,0.2308,Gold,0.5842,2022-09-10
CUST00504,Midwest,Enterprise,2-Year,Manual-Online,Home Internet,Email,Contract Issue,49,42.93,2128.9,19.17,6,True,79,1,Poor network reliability,Negative,0.257,100,1,43.45,0.12,Gold,0.5633,2024-03-13
CUST00505,Midwest,Standard,Month-to-Month,Mail,Hotspot,In-Store,Contract Issue,61,247.86,15142.79,47.54,9,True,78,2,No accountability at all,Negative,0.1181,100,1,248.24,0.1452,Platinum,0.6615,2022-09-26
CUST00506,Midwest,Basic,2-Year,In-Store,Home Internet,Phone,Plan Change,18,127.2,2167.08,107.77,6,True,91,2,Very disappointed with service,Negative,0.1087,100,1,120.39,0.3158,Silver,0.6843,2022-07-28
CUST00507,Southeast,Enterprise,1-Year,Manual-Online,Smartphone,Chat,Speed Issue,61,69.51,3648.59,117.65,10,False,-62,4,Excellent support experience,Positive,0.6963,82.4,1,59.81,0.1613,Platinum,0.5665,2024-09-27
CUST00508,Midwest,Standard,2-Year,Mail,Smartphone,In-Store,No Issue,84,114.05,9354.75,53.97,0,True,-71,1,No accountability at all,Negative,0.0675,100,1,111.37,0.0,Platinum,0.3008,2024-09-09
CUST00509,Midwest,Basic,2-Year,Manual-Online,Home Internet,In-Store,Contract Issue,56,95.63,4686.12,39.7,5,False,79,1,No accountability at all,Negative,0.235,100,1,83.68,0.0877,Gold,0.5132,2024-12-21
CUST00510,West,Basic,2-Year,Auto-Pay,Tablet,Chat,Network Outage,77,182.94,11988.42,54.22,10,True,-90,2,Poor network reliability,Negative,0.0263,100,1,155.69,0.1282,Platinum,0.3675,2023-06-10
CUST00511,Northeast,Basic,Month-to-Month,In-Store,Hotspot,App,Network Outage,55,244.95,13224.79,30.55,1,True,68,5,Seamless experience overall,Positive,0.6559,8.4,0,240.45,0.0179,Gold,0.944,2024-10-01
CUST00512,Midwest,Premium,2-Year,Manual-Online,Smartphone,Chat,Network Outage,5,71.37,324.71,100.08,4,True,51,3,Waited longer than expected,Neutral,0.4266,77.8,0,64.94,0.6667,Bronze,0.7143,2023-06-07
CUST00513,Midwest,Enterprise,2-Year,Manual-Online,Home Internet,In-Store,Billing Dispute,33,178.83,6125.88,18.05,6,True,61,3,Expected better response time,Neutral,0.5143,79.8,1,185.63,0.1765,Silver,0.7318,2024-11-13
CUST00514,Southwest,Standard,1-Year,Manual-Online,Hotspot,In-Store,Device Problem,4,242.07,870.97,33.14,3,False,-84,3,Nothing exceptional,Neutral,0.5728,100,1,217.74,0.6,Bronze,0.428,2023-07-14
CUST00515,Southeast,Standard,1-Year,Auto-Pay,Smartphone,In-Store,Network Outage,49,239.38,11806.41,15.7,9,False,-76,5,Highly satisfied with resolution,Positive,0.8802,53.2,0,240.95,0.18,Gold,0.642,2023-08-01
CUST00516,Southwest,Premium,2-Year,Auto-Pay,Smartphone,Phone,Speed Issue,50,69.74,3526.11,81.66,12,False,51,2,No accountability at all,Negative,0.214,100,1,70.52,0.2353,Gold,0.5642,2022-09-16
CUST00517,Southeast,Enterprise,2-Year,In-Store,Smartphone,Email,Contract Issue,32,179.2,5353.92,55.48,14,True,19,5,Outstanding customer care,Positive,0.7103,44.2,0,167.31,0.4242,Silver,0.8582,2024-05-26
CUST00518,Southwest,Standard,1-Year,Auto-Pay,Hotspot,In-Store,No Issue,41,215.94,8649.34,10.13,7,True,-58,5,Very happy with service,Positive,0.6338,45.6,0,210.96,0.1667,Gold,0.7235,2023-08-09
CUST00519,Southwest,Enterprise,Month-to-Month,Mail,Business Line,Phone,Device Problem,64,143.29,9625.34,106.68,3,False,-97,5,Problem resolved quickly,Positive,0.9644,45.4,0,150.4,0.0462,Platinum,0.6053,2022-01-15
CUST00520,West,Premium,Month-to-Month,Auto-Pay,Business Line,In-Store,Network Outage,68,228.83,13770.41,44.68,4,True,-87,4,Agent was very helpful,Positive,0.7493,75.4,1,202.51,0.058,Platinum,0.5728,2022-08-20
CUST00521,Midwest,Standard,2-Year,Auto-Pay,Hotspot,Email,Device Problem,38,88.24,2851.65,76.11,12,True,-22,5,Very happy with service,Positive,0.9742,48.4,0,75.04,0.3077,Gold,0.7865,2024-09-26
CUST00522,Northeast,Premium,Month-to-Month,Mail,Hotspot,Email,Speed Issue,14,31.12,447.9,23.15,11,True,-75,4,Excellent support experience,Positive,0.8116,87.0,1,31.99,0.7333,Silver,0.5938,2022-11-11
CUST00523,West,Basic,1-Year,Auto-Pay,Tablet,Email,Network Outage,61,116.97,6491.98,51.97,5,True,-73,4,Seamless experience overall,Positive,0.6647,74.6,1,106.43,0.0806,Platinum,0.5973,2023-12-26
CUST00524,West,Basic,1-Year,Manual-Online,Smartphone,Phone,Speed Issue,6,59.4,332.95,40.41,1,True,70,2,Billing overcharge not fixed,Negative,0.0356,98.0,1,55.49,0.1429,Bronze,0.6475,2024-09-28
CUST00525,Southwest,Enterprise,2-Year,Manual-Online,Hotspot,In-Store,Plan Change,50,58.9,3067.32,95.33,4,True,-12,5,Very happy with service,Positive,0.907,30.4,0,61.35,0.0784,Gold,0.804,2023-04-30
CUST00526,Northeast,Premium,1-Year,Auto-Pay,Home Internet,In-Store,Speed Issue,37,136.89,5075.97,30.48,4,True,-37,3,Decent support,Neutral,0.5983,95.4,1,137.19,0.1053,Gold,0.5603,2023-05-22
CUST00527,West,Standard,1-Year,Auto-Pay,Business Line,App,Network Outage,25,248.35,6011.56,76.5,7,True,-67,4,Problem resolved quickly,Positive,0.9716,77.4,0,240.46,0.2692,Silver,0.6078,2024-05-23
CUST00528,Northeast,Standard,Month-to-Month,Auto-Pay,Home Internet,In-Store,Plan Change,40,184.02,7699.58,27.39,13,False,-85,5,Agent went above and beyond,Positive,0.8575,63.0,0,192.49,0.3171,Gold,0.6262,2023-09-16
CUST00529,Northeast,Premium,1-Year,In-Store,Hotspot,In-Store,Network Outage,41,226.91,8245.99,1.06,10,True,-27,4,Very professional support team,Positive,0.6403,75.4,0,201.12,0.2381,Gold,0.6778,2023-01-14
CUST00530,Midwest,Enterprise,1-Year,In-Store,Hotspot,Chat,Billing Dispute,2,180.24,361.96,16.51,11,True,90,5,Great network coverage,Positive,0.8419,24.0,0,180.98,3.6667,Bronze,0.9825,2023-05-03
CUST00531,Midwest,Standard,2-Year,Mail,Smartphone,Chat,Network Outage,81,193.36,13689.84,70.8,6,True,80,4,Excellent support experience,Positive,0.63,46.0,0,169.01,0.0732,Platinum,0.865,2023-12-04
CUST00532,Midwest,Enterprise,Month-to-Month,Manual-Online,Smartphone,Phone,Network Outage,54,151.1,7347.58,105.37,11,True,14,1,Issue still not resolved,Negative,0.1448,100,1,136.07,0.2,Gold,0.4495,2024-12-08
CUST00533,Southwest,Basic,Month-to-Month,In-Store,Tablet,Email,Billing Dispute,73,43.36,3306.12,23.63,12,False,75,5,Great network coverage,Positive,0.9886,29.0,0,45.29,0.1622,Platinum,0.9062,2022-12-05
CUST00534,West,Enterprise,2-Year,Mail,Home Internet,App,Speed Issue,27,70.48,1678.41,26.92,0,False,28,5,Outstanding customer care,Positive,0.7214,14.4,0,62.16,0.0,Silver,0.824,2023-03-28
CUST00535,Midwest,Premium,2-Year,Auto-Pay,Tablet,Phone,Billing Dispute,69,82.4,4877.21,18.63,8,True,-31,1,Agent was unhelpful,Negative,0.2969,100,1,70.68,0.1143,Platinum,0.3707,2023-03-07
CUST00536,Southwest,Basic,Month-to-Month,In-Store,Business Line,Email,Speed Issue,11,238.2,2690.41,32.42,4,False,56,3,Service was okay,Neutral,0.4878,76.8,1,244.58,0.3333,Bronze,0.673,2022-01-22
CUST00537,Midwest,Standard,2-Year,In-Store,Tablet,Email,Billing Dispute,69,174.6,12331.68,112.74,3,False,67,3,Waited longer than expected,Neutral,0.4653,72.6,1,178.72,0.0429,Platinum,0.6923,2024-06-24
CUST00538,Southeast,Premium,1-Year,Manual-Online,Business Line,In-Store,Network Outage,58,80.97,4673.99,44.87,15,True,26,2,Poor network reliability,Negative,0.0567,100,1,80.59,0.2542,Gold,0.5705,2024-10-01
CUST00539,Southeast,Premium,Month-to-Month,In-Store,Tablet,Phone,No Issue,51,181.21,8202.66,18.08,13,True,16,4,Great network coverage,Positive,0.6549,72.8,0,160.84,0.25,Gold,0.753,2022-01-25
CUST00540,Southwest,Basic,1-Year,Mail,Smartphone,Chat,No Issue,2,197.95,387.55,6.21,7,True,-32,2,Will consider switching providers,Negative,0.004,100,1,193.78,2.3333,Bronze,0.469,2022-01-20
CUST00541,Northeast,Premium,2-Year,Auto-Pay,Tablet,Phone,Device Problem,73,226.32,16737.67,37.58,15,True,-38,1,Billing overcharge not fixed,Negative,0.1882,100,1,229.28,0.2027,Platinum,0.3585,2022-09-10
CUST00542,Northeast,Basic,Month-to-Month,In-Store,Smartphone,App,No Issue,54,61.19,3411.43,3.86,13,False,-63,3,Expected better response time,Neutral,0.5765,100,1,63.17,0.2364,Gold,0.4648,2024-02-27
CUST00543,Northeast,Enterprise,Month-to-Month,Auto-Pay,Tablet,Chat,Speed Issue,46,46.77,1972.3,43.9,2,True,54,2,No accountability at all,Negative,0.1005,100,1,42.88,0.0426,Gold,0.6195,2023-01-07
CUST00544,West,Standard,2-Year,In-Store,Business Line,Email,Speed Issue,14,89.63,1191.89,44.92,8,True,-100,2,Poor network reliability,Negative,0.0961,100,1,85.14,0.5333,Silver,0.35,2024-03-10
CUST00545,West,Enterprise,Month-to-Month,Auto-Pay,Business Line,In-Store,Contract Issue,36,61.82,2035.48,16.18,12,True,-19,4,Agent went above and beyond,Positive,0.8407,77.8,1,56.54,0.3243,Gold,0.6918,2023-11-14
CUST00546,Southeast,Standard,1-Year,Mail,Business Line,In-Store,Plan Change,69,138.36,9138.64,28.38,2,False,34,5,Problem resolved quickly,Positive,0.8812,17.2,0,132.44,0.0286,Platinum,0.8345,2023-04-27
CUST00547,Midwest,Basic,Month-to-Month,Auto-Pay,Hotspot,App,Device Problem,18,232.59,3608.51,42.57,4,True,17,2,No accountability at all,Negative,0.2915,100,1,200.47,0.2105,Silver,0.5547,2024-05-12
CUST00548,Southeast,Standard,Month-to-Month,Auto-Pay,Tablet,Chat,Contract Issue,19,113.03,1836.75,115.82,11,True,79,1,Issue still not resolved,Negative,0.143,100,1,96.67,0.55,Silver,0.5633,2022-11-20
CUST00549,Northeast,Standard,1-Year,Manual-Online,Smartphone,Phone,Billing Dispute,2,155.21,314.38,18.82,5,False,90,2,Billing overcharge not fixed,Negative,0.1411,100,1,157.19,1.6667,Bronze,0.6325,2023-11-22
CUST00550,West,Basic,1-Year,Auto-Pay,Tablet,Chat,Contract Issue,5,162.91,720.65,20.08,12,False,74,4,Great network coverage,Positive,0.8846,59.2,0,144.13,2.0,Bronze,0.8045,2023-06-13
CUST00551,Southwest,Premium,2-Year,Manual-Online,Home Internet,Phone,Speed Issue,12,144.72,1815.81,15.89,6,False,58,1,Poor network reliability,Negative,0.2468,100,1,151.32,0.4615,Silver,0.4765,2022-06-08
CUST00552,West,Enterprise,1-Year,Mail,Home Internet,Phone,Billing Dispute,48,172.25,7349.81,13.9,2,True,54,3,Decent support,Neutral,0.3488,73.2,0,153.12,0.0408,Gold,0.7195,2022-08-07
CUST00553,Northeast,Standard,2-Year,Auto-Pay,Hotspot,Phone,Plan Change,26,170.44,3795.41,33.03,1,False,-89,1,Billing overcharge not fixed,Negative,0.0025,100,1,145.98,0.037,Silver,0.2193,2024-01-01
CUST00554,Midwest,Enterprise,2-Year,Manual-Online,Hotspot,In-Store,Contract Issue,46,244.24,11128.66,12.59,13,True,28,2,Worst customer service experience,Negative,0.1431,100,1,241.93,0.2766,Gold,0.574,2022-03-18
CUST00555,Midwest,Standard,Month-to-Month,Mail,Smartphone,Chat,Contract Issue,30,224.56,6814.24,78.85,5,True,14,2,Terrible wait times,Negative,0.187,100,1,227.14,0.1613,Silver,0.5495,2024-06-01
CUST00556,Northeast,Enterprise,Month-to-Month,Manual-Online,Business Line,App,Billing Dispute,20,154.71,3245.45,12.59,0,True,96,3,Acceptable service,Neutral,0.5603,60.8,0,162.27,0.0,Silver,0.793,2022-06-28
CUST00557,West,Basic,1-Year,In-Store,Tablet,Email,Network Outage,9,91.62,760.81,11.62,5,False,-34,4,Seamless experience overall,Positive,0.8601,66.8,1,84.53,0.5,Bronze,0.6155,2022-10-15
CUST00558,Northeast,Enterprise,Month-to-Month,In-Store,Hotspot,In-Store,Device Problem,80,231.76,16237.97,44.64,10,True,-79,4,Outstanding customer care,Positive,0.951,85.8,1,202.97,0.1235,Platinum,0.5868,2022-03-29
CUST00559,Southwest,Basic,2-Year,Manual-Online,Business Line,Chat,Network Outage,14,93.94,1159.5,48.51,2,True,-1,4,Excellent support experience,Positive,0.7396,54.2,0,82.82,0.1333,Silver,0.7233,2024-08-17
CUST00560,Southwest,Enterprise,Month-to-Month,Auto-Pay,Tablet,Chat,Device Problem,56,73.87,3788.18,38.76,15,True,79,4,Excellent support experience,Positive,0.7114,64.2,0,67.65,0.2632,Gold,0.8633,2022-03-20
CUST00561,Southwest,Standard,1-Year,Manual-Online,Tablet,Email,Plan Change,5,247.31,1242.54,8.43,11,False,21,2,Very disappointed with service,Negative,0.2858,100,1,248.51,1.8333,Bronze,0.5117,2024-05-16
CUST00562,Midwest,Premium,2-Year,Manual-Online,Smartphone,Phone,Billing Dispute,36,119.11,3900.62,85.75,13,True,71,3,Service was okay,Neutral,0.3277,91.8,1,108.35,0.3514,Gold,0.7492,2024-05-27
CUST00563,Midwest,Premium,Month-to-Month,Manual-Online,Hotspot,In-Store,Device Problem,61,147.8,9076.85,115.91,13,True,77,5,Agent went above and beyond,Positive,0.9292,30.6,0,148.8,0.2097,Platinum,0.9597,2023-02-11
CUST00564,Northeast,Standard,1-Year,In-Store,Smartphone,Phone,Device Problem,19,139.87,2427.07,95.25,13,True,33,1,Poor network reliability,Negative,0.1903,100,1,127.74,0.65,Silver,0.4828,2022-07-19
CUST00565,Northeast,Standard,2-Year,Manual-Online,Home Internet,App,No Issue,22,162.2,3187.39,25.96,6,True,-6,3,Decent support,Neutral,0.4506,93.2,1,144.88,0.2609,Silver,0.6145,2022-09-13
CUST00566,West,Enterprise,1-Year,Mail,Hotspot,Email,No Issue,70,123.68,9045.58,40.96,5,False,9,3,Waited longer than expected,Neutral,0.3488,88.2,1,129.22,0.0704,Platinum,0.5908,2024-06-11
CUST00567,West,Premium,2-Year,Mail,Hotspot,App,No Issue,13,248.97,3272.82,13.35,0,False,-74,4,Very professional support team,Positive,0.9709,64.8,0,251.76,0.0,Silver,0.5455,2022-07-24
CUST00568,West,Basic,2-Year,In-Store,Home Internet,Phone,Network Outage,59,151.34,7794.18,102.9,3,True,18,4,Agent went above and beyond,Positive,0.603,52.4,0,132.1,0.05,Gold,0.7565,2024-02-07
CUST00569,Southeast,Premium,1-Year,In-Store,Hotspot,In-Store,Contract Issue,31,30.9,988.37,4.89,0,True,-5,5,Very professional support team,Positive,0.727,21.0,0,31.88,0.0,Silver,0.8163,2022-12-16
CUST00570,Southwest,Enterprise,Month-to-Month,Mail,Tablet,App,Contract Issue,51,212.27,10936.91,69.76,4,False,86,2,Terrible wait times,Negative,0.1552,100,1,214.45,0.0769,Gold,0.6255,2024-06-14
CUST00571,Southeast,Basic,2-Year,Manual-Online,Business Line,Chat,Contract Issue,74,202.53,15266.07,75.65,8,True,-18,2,Very disappointed with service,Negative,0.1312,100,1,206.3,0.1067,Platinum,0.4935,2022-11-10
CUST00572,Northeast,Basic,2-Year,Mail,Smartphone,Phone,Device Problem,82,168.92,12765.82,29.53,7,True,-51,5,Problem resolved quickly,Positive,0.8905,44.2,0,155.68,0.0843,Platinum,0.7358,2024-02-14
CUST00573,Midwest,Basic,1-Year,Auto-Pay,Tablet,Chat,Contract Issue,75,220.72,14438.17,111.34,3,True,-64,3,Average experience,Neutral,0.3278,98.8,1,192.51,0.0395,Platinum,0.513,2024-10-09
CUST00574,Midwest,Standard,1-Year,Auto-Pay,Home Internet,Chat,Device Problem,10,137.02,1336.13,26.03,13,False,-20,4,Agent was very helpful,Positive,0.7195,80.0,1,133.61,1.1818,Bronze,0.64,2023-01-01
CUST00575,Southwest,Basic,Month-to-Month,In-Store,Hotspot,In-Store,Plan Change,77,150.22,10198.31,89.26,3,True,55,1,No accountability at all,Negative,0.1535,100,1,132.45,0.0385,Platinum,0.5212,2022-11-09
CUST00576,Southeast,Premium,Month-to-Month,Manual-Online,Smartphone,Email,Network Outage,29,48.35,1385.77,16.06,8,False,-49,1,No accountability at all,Negative,0.1956,100,1,47.79,0.2667,Silver,0.2893,2024-08-14
CUST00577,West,Enterprise,2-Year,Mail,Tablet,Email,Network Outage,26,181.14,4838.98,34.45,12,True,49,5,Outstanding customer care,Positive,0.6663,34.2,0,186.11,0.4444,Silver,0.9107,2023-02-26
CUST00578,West,Enterprise,1-Year,Mail,Business Line,Email,No Issue,41,167.03,6652.78,52.09,11,True,61,1,Very disappointed with service,Negative,0.2874,100,1,162.26,0.2619,Gold,0.5317,2023-06-03
CUST00579,Southwest,Enterprise,1-Year,In-Store,Home Internet,Chat,Billing Dispute,24,207.98,4671.45,23.12,7,True,-45,3,Nothing exceptional,Neutral,0.3367,100,1,194.64,0.28,Silver,0.5463,2023-10-15
CUST00580,Northeast,Premium,Month-to-Month,Mail,Business Line,Email,Network Outage,72,44.56,2909.06,26.25,6,True,43,3,Issue eventually resolved,Neutral,0.4722,83.4,1,40.4,0.0822,Platinum,0.7003,2024-05-13
CUST00581,West,Premium,1-Year,Manual-Online,Tablet,Chat,No Issue,64,139.69,9369.75,51.13,3,False,-57,5,Highly satisfied with resolution,Positive,0.8365,37.4,0,146.4,0.0462,Platinum,0.6753,2023-04-30
CUST00582,Southwest,Basic,1-Year,Auto-Pay,Business Line,Chat,Device Problem,37,58.82,2270.73,5.4,1,True,65,1,Issue still not resolved,Negative,0.249,100,1,61.37,0.0263,Gold,0.5387,2024-04-30
CUST00583,Midwest,Premium,1-Year,In-Store,Home Internet,Chat,Plan Change,41,138.63,4884.77,36.51,14,False,64,1,Will consider switching providers,Negative,0.0308,100,1,119.14,0.3333,Gold,0.487,2023-04-04
CUST00584,Northeast,Basic,Month-to-Month,Auto-Pay,Hotspot,In-Store,Network Outage,22,49.35,1080.08,97.66,0,True,-34,1,Billing overcharge not fixed,Negative,0.0225,100,1,49.09,0.0,Silver,0.3655,2023-11-06
CUST00585,Southwest,Enterprise,1-Year,Manual-Online,Tablet,App,Device Problem,16,57.77,945.01,90.61,13,False,71,1,Agent was unhelpful,Negative,0.1734,100,1,59.06,0.7647,Silver,0.4992,2024-09-30
CUST00586,Midwest,Premium,2-Year,Mail,Tablet,Chat,Speed Issue,38,186.49,6523.96,100.43,7,True,77,1,Problem kept recurring,Negative,0.0181,100,1,171.68,0.1795,Gold,0.5597,2022-01-27
CUST00587,Southeast,Enterprise,1-Year,Manual-Online,Home Internet,Chat,Speed Issue,27,209.07,5657.99,62.16,10,True,81,4,Agent was very helpful,Positive,0.9391,53.8,0,209.56,0.3571,Silver,0.8668,2022-08-05
CUST00588,Southeast,Standard,1-Year,Mail,Home Internet,App,Plan Change,26,201.59,4652.16,34.06,5,True,47,1,Issue still not resolved,Negative,0.2235,100,1,178.93,0.1852,Silver,0.5072,2023-05-08
CUST00589,Northeast,Enterprise,Month-to-Month,In-Store,Smartphone,In-Store,Contract Issue,68,129.57,7957.14,111.3,2,True,10,2,No accountability at all,Negative,0.1293,100,1,117.02,0.029,Platinum,0.5425,2023-11-15
CUST00590,Northeast,Enterprise,1-Year,In-Store,Smartphone,Chat,Contract Issue,49,191.03,8747.52,35.99,12,True,52,3,Could be improved,Neutral,0.4556,93.6,1,178.52,0.24,Gold,0.716,2022-08-12
CUST00591,Northeast,Standard,Month-to-Month,Manual-Online,Smartphone,Chat,Billing Dispute,74,88.55,5656.09,13.02,7,False,0,4,Excellent support experience,Positive,0.688,64.0,0,76.43,0.0933,Platinum,0.675,2023-07-04
CUST00592,West,Standard,Month-to-Month,Manual-Online,Hotspot,Email,Contract Issue,77,93.35,6114.22,23.02,15,True,76,2,Issue still not resolved,Negative,0.05,100,1,79.41,0.1923,Platinum,0.658,2023-11-12
CUST00593,West,Standard,Month-to-Month,Mail,Home Internet,Email,Billing Dispute,23,244.35,5767.58,21.32,0,True,21,5,Very happy with service,Positive,0.7953,15.8,0,250.76,0.0,Silver,0.8618,2023-05-22
CUST00594,West,Basic,Month-to-Month,Auto-Pay,Business Line,Email,No Issue,30,145.55,3857.63,18.44,3,True,-23,3,Nothing exceptional,Neutral,0.5969,90.6,1,128.59,0.0968,Silver,0.5847,2023-06-12
CUST00595,West,Premium,1-Year,Mail,Smartphone,Email,Speed Issue,43,226.09,9769.56,102.98,15,True,-31,5,Very happy with service,Positive,0.6592,56.2,0,227.2,0.3409,Gold,0.7708,2024-04-20
CUST00596,Southeast,Standard,1-Year,Mail,Smartphone,Phone,Plan Change,56,109.06,6100.48,24.07,12,True,-30,5,Seamless experience overall,Positive,0.9949,50.0,0,108.94,0.2105,Gold,0.7725,2024-12-15
CUST00597,Southeast,Premium,2-Year,In-Store,Hotspot,In-Store,Plan Change,54,237.95,11631.82,23.68,10,True,10,4,Highly satisfied with resolution,Positive,0.7154,68.0,1,215.4,0.1818,Gold,0.7425,2022-01-18
CUST00598,West,Standard,1-Year,Manual-Online,Business Line,Email,Plan Change,72,176.14,11549.94,35.3,9,True,16,1,Will consider switching providers,Negative,0.037,100,1,160.42,0.1233,Platinum,0.453,2024-09-27
CUST00599,Midwest,Basic,1-Year,In-Store,Smartphone,Chat,Speed Issue,18,107.04,1746.87,103.22,4,True,82,3,Expected better response time,Neutral,0.4296,71.6,0,97.05,0.2105,Silver,0.7685,2022-06-15
CUST00600,Midwest,Standard,Month-to-Month,Mail,Hotspot,Phone,No Issue,82,114.96,8765.18,108.6,8,True,52,3,Got what I needed but took a while,Neutral,0.5037,85.6,1,106.89,0.0964,Platinum,0.716,2023-10-23
CUST00601,Southwest,Standard,2-Year,Manual-Online,Hotspot,Phone,Device Problem,71,73.89,4779.27,36.38,14,True,-4,4,Great network coverage,Positive,0.7768,78.8,0,67.31,0.1944,Platinum,0.718,2023-10-04
CUST00602,Southwest,Premium,1-Year,In-Store,Home Internet,In-Store,Device Problem,53,131.47,7194.45,4.14,13,True,93,2,Billing overcharge not fixed,Negative,0.236,100,1,135.74,0.2407,Gold,0.6877,2024-11-14
CUST00603,Midwest,Standard,2-Year,In-Store,Smartphone,In-Store,Network Outage,52,177.41,8695.43,91.8,14,True,-79,1,Issue still not resolved,Negative,0.1,100,1,167.22,0.2642,Gold,0.2868,2022-07-19
CUST00604,Midwest,Enterprise,2-Year,In-Store,Smartphone,Chat,Contract Issue,75,178.36,13348.54,7.31,6,True,43,4,Agent was very helpful,Positive,0.6894,53.4,0,177.98,0.0789,Platinum,0.8003,2022-11-13
CUST00605,Midwest,Premium,2-Year,Auto-Pay,Home Internet,App,Contract Issue,26,55.23,1220.59,72.85,3,True,-37,2,Very disappointed with service,Negative,0.2498,100,1,46.95,0.1111,Silver,0.4602,2024-06-27
CUST00606,West,Basic,Month-to-Month,In-Store,Home Internet,In-Store,Network Outage,31,215.17,6399.08,98.78,14,True,10,2,Poor network reliability,Negative,0.0425,100,1,206.42,0.4375,Silver,0.5425,2023-05-08
CUST00607,Southeast,Standard,1-Year,Mail,Hotspot,Email,Contract Issue,13,240.99,2971.82,80.46,12,False,78,1,Worst customer service experience,Negative,0.0444,100,1,228.6,0.8571,Silver,0.5115,2023-08-04
CUST00608,West,Basic,2-Year,Mail,Smartphone,App,Speed Issue,5,171.91,884.17,74.77,1,True,-65,4,Seamless experience overall,Positive,0.7108,65.0,0,176.83,0.1667,Bronze,0.6113,2022-11-21
CUST00609,Midwest,Standard,1-Year,Mail,Business Line,Chat,Network Outage,84,63.3,5217.17,68.01,14,True,-29,3,Issue eventually resolved,Neutral,0.5748,100,1,62.11,0.1647,Platinum,0.5742,2024-09-17
CUST00610,West,Enterprise,2-Year,Manual-Online,Business Line,App,No Issue,68,87.02,5855.55,71.07,11,False,-83,1,Poor network reliability,Negative,0.0695,100,1,86.11,0.1594,Platinum,0.2298,2022-08-06
CUST00611,West,Enterprise,1-Year,Manual-Online,Tablet,Chat,Network Outage,50,196.27,9165.92,8.66,8,True,-91,1,Terrible wait times,Negative,0.182,100,1,183.32,0.1569,Gold,0.2657,2022-03-02
CUST00612,Southeast,Premium,Month-to-Month,Mail,Home Internet,Phone,Contract Issue,74,152.41,10028.06,59.44,9,True,-49,2,No accountability at all,Negative,0.2426,100,1,135.51,0.12,Platinum,0.4393,2023-01-29
CUST00613,Northeast,Basic,2-Year,Auto-Pay,Tablet,Chat,No Issue,18,226.51,3758.8,49.56,2,True,-53,5,Seamless experience overall,Positive,0.6761,34.6,0,208.82,0.1053,Silver,0.7323,2023-03-01
CUST00614,Southwest,Enterprise,2-Year,In-Store,Hotspot,App,Plan Change,18,206.34,3483.01,75.43,2,True,-68,5,Outstanding customer care,Positive,0.6404,37.6,0,193.5,0.1053,Silver,0.706,2024-10-18
CUST00615,Southeast,Basic,2-Year,In-Store,Smartphone,Phone,No Issue,38,232.89,7967.28,84.69,2,True,-27,1,Agent was unhelpful,Negative,0.256,100,1,209.67,0.0513,Gold,0.3778,2024-10-21
CUST00616,Midwest,Enterprise,2-Year,Auto-Pay,Business Line,Chat,Plan Change,61,236.11,15079.45,78.73,1,True,7,3,Service was okay,Neutral,0.3418,80.6,1,247.2,0.0161,Platinum,0.6372,2023-11-07
CUST00617,Northeast,Standard,1-Year,Auto-Pay,Business Line,App,Contract Issue,5,106.08,458.35,50.53,2,False,-67,3,Issue eventually resolved,Neutral,0.3107,97.4,1,91.67,0.3333,Bronze,0.4578,2024-11-05
CUST00618,Southeast,Premium,1-Year,Mail,Hotspot,Phone,Billing Dispute,8,35.79,288.14,24.34,12,True,41,4,Agent went above and beyond,Positive,0.8782,65.8,0,36.02,1.3333,Bronze,0.7968,2024-05-30
CUST00619,West,Standard,Month-to-Month,Mail,Smartphone,App,Speed Issue,46,72.59,3129.79,7.89,7,True,50,1,No accountability at all,Negative,0.1704,100,1,68.04,0.1489,Gold,0.5125,2022-01-31
CUST00620,Southeast,Basic,Month-to-Month,Auto-Pay,Tablet,In-Store,Network Outage,37,39.61,1348.23,78.97,7,True,-67,5,Agent went above and beyond,Positive,0.7915,47.4,0,36.44,0.1842,Gold,0.7077,2022-09-08
CUST00621,Northeast,Basic,1-Year,Manual-Online,Home Internet,Email,No Issue,29,127.57,3368.58,44.67,9,True,34,3,Acceptable service,Neutral,0.451,91.2,1,116.16,0.3,Silver,0.6845,2022-04-21
CUST00622,Midwest,Enterprise,2-Year,Mail,Hotspot,Chat,Network Outage,18,215.1,3694.47,37.29,6,True,-5,2,Agent was unhelpful,Negative,0.2095,100,1,205.25,0.3158,Silver,0.5162,2024-07-18
CUST00623,Northeast,Basic,1-Year,Auto-Pay,Hotspot,Email,Plan Change,50,96.08,5010.66,8.11,12,False,-96,4,Very happy with service,Positive,0.6898,93.2,1,100.21,0.2353,Gold,0.507,2024-02-16
CUST00624,Southeast,Enterprise,2-Year,Auto-Pay,Hotspot,Chat,Plan Change,45,236.18,10968.31,90.78,10,True,92,5,Problem resolved quickly,Positive,0.9029,21.6,0,243.74,0.2174,Gold,0.986,2023-11-30
CUST00625,Southwest,Enterprise,1-Year,Auto-Pay,Smartphone,App,Device Problem,37,218.86,8402.26,56.16,8,True,-3,4,Problem resolved quickly,Positive,0.6527,66.6,1,227.09,0.2105,Gold,0.7198,2022-02-01
CUST00626,Midwest,Premium,Month-to-Month,Manual-Online,Business Line,Email,Speed Issue,74,116.8,8410.78,44.04,8,True,-69,3,Nothing exceptional,Neutral,0.5508,100,1,113.66,0.1067,Platinum,0.5043,2023-01-02
CUST00627,West,Enterprise,Month-to-Month,Mail,Smartphone,In-Store,Billing Dispute,46,135.64,6357.15,26.92,1,True,-30,5,Great network coverage,Positive,0.7256,28.0,0,138.2,0.0213,Gold,0.7725,2022-05-12
CUST00628,West,Standard,1-Year,In-Store,Hotspot,In-Store,Network Outage,30,168.66,4449.49,74.54,1,True,-71,1,No accountability at all,Negative,0.2582,100,1,148.32,0.0323,Silver,0.3008,2023-10-12
CUST00629,Northeast,Standard,Month-to-Month,In-Store,Hotspot,Chat,Contract Issue,46,148.89,5882.87,28.93,3,True,29,4,Excellent support experience,Positive,0.8044,50.2,0,127.89,0.0638,Gold,0.7758,2023-05-01
CUST00630,Southeast,Premium,2-Year,In-Store,Home Internet,Chat,Contract Issue,55,222.68,10760.76,39.86,11,True,4,3,Decent support,Neutral,0.4866,100,1,195.65,0.1964,Gold,0.632,2022-11-25
CUST00631,Midwest,Basic,1-Year,Manual-Online,Business Line,Chat,Billing Dispute,78,76.52,5447.03,86.18,11,True,-4,5,Very happy with service,Positive,0.8628,42.8,0,69.83,0.1392,Platinum,0.818,2022-11-04
CUST00632,West,Basic,Month-to-Month,Manual-Online,Business Line,App,Plan Change,81,150.6,11388.81,88.23,1,False,68,5,Great network coverage,Positive,0.7764,8.4,0,140.6,0.0122,Platinum,0.894,2023-07-06
CUST00633,Southeast,Premium,Month-to-Month,In-Store,Tablet,Email,Network Outage,59,99.25,6116.21,83.48,14,False,-8,1,No accountability at all,Negative,0.0229,100,1,103.66,0.2333,Gold,0.361,2024-01-12
CUST00634,West,Standard,1-Year,Mail,Tablet,App,No Issue,17,233.65,3570.83,109.2,4,True,-27,3,Issue eventually resolved,Neutral,0.4226,93.4,1,210.05,0.2222,Silver,0.5777,2024-10-31
CUST00635,Southeast,Enterprise,2-Year,Manual-Online,Tablet,In-Store,Billing Dispute,22,56.56,1123.22,66.99,15,True,-68,1,Very disappointed with service,Negative,0.207,100,1,51.06,0.6522,Silver,0.306,2022-05-30
CUST00636,Southeast,Enterprise,1-Year,In-Store,Tablet,In-Store,Contract Issue,72,83.11,5437.46,41.08,10,True,84,1,Terrible wait times,Negative,0.285,100,1,75.52,0.137,Platinum,0.572,2024-04-17
CUST00637,West,Enterprise,1-Year,Mail,Tablet,Phone,Contract Issue,76,231.59,18257.78,10.97,0,True,72,4,Agent went above and beyond,Positive,0.7282,35.6,0,240.23,0.0,Platinum,0.851,2022-12-28
CUST00638,Southwest,Premium,Month-to-Month,Manual-Online,Hotspot,In-Store,Speed Issue,7,154.1,1110.48,70.0,13,True,-18,4,Agent was very helpful,Positive,0.9814,79.6,1,158.64,1.625,Bronze,0.6935,2022-03-27
CUST00639,Southeast,Enterprise,2-Year,In-Store,Business Line,App,Speed Issue,13,106.41,1221.64,35.25,15,False,-43,2,Billing overcharge not fixed,Negative,0.2966,100,1,93.97,1.0714,Silver,0.3997,2022-08-06
CUST00640,Southeast,Premium,Month-to-Month,Auto-Pay,Tablet,App,No Issue,66,196.06,11069.75,108.4,6,True,25,1,Billing overcharge not fixed,Negative,0.2825,100,1,167.72,0.0896,Platinum,0.4688,2024-05-23
CUST00641,West,Standard,1-Year,In-Store,Smartphone,Chat,Device Problem,56,138.51,6727.83,17.28,8,True,-10,1,Agent was unhelpful,Negative,0.2182,100,1,120.14,0.1404,Gold,0.4075,2023-11-01
CUST00642,Southeast,Premium,1-Year,Mail,Business Line,Chat,Contract Issue,41,226.29,7957.38,12.95,10,True,42,1,Very disappointed with service,Negative,0.0738,100,1,194.08,0.2381,Gold,0.4985,2024-02-10
CUST00643,Southeast,Standard,1-Year,Mail,Tablet,In-Store,No Issue,24,191.37,4163.54,24.63,2,True,-100,4,Great network coverage,Positive,0.8445,74.0,0,173.48,0.08,Silver,0.55,2022-12-31
CUST00644,Northeast,Enterprise,2-Year,In-Store,Business Line,In-Store,Contract Issue,75,81.63,5630.88,64.12,5,True,-41,3,Could be improved,Neutral,0.539,98.2,1,75.08,0.0658,Platinum,0.5533,2024-03-14
CUST00645,Southwest,Premium,2-Year,Mail,Hotspot,Chat,Network Outage,15,241.83,3733.97,91.91,13,False,-17,2,Issue still not resolved,Negative,0.0529,100,1,248.93,0.8125,Silver,0.4453,2023-10-16
CUST00646,Northeast,Premium,2-Year,Mail,Tablet,In-Store,No Issue,63,162.22,10091.54,4.45,8,True,100,4,Very happy with service,Positive,0.8249,46.0,0,160.18,0.125,Platinum,0.9,2023-10-24
CUST00647,Midwest,Premium,1-Year,Mail,Home Internet,In-Store,Device Problem,34,230.71,7088.46,87.65,10,True,-22,4,Very professional support team,Positive,0.9502,74.4,1,208.48,0.2857,Silver,0.6865,2023-02-27
CUST00648,Northeast,Premium,Month-to-Month,Auto-Pay,Smartphone,In-Store,Billing Dispute,43,230.68,9952.65,66.79,1,True,-8,5,Problem resolved quickly,Positive,0.9941,23.6,0,231.46,0.0227,Gold,0.811,2024-03-21
CUST00649,Southeast,Premium,Month-to-Month,In-Store,Hotspot,In-Store,Network Outage,71,191.32,14099.94,5.29,0,True,28,4,Seamless experience overall,Positive,0.6169,44.4,0,198.59,0.0,Platinum,0.774,2023-08-03
CUST00650,Midwest,Basic,Month-to-Month,Manual-Online,Smartphone,Email,Contract Issue,16,208.85,3092.89,48.69,8,True,-81,1,Worst customer service experience,Negative,0.006,100,1,193.31,0.4706,Silver,0.2833,2022-11-07
CUST00651,Northeast,Enterprise,Month-to-Month,In-Store,Hotspot,In-Store,Plan Change,3,96.46,272.53,12.86,15,False,-26,4,Agent went above and beyond,Positive,0.8244,85.2,1,90.84,3.75,Bronze,0.6295,2024-09-16
CUST00652,Midwest,Standard,1-Year,Auto-Pay,Home Internet,In-Store,Speed Issue,70,187.2,12323.71,69.77,0,False,97,2,Problem kept recurring,Negative,0.1689,90.6,1,176.05,0.0,Platinum,0.6447,2023-09-29
CUST00653,Midwest,Standard,2-Year,Auto-Pay,Smartphone,App,Network Outage,27,220.25,5637.29,30.75,4,False,57,4,Great network coverage,Positive,0.8892,46.6,0,208.79,0.1429,Silver,0.7748,2023-04-22
CUST00654,Northeast,Enterprise,1-Year,Mail,Hotspot,Email,No Issue,20,38.02,751.12,72.25,0,True,76,2,Problem kept recurring,Negative,0.1637,94.8,1,37.56,0.0,Silver,0.658,2023-10-04
CUST00655,Southeast,Premium,1-Year,Mail,Business Line,App,No Issue,11,232.66,2393.27,10.22,4,True,-59,5,Excellent support experience,Positive,0.6665,39.8,0,217.57,0.3333,Bronze,0.7218,2024-06-15
CUST00656,Northeast,Basic,1-Year,Mail,Tablet,App,Device Problem,18,194.77,3363.58,48.53,9,True,11,3,Decent support,Neutral,0.4567,95.8,1,186.87,0.4737,Silver,0.6442,2024-02-01
CUST00657,Southwest,Standard,Month-to-Month,In-Store,Business Line,Phone,No Issue,79,239.43,17482.17,72.94,15,False,-47,3,Average experience,Neutral,0.3493,100,1,221.29,0.1875,Platinum,0.4928,2024-08-28
CUST00658,Northeast,Premium,1-Year,Manual-Online,Tablet,In-Store,Billing Dispute,1,98.59,87.5,83.59,14,True,-76,1,Will consider switching providers,Negative,0.0469,100,1,87.5,7.0,Bronze,0.292,2023-12-19
CUST00659,Southwest,Standard,1-Year,Auto-Pay,Tablet,Email,Speed Issue,55,158.57,7946.46,75.32,12,True,43,5,Problem resolved quickly,Positive,0.631,35.4,0,144.48,0.2143,Gold,0.9002,2022-11-09
CUST00660,Northeast,Standard,1-Year,Manual-Online,Hotspot,App,Billing Dispute,17,205.3,3376.54,92.16,10,True,88,5,Seamless experience overall,Positive,0.6837,22.4,0,198.62,0.5556,Silver,0.979,2022-01-06
CUST00661,Southeast,Standard,Month-to-Month,Manual-Online,Tablet,Phone,Device Problem,1,101.12,104.07,7.21,14,False,70,4,Highly satisfied with resolution,Positive,0.721,64.0,0,104.07,7.0,Bronze,0.7975,2022-08-29
CUST00662,Southeast,Enterprise,1-Year,Mail,Home Internet,Email,Speed Issue,67,99.72,5783.55,73.04,6,True,62,3,Got what I needed but took a while,Neutral,0.4681,79.6,1,86.32,0.0882,Platinum,0.7335,2024-09-30
CUST00663,Midwest,Basic,2-Year,Mail,Hotspot,Phone,Billing Dispute,47,218.17,10296.53,42.17,13,True,57,5,Problem resolved quickly,Positive,0.753,34.6,0,219.08,0.2708,Gold,0.9247,2023-01-02
CUST00664,Northeast,Standard,1-Year,In-Store,Business Line,Phone,Billing Dispute,76,98.28,6489.47,44.9,8,True,55,3,Decent support,Neutral,0.4925,85.0,1,85.39,0.1039,Platinum,0.7212,2024-03-26
CUST00665,Northeast,Premium,1-Year,Auto-Pay,Business Line,Chat,No Issue,61,249.38,14853.9,59.35,15,True,-91,3,Average experience,Neutral,0.5117,100,1,243.51,0.2419,Platinum,0.4657,2022-12-29
CUST00666,Southeast,Basic,1-Year,Auto-Pay,Smartphone,In-Store,Contract Issue,8,99.12,810.07,34.02,6,True,-15,3,Average experience,Neutral,0.5717,95.0,1,101.26,0.6667,Bronze,0.5988,2024-01-21
CUST00667,Southwest,Basic,2-Year,Mail,Home Internet,Chat,Billing Dispute,25,211.5,5024.74,87.75,2,True,13,1,Agent was unhelpful,Negative,0.2066,100,1,200.99,0.0769,Silver,0.4477,2024-04-18
CUST00668,Southeast,Basic,1-Year,In-Store,Business Line,Email,Billing Dispute,44,132.57,5933.53,11.25,14,True,-71,1,Issue still not resolved,Negative,0.0557,100,1,134.85,0.3111,Gold,0.3008,2022-02-11
CUST00669,Southeast,Basic,Month-to-Month,In-Store,Home Internet,Chat,Contract Issue,32,97.7,3083.19,113.18,6,True,-21,1,Billing overcharge not fixed,Negative,0.0534,100,1,96.35,0.1818,Silver,0.3882,2022-10-15
CUST00670,Southwest,Premium,1-Year,Manual-Online,Tablet,Email,Network Outage,23,245.43,5090.96,53.31,2,False,-10,5,Highly satisfied with resolution,Positive,0.7395,26.0,0,221.35,0.0833,Silver,0.7575,2024-12-07
CUST00671,West,Standard,Month-to-Month,Mail,Tablet,App,Plan Change,27,248.62,6288.3,77.87,9,True,-13,5,Great network coverage,Positive,0.9319,40.6,0,232.9,0.3214,Silver,0.8023,2023-07-05
CUST00672,Northeast,Standard,1-Year,Manual-Online,Home Internet,Email,Billing Dispute,15,143.74,2104.83,57.55,14,True,-5,5,Agent went above and beyond,Positive,0.8633,49.0,0,140.32,0.875,Silver,0.8163,2022-03-11
CUST00673,Midwest,Basic,2-Year,In-Store,Smartphone,Phone,Device Problem,61,103.63,6192.32,12.92,11,True,-59,4,Very happy with service,Positive,0.7756,83.8,1,101.51,0.1774,Platinum,0.6218,2024-07-23
CUST00674,Southwest,Enterprise,2-Year,Mail,Home Internet,Phone,Speed Issue,48,162.2,7369.16,48.74,1,True,95,5,Excellent support experience,Positive,0.7684,3.0,0,153.52,0.0204,Gold,0.9912,2023-07-06
CUST00675,Southwest,Enterprise,2-Year,Auto-Pay,Tablet,App,Network Outage,39,225.04,9154.37,113.2,6,True,-67,3,Service was okay,Neutral,0.5911,100,1,234.73,0.15,Gold,0.5078,2023-09-26
CUST00676,Southeast,Premium,1-Year,Mail,Tablet,In-Store,Billing Dispute,19,74.08,1244.83,37.6,5,True,-48,4,Problem resolved quickly,Positive,0.6617,69.6,0,65.52,0.25,Silver,0.641,2024-02-06
CUST00677,Northeast,Enterprise,Month-to-Month,In-Store,Smartphone,In-Store,Plan Change,51,183.72,9674.86,80.54,14,True,95,1,Terrible wait times,Negative,0.2289,100,1,189.7,0.2692,Gold,0.5913,2022-10-01
CUST00678,West,Premium,1-Year,Mail,Business Line,In-Store,Plan Change,10,106.3,1045.97,116.46,0,True,55,2,Terrible wait times,Negative,0.1087,99.0,1,104.6,0.0,Bronze,0.6212,2024-10-23
CUST00679,Northeast,Enterprise,Month-to-Month,Manual-Online,Tablet,In-Store,Network Outage,6,76.46,429.89,41.41,5,False,-62,3,Could be improved,Neutral,0.3104,100,1,71.65,0.7143,Bronze,0.4665,2024-05-13
CUST00680,Southeast,Standard,1-Year,Auto-Pay,Home Internet,Chat,Speed Issue,13,174.28,2109.07,97.02,5,True,-68,5,Great network coverage,Positive,0.7536,43.6,0,162.24,0.3571,Silver,0.706,2024-07-20
CUST00681,Northeast,Enterprise,2-Year,Mail,Home Internet,Chat,Speed Issue,55,86.89,4668.19,72.83,14,True,99,4,Highly satisfied with resolution,Positive,0.9377,58.2,0,84.88,0.25,Gold,0.8982,2024-01-18
CUST00682,Northeast,Standard,1-Year,Mail,Smartphone,Phone,Billing Dispute,44,238.59,10408.86,31.68,14,False,-88,4,Excellent support experience,Positive,0.9472,95.6,1,236.57,0.3111,Gold,0.521,2024-07-31
CUST00683,Midwest,Basic,2-Year,In-Store,Hotspot,In-Store,Speed Issue,38,198.69,6453.22,32.8,9,True,6,1,Billing overcharge not fixed,Negative,0.1908,100,1,169.82,0.2308,Gold,0.4355,2022-08-17
CUST00684,Midwest,Basic,2-Year,Mail,Tablet,Phone,Billing Dispute,69,50.8,3488.93,76.32,13,True,-12,4,Problem resolved quickly,Positive,0.9675,78.4,1,50.56,0.1857,Platinum,0.704,2024-12-08
CUST00685,Southwest,Enterprise,Month-to-Month,Auto-Pay,Hotspot,Email,Billing Dispute,19,164.05,3100.62,97.68,3,False,31,1,Billing overcharge not fixed,Negative,0.1268,100,1,163.19,0.15,Silver,0.4293,2022-02-15
CUST00686,Southeast,Premium,2-Year,Auto-Pay,Home Internet,Chat,No Issue,25,155.59,4080.28,74.25,7,True,-5,5,Seamless experience overall,Positive,0.6861,35.0,0,163.21,0.2692,Silver,0.8163,2024-06-13
CUST00687,Midwest,Standard,1-Year,Auto-Pay,Business Line,In-Store,Network Outage,37,89.98,3100.99,3.23,13,True,-30,3,Nothing exceptional,Neutral,0.3291,100,1,83.81,0.3421,Gold,0.5725,2023-04-06
CUST00688,Northeast,Premium,Month-to-Month,Auto-Pay,Business Line,Email,Contract Issue,78,211.92,15993.91,76.54,10,False,21,5,Very happy with service,Positive,0.7372,35.8,0,205.05,0.1266,Platinum,0.8117,2023-10-17
CUST00689,Midwest,Enterprise,Month-to-Month,Mail,Home Internet,Phone,Plan Change,22,178.05,3529.85,4.84,2,False,43,3,Acceptable service,Neutral,0.4108,75.4,0,160.45,0.087,Silver,0.6502,2023-08-21
CUST00690,Midwest,Enterprise,2-Year,Mail,Smartphone,Phone,Plan Change,75,66.67,4601.86,52.35,0,True,42,4,Problem resolved quickly,Positive,0.7501,41.6,0,61.36,0.0,Platinum,0.7985,2022-09-27
CUST00691,West,Basic,Month-to-Month,Mail,Tablet,Phone,Billing Dispute,74,93.65,7089.34,92.26,12,False,-10,2,Will consider switching providers,Negative,0.0837,100,1,95.8,0.16,Platinum,0.4575,2024-01-14
CUST00692,Northeast,Premium,2-Year,Mail,Tablet,In-Store,Device Problem,60,92.97,5772.94,19.68,5,False,-27,1,Terrible wait times,Negative,0.2289,100,1,96.22,0.082,Platinum,0.3277,2022-12-19
CUST00693,Northeast,Enterprise,2-Year,Mail,Home Internet,In-Store,Network Outage,82,36.38,2669.45,73.56,2,False,-95,3,Average experience,Neutral,0.4708,100,1,32.55,0.0241,Platinum,0.4088,2024-08-24
CUST00694,Northeast,Premium,Month-to-Month,Mail,Business Line,App,No Issue,25,217.06,4787.67,44.92,7,True,20,2,Billing overcharge not fixed,Negative,0.0194,100,1,191.51,0.2692,Silver,0.56,2022-03-05
CUST00695,Southeast,Enterprise,1-Year,Manual-Online,Business Line,In-Store,Network Outage,23,244.01,5331.86,14.23,10,True,-38,4,Excellent support experience,Positive,0.6028,77.6,1,231.82,0.4167,Silver,0.6585,2022-03-08
CUST00696,West,Enterprise,1-Year,Auto-Pay,Home Internet,Email,Contract Issue,69,56.61,3926.87,78.0,0,False,23,1,Worst customer service experience,Negative,0.2485,100,1,56.91,0.0,Platinum,0.4153,2022-03-23
CUST00697,Midwest,Enterprise,2-Year,Mail,Home Internet,Chat,Billing Dispute,19,216.35,4117.18,70.0,3,True,-7,4,Highly satisfied with resolution,Positive,0.6568,57.4,0,216.69,0.15,Silver,0.7127,2023-05-13
CUST00698,West,Standard,1-Year,Auto-Pay,Hotspot,Chat,Device Problem,63,195.54,12336.22,41.75,14,True,15,3,Waited longer than expected,Neutral,0.3107,100,1,195.81,0.2188,Platinum,0.6512,2022-10-14
CUST00699,Southeast,Premium,Month-to-Month,Manual-Online,Hotspot,App,Speed Issue,38,97.46,3678.18,68.55,9,False,82,4,Outstanding customer care,Positive,0.6618,51.6,0,96.79,0.2308,Gold,0.8185,2022-09-21
CUST00700,Southeast,Premium,1-Year,In-Store,Tablet,Chat,No Issue,28,158.3,3899.06,2.44,11,False,22,5,Agent was very helpful,Positive,0.989,37.6,0,139.25,0.3793,Silver,0.8135,2022-11-16
CUST00701,Southwest,Premium,2-Year,In-Store,Home Internet,In-Store,Contract Issue,22,221.56,4613.11,58.6,12,True,71,1,Billing overcharge not fixed,Negative,0.0619,100,1,209.69,0.5217,Silver,0.5493,2022-11-04
CUST00702,Midwest,Basic,2-Year,Manual-Online,Hotspot,In-Store,Device Problem,73,230.78,17373.58,100.96,7,True,-7,1,Issue still not resolved,Negative,0.2856,100,1,237.99,0.0946,Platinum,0.4128,2024-11-05
CUST00703,Northeast,Premium,2-Year,Auto-Pay,Smartphone,In-Store,Plan Change,67,84.54,5104.64,88.99,7,True,76,4,Agent was very helpful,Positive,0.6161,48.8,0,76.19,0.1029,Platinum,0.858,2023-06-29
CUST00704,Southwest,Premium,Month-to-Month,Manual-Online,Smartphone,Phone,Plan Change,39,43.38,1515.05,70.7,15,False,-75,5,Very happy with service,Positive,0.7275,65.0,0,38.85,0.375,Gold,0.6438,2022-05-30
CUST00705,Southeast,Enterprise,Month-to-Month,Mail,Smartphone,In-Store,Network Outage,13,149.31,1733.34,58.98,0,False,-72,4,Problem resolved quickly,Positive,0.8356,64.4,0,133.33,0.0,Silver,0.549,2024-07-23
CUST00706,Northeast,Premium,1-Year,In-Store,Home Internet,Phone,Speed Issue,65,136.31,8033.95,77.79,8,True,-13,3,Acceptable service,Neutral,0.3926,98.6,1,123.6,0.1212,Platinum,0.6022,2024-06-20
CUST00707,Northeast,Standard,1-Year,Auto-Pay,Hotspot,App,Device Problem,64,65.88,3639.16,52.41,9,True,13,3,Acceptable service,Neutral,0.5468,95.4,1,56.86,0.1385,Platinum,0.6478,2023-02-01
CUST00708,Northeast,Standard,Month-to-Month,In-Store,Business Line,Email,Speed Issue,68,133.8,8979.66,111.38,6,True,-18,2,Worst customer service experience,Negative,0.2357,100,1,132.05,0.087,Platinum,0.4935,2022-11-20
CUST00709,Southwest,Standard,1-Year,Mail,Business Line,In-Store,No Issue,35,80.31,2536.99,112.19,9,True,-63,3,Nothing exceptional,Neutral,0.5488,100,1,72.49,0.25,Silver,0.5148,2023-10-08
CUST00710,West,Premium,1-Year,Mail,Home Internet,Chat,No Issue,52,42.16,2042.71,77.85,4,False,96,3,Expected better response time,Neutral,0.3626,68.8,0,39.28,0.0755,Gold,0.743,2023-06-09
CUST00711,Midwest,Premium,Month-to-Month,In-Store,Home Internet,In-Store,Speed Issue,72,153.18,9814.57,26.58,14,True,-73,1,Terrible wait times,Negative,0.2169,100,1,136.31,0.1918,Platinum,0.2973,2024-08-20
CUST00712,Northeast,Enterprise,2-Year,Mail,Tablet,Email,Plan Change,76,112.49,7440.3,77.12,8,True,12,3,Average experience,Neutral,0.5643,93.6,1,97.9,0.1039,Platinum,0.646,2022-06-01
CUST00713,Midwest,Enterprise,Month-to-Month,Manual-Online,Business Line,Email,Plan Change,26,153.59,3744.36,40.01,8,True,76,1,Issue still not resolved,Negative,0.2612,100,1,144.01,0.2963,Silver,0.558,2023-10-05
CUST00714,Midwest,Enterprise,2-Year,Manual-Online,Tablet,Email,Device Problem,30,131.37,3612.42,81.64,8,True,54,1,Worst customer service experience,Negative,0.1282,100,1,120.41,0.2581,Silver,0.5195,2024-09-23
CUST00715,Northeast,Basic,2-Year,In-Store,Smartphone,App,Device Problem,5,241.14,1235.38,39.92,15,True,47,3,Issue eventually resolved,Neutral,0.4696,100,1,247.08,2.5,Bronze,0.7072,2022-08-19
CUST00716,Southwest,Standard,2-Year,Auto-Pay,Business Line,In-Store,Plan Change,84,248.44,20876.92,92.29,13,True,19,4,Agent was very helpful,Positive,0.8602,72.2,1,248.53,0.1529,Platinum,0.7583,2022-05-30
CUST00717,Southeast,Premium,1-Year,Mail,Smartphone,In-Store,Plan Change,38,31.39,1211.48,3.25,7,True,9,2,Agent was unhelpful,Negative,0.1753,100,1,31.88,0.1795,Gold,0.5408,2023-10-31
CUST00718,Southwest,Enterprise,2-Year,Manual-Online,Business Line,Email,Contract Issue,74,63.56,4725.07,25.53,5,True,-94,5,Very professional support team,Positive,0.9778,48.8,0,63.85,0.0667,Platinum,0.6605,2022-03-22
CUST00719,Southeast,Premium,Month-to-Month,In-Store,Hotspot,Phone,Contract Issue,27,74.36,1772.13,118.93,7,True,97,3,Could be improved,Neutral,0.3369,74.6,0,65.63,0.25,Silver,0.7948,2024-02-08
CUST00720,Northeast,Enterprise,2-Year,Manual-Online,Home Internet,Chat,Device Problem,57,117.81,5984.07,46.28,3,True,-56,5,Very professional support team,Positive,0.8898,37.2,0,104.98,0.0517,Gold,0.727,2022-09-07
CUST00721,Southeast,Standard,Month-to-Month,Mail,Business Line,Email,Contract Issue,41,121.32,4437.24,11.8,11,False,-35,5,Excellent support experience,Positive,0.978,49.0,0,108.23,0.2619,Gold,0.7138,2022-02-03
CUST00722,Northeast,Enterprise,1-Year,Mail,Smartphone,Email,Speed Issue,40,214.03,8020.39,101.89,9,True,79,1,Worst customer service experience,Negative,0.2628,100,1,200.51,0.2195,Gold,0.5633,2022-02-02
CUST00723,Midwest,Premium,Month-to-Month,Manual-Online,Tablet,Phone,Plan Change,2,58.14,102.46,83.71,1,True,52,2,Billing overcharge not fixed,Negative,0.1115,100,1,51.23,0.3333,Bronze,0.616,2024-04-29
CUST00724,Southeast,Enterprise,Month-to-Month,Manual-Online,Business Line,Phone,Contract Issue,24,110.3,2739.83,94.6,0,False,-48,3,Nothing exceptional,Neutral,0.5727,89.6,1,114.16,0.0,Silver,0.491,2023-06-28
CUST00725,Southwest,Premium,Month-to-Month,Auto-Pay,Hotspot,Chat,Device Problem,5,191.68,842.31,49.51,12,True,-60,1,Agent was unhelpful,Negative,0.0276,100,1,168.46,2.0,Bronze,0.32,2022-05-16
CUST00726,Northeast,Enterprise,1-Year,Mail,Business Line,In-Store,Network Outage,78,208.06,13796.72,57.67,8,True,-18,5,Highly satisfied with resolution,Positive,0.9828,39.6,0,176.88,0.1013,Platinum,0.7935,2022-07-17
CUST00727,West,Enterprise,2-Year,Manual-Online,Tablet,Phone,Plan Change,17,207.19,3094.35,79.45,3,False,-28,5,Excellent support experience,Positive,0.6999,31.6,0,182.02,0.1667,Silver,0.726,2023-05-29
CUST00728,Southeast,Premium,1-Year,Mail,Business Line,App,Plan Change,74,247.27,16529.39,108.04,10,False,-5,2,Very disappointed with service,Negative,0.2244,100,1,223.37,0.1333,Platinum,0.4662,2024-02-28
CUST00729,Northeast,Standard,Month-to-Month,Auto-Pay,Tablet,Chat,No Issue,31,65.6,1859.74,69.08,15,True,-52,5,Agent went above and beyond,Positive,0.7808,60.4,0,59.99,0.4688,Silver,0.734,2023-03-16
CUST00730,West,Premium,2-Year,Mail,Smartphone,Email,Contract Issue,66,233.24,14123.09,107.21,8,True,24,5,Seamless experience overall,Positive,0.8653,31.2,0,213.99,0.1194,Platinum,0.867,2023-12-03
CUST00731,Southwest,Premium,Month-to-Month,In-Store,Home Internet,Chat,Plan Change,17,50.8,902.48,99.78,3,True,-68,3,Got what I needed but took a while,Neutral,0.466,99.6,1,53.09,0.1667,Silver,0.506,2022-06-19
CUST00732,Southwest,Standard,1-Year,Manual-Online,Tablet,Phone,No Issue,3,73.7,220.86,63.54,4,True,36,3,Acceptable service,Neutral,0.35,80.8,1,73.62,1.0,Bronze,0.688,2022-11-22
CUST00733,Northeast,Standard,2-Year,Manual-Online,Tablet,App,Plan Change,55,218.81,10899.5,115.13,12,True,-1,5,Agent went above and beyond,Positive,0.9575,44.2,0,198.17,0.2143,Gold,0.8233,2024-08-16
CUST00734,Midwest,Standard,2-Year,In-Store,Smartphone,Chat,Speed Issue,72,176.98,11363.19,88.28,2,True,93,4,Agent was very helpful,Positive,0.6575,35.4,0,157.82,0.0274,Platinum,0.8878,2022-11-25
CUST00735,Southeast,Enterprise,Month-to-Month,Mail,Home Internet,App,Network Outage,32,213.54,5904.68,115.64,8,True,2,1,Will consider switching providers,Negative,0.2833,100,1,184.52,0.2424,Silver,0.4285,2022-11-07
CUST00736,Southeast,Enterprise,Month-to-Month,In-Store,Hotspot,Chat,Contract Issue,16,144.53,2208.07,92.83,15,True,69,4,Excellent support experience,Positive,0.8165,66.2,0,138.0,0.8824,Silver,0.8458,2024-07-19
CUST00737,Southeast,Basic,2-Year,In-Store,Hotspot,Chat,Device Problem,33,54.81,1706.18,70.61,15,True,-43,5,Excellent support experience,Positive,0.6354,58.6,0,51.7,0.4412,Silver,0.7498,2024-01-13
CUST00738,Southeast,Enterprise,2-Year,Mail,Home Internet,Chat,Contract Issue,14,220.33,2794.79,87.16,8,True,63,5,Highly satisfied with resolution,Positive,0.7679,23.4,0,199.63,0.5333,Silver,0.9352,2023-05-30
CUST00739,Midwest,Basic,Month-to-Month,Auto-Pay,Home Internet,Phone,Plan Change,64,78.7,4718.24,32.62,15,False,55,5,Agent went above and beyond,Positive,0.6168,39.0,0,73.72,0.2308,Platinum,0.8713,2022-08-09
CUST00740,Southwest,Basic,2-Year,Auto-Pay,Smartphone,Phone,Speed Issue,75,177.96,13757.53,51.2,12,True,-12,4,Very professional support team,Positive,0.9454,76.4,1,183.43,0.1579,Platinum,0.704,2022-03-18
CUST00741,West,Enterprise,2-Year,Auto-Pay,Tablet,App,Network Outage,4,168.7,617.98,35.78,13,True,86,4,Outstanding customer care,Positive,0.7434,58.8,0,154.5,2.6,Bronze,0.8755,2023-12-06
CUST00742,Midwest,Standard,1-Year,Mail,Smartphone,Email,Device Problem,82,87.89,7269.88,25.92,10,False,92,3,Average experience,Neutral,0.5534,81.6,1,88.66,0.1205,Platinum,0.736,2022-07-02
CUST00743,Midwest,Premium,2-Year,Manual-Online,Hotspot,Email,Billing Dispute,12,170.67,1869.01,60.17,5,False,-49,3,Could be improved,Neutral,0.4052,99.8,1,155.75,0.3846,Silver,0.4893,2024-06-15
CUST00744,Midwest,Standard,Month-to-Month,In-Store,Smartphone,Chat,Network Outage,75,98.31,7013.61,77.43,9,True,1,5,Excellent support experience,Positive,0.6794,37.8,0,93.51,0.1184,Platinum,0.8267,2022-07-05
CUST00745,Southwest,Enterprise,1-Year,Manual-Online,Hotspot,App,Speed Issue,51,59.26,2801.78,101.56,9,True,-18,2,Very disappointed with service,Negative,0.0738,100,1,54.94,0.1731,Gold,0.4935,2022-11-14
CUST00746,Midwest,Basic,1-Year,Manual-Online,Tablet,Phone,Network Outage,57,172.53,8783.85,2.48,7,True,56,4,Seamless experience overall,Positive,0.7658,52.8,0,154.1,0.1207,Gold,0.823,2023-01-29
CUST00747,West,Standard,2-Year,Mail,Business Line,In-Store,Contract Issue,34,185.47,6598.47,96.61,8,False,-6,3,Expected better response time,Neutral,0.396,97.2,1,194.07,0.2286,Silver,0.5645,2024-01-02
CUST00748,Northeast,Standard,1-Year,Manual-Online,Business Line,App,Network Outage,13,245.81,3217.4,61.39,15,True,-74,5,Problem resolved quickly,Positive,0.888,64.8,0,247.49,1.0714,Silver,0.6955,2023-04-04
CUST00749,West,Premium,2-Year,Auto-Pay,Home Internet,App,Device Problem,64,160.02,8837.52,119.5,0,False,43,1,Problem kept recurring,Negative,0.2603,100,1,138.09,0.0,Platinum,0.4502,2022-10-30
CUST00750,Northeast,Premium,Month-to-Month,In-Store,Business Line,Email,Contract Issue,4,186.98,709.15,84.8,4,False,-45,4,Outstanding customer care,Positive,0.7322,67.0,1,177.29,0.8,Bronze,0.5963,2024-11-06
CUST00751,West,Standard,2-Year,In-Store,Smartphone,App,Billing Dispute,46,159.23,7360.65,9.45,2,False,86,2,Agent was unhelpful,Negative,0.2939,96.8,1,160.01,0.0426,Gold,0.6255,2023-01-03
CUST00752,Southeast,Basic,2-Year,Mail,Smartphone,Email,Billing Dispute,13,238.14,2986.85,113.93,12,False,-3,4,Highly satisfied with resolution,Positive,0.6732,74.6,0,229.76,0.8571,Silver,0.6698,2023-09-30
CUST00753,Midwest,Standard,2-Year,Mail,Hotspot,In-Store,Billing Dispute,24,87.3,1864.98,42.79,2,True,15,1,Very disappointed with service,Negative,0.2638,100,1,77.71,0.08,Silver,0.4512,2022-05-05
CUST00754,Southwest,Basic,2-Year,In-Store,Smartphone,Phone,Billing Dispute,68,32.76,2039.16,37.45,11,True,-56,2,Problem kept recurring,Negative,0.0545,100,1,29.99,0.1594,Platinum,0.427,2023-03-24
CUST00755,Midwest,Basic,2-Year,Manual-Online,Business Line,Email,Plan Change,23,226.11,5155.15,105.68,5,True,13,1,No accountability at all,Negative,0.2665,100,1,224.14,0.2083,Silver,0.4477,2022-09-04
CUST00756,Midwest,Premium,Month-to-Month,In-Store,Tablet,App,Plan Change,22,228.04,4763.68,72.82,10,False,68,5,Agent went above and beyond,Positive,0.9136,26.4,0,216.53,0.4348,Silver,0.894,2022-08-27
CUST00757,Southwest,Basic,1-Year,Manual-Online,Hotspot,Phone,Network Outage,63,71.42,4188.35,43.64,15,True,33,1,Terrible wait times,Negative,0.2736,100,1,66.48,0.2344,Platinum,0.4828,2024-12-25
CUST00758,Southwest,Enterprise,2-Year,Manual-Online,Hotspot,Email,Network Outage,58,197.96,10432.16,75.53,12,False,-4,1,Problem kept recurring,Negative,0.0313,100,1,179.86,0.2034,Gold,0.368,2024-09-18
CUST00759,Southwest,Enterprise,1-Year,Mail,Hotspot,Chat,Plan Change,6,71.37,371.63,107.16,5,True,89,1,Very disappointed with service,Negative,0.29,100,1,61.94,0.7143,Bronze,0.5807,2024-02-28
CUST00760,Southeast,Premium,2-Year,Auto-Pay,Home Internet,App,Plan Change,23,141.91,3218.97,6.32,6,True,17,2,Terrible wait times,Negative,0.0219,100,1,139.96,0.25,Silver,0.5547,2023-02-21
CUST00761,West,Standard,2-Year,Auto-Pay,Smartphone,In-Store,Network Outage,15,233.34,2978.4,29.61,10,True,-1,2,Worst customer service experience,Negative,0.0134,100,1,198.56,0.625,Silver,0.5232,2022-10-18
CUST00762,Southwest,Standard,2-Year,In-Store,Home Internet,App,Contract Issue,81,98.13,8251.01,78.75,8,False,76,1,Worst customer service experience,Negative,0.1131,100,1,101.86,0.0976,Platinum,0.508,2023-01-24
CUST00763,West,Premium,2-Year,Auto-Pay,Home Internet,Chat,Contract Issue,58,58.35,3343.35,9.39,3,True,-60,4,Great network coverage,Positive,0.731,68.0,0,57.64,0.0508,Gold,0.62,2023-06-10
CUST00764,West,Premium,2-Year,In-Store,Hotspot,App,Speed Issue,14,197.41,2567.46,106.39,6,True,42,4,Problem resolved quickly,Positive,0.6508,53.6,0,183.39,0.4,Silver,0.7985,2022-03-15
CUST00765,West,Enterprise,Month-to-Month,Auto-Pay,Tablet,Chat,No Issue,50,70.58,3537.85,96.96,7,False,57,3,Average experience,Neutral,0.4326,82.6,1,70.76,0.1373,Gold,0.6747,2022-03-26
CUST00766,Southwest,Standard,Month-to-Month,In-Store,Smartphone,App,Billing Dispute,20,105.09,2186.05,110.7,11,False,-49,1,Poor network reliability,Negative,0.284,100,1,109.3,0.5238,Silver,0.2893,2024-11-01
CUST00767,Northeast,Standard,Month-to-Month,Manual-Online,Hotspot,In-Store,Billing Dispute,57,45.25,2319.15,63.9,5,True,40,3,Issue eventually resolved,Neutral,0.423,82.0,1,40.69,0.0862,Gold,0.695,2024-12-30
CUST00768,Northeast,Standard,2-Year,In-Store,Hotspot,Chat,Network Outage,14,180.54,2151.41,1.41,1,False,96,5,Excellent support experience,Positive,0.9428,2.8,0,153.67,0.0667,Silver,0.943,2022-03-14
CUST00769,Southwest,Basic,Month-to-Month,Mail,Business Line,In-Store,Speed Issue,79,115.08,9382.68,29.28,15,True,-12,4,Agent was very helpful,Positive,0.7817,82.4,1,118.77,0.1875,Platinum,0.704,2024-01-08
CUST00770,Southeast,Standard,1-Year,Manual-Online,Home Internet,Email,Network Outage,48,192.79,8664.88,36.68,1,False,5,5,Problem resolved quickly,Positive,0.995,21.0,0,180.52,0.0204,Gold,0.7837,2022-09-14
CUST00771,Midwest,Standard,1-Year,Mail,Home Internet,In-Store,Contract Issue,58,127.65,6868.33,44.26,10,False,-66,5,Problem resolved quickly,Positive,0.6984,53.2,0,118.42,0.1695,Gold,0.6595,2023-01-27
CUST00772,Southwest,Standard,2-Year,In-Store,Home Internet,App,No Issue,53,112.45,5431.69,47.75,15,True,38,4,Very professional support team,Positive,0.7648,72.4,1,102.48,0.2778,Gold,0.7915,2023-02-13
CUST00773,Southeast,Premium,2-Year,Manual-Online,Home Internet,App,Device Problem,24,237.49,4871.97,25.57,5,True,90,5,Agent was very helpful,Positive,0.8565,12.0,0,203.0,0.2,Silver,0.9825,2023-02-10
CUST00774,Southeast,Enterprise,1-Year,Mail,Tablet,Phone,No Issue,63,99.56,6501.87,73.87,1,True,-84,1,Very disappointed with service,Negative,0.0995,100,1,103.2,0.0156,Platinum,0.278,2022-07-04
CUST00775,Midwest,Premium,Month-to-Month,Manual-Online,Tablet,Email,No Issue,9,109.84,1020.04,70.43,14,False,-14,2,Issue still not resolved,Negative,0.2407,100,1,113.34,1.4,Bronze,0.4505,2022-11-24
CUST00776,Southeast,Standard,1-Year,Auto-Pay,Business Line,App,Device Problem,21,153.56,3146.52,84.28,8,True,-71,2,Issue still not resolved,Negative,0.2267,100,1,149.83,0.3636,Silver,0.4007,2022-10-05
CUST00777,West,Enterprise,1-Year,Mail,Tablet,Chat,Plan Change,47,234.8,10671.19,22.64,0,False,71,5,Highly satisfied with resolution,Positive,0.9542,5.8,0,227.05,0.0,Gold,0.8992,2022-06-24
CUST00778,Midwest,Basic,Month-to-Month,Manual-Online,Business Line,Email,Contract Issue,51,231.68,10305.57,112.27,6,True,-26,1,Problem kept recurring,Negative,0.0048,100,1,202.07,0.1154,Gold,0.3795,2024-05-05
CUST00779,Southeast,Premium,1-Year,Manual-Online,Business Line,Email,Plan Change,4,137.7,567.96,7.19,7,True,-33,4,Highly satisfied with resolution,Positive,0.6162,70.6,1,141.99,1.4,Bronze,0.6673,2024-07-27
CUST00780,Northeast,Premium,2-Year,Auto-Pay,Tablet,App,Billing Dispute,74,34.22,2345.23,108.64,12,False,-91,3,Nothing exceptional,Neutral,0.41,100,1,31.69,0.16,Platinum,0.4158,2024-11-15
CUST00781,West,Enterprise,2-Year,In-Store,Tablet,Email,Contract Issue,34,151.51,4882.27,32.73,14,True,70,3,Issue eventually resolved,Neutral,0.3069,94.0,1,143.6,0.4,Silver,0.7475,2022-09-21
CUST00782,Northeast,Standard,Month-to-Month,Manual-Online,Hotspot,Chat,Network Outage,74,206.31,15355.11,103.78,0,True,88,3,Waited longer than expected,Neutral,0.3211,62.4,0,207.5,0.0,Platinum,0.779,2024-08-01
CUST00783,Midwest,Basic,2-Year,Auto-Pay,Smartphone,Phone,Network Outage,11,70.82,774.07,11.9,13,True,-47,1,Worst customer service experience,Negative,0.0961,100,1,70.37,1.0833,Bronze,0.3427,2024-12-20
CUST00784,Southeast,Enterprise,Month-to-Month,Mail,Business Line,Phone,Device Problem,37,190.93,6840.91,103.45,14,True,29,1,Agent was unhelpful,Negative,0.079,100,1,184.89,0.3684,Gold,0.4758,2023-01-23
CUST00785,Northeast,Basic,Month-to-Month,Manual-Online,Hotspot,Phone,Network Outage,51,169.76,8384.71,72.58,9,True,9,3,Expected better response time,Neutral,0.4592,96.2,1,164.41,0.1731,Gold,0.6408,2023-05-31
CUST00786,Midwest,Standard,Month-to-Month,Auto-Pay,Smartphone,In-Store,Speed Issue,8,166.36,1348.9,10.51,14,True,90,1,Terrible wait times,Negative,0.2094,100,1,168.61,1.5556,Bronze,0.5825,2022-05-15
CUST00787,Southwest,Premium,2-Year,In-Store,Home Internet,Email,Contract Issue,62,111.49,6290.61,59.2,6,True,50,2,Terrible wait times,Negative,0.1229,100,1,101.46,0.0952,Platinum,0.6125,2024-08-03
CUST00788,Midwest,Enterprise,1-Year,Mail,Home Internet,Phone,Network Outage,50,122.3,5227.69,17.59,10,False,61,2,Very disappointed with service,Negative,0.1303,100,1,104.55,0.1961,Gold,0.5817,2022-12-20
CUST00789,Southeast,Standard,Month-to-Month,Auto-Pay,Smartphone,In-Store,Device Problem,20,89.59,1593.9,60.18,5,True,40,3,Could be improved,Neutral,0.482,82.0,1,79.7,0.2381,Silver,0.695,2024-10-19
CUST00790,West,Enterprise,Month-to-Month,Mail,Smartphone,Email,Billing Dispute,9,239.64,2137.79,73.33,4,True,32,4,Problem resolved quickly,Positive,0.7665,51.6,0,237.53,0.4,Bronze,0.781,2022-01-27
CUST00791,Midwest,Standard,1-Year,In-Store,Business Line,In-Store,Plan Change,16,161.8,2474.7,41.59,11,True,-6,5,Seamless experience overall,Positive,0.6252,43.2,0,154.67,0.6471,Silver,0.8145,2024-07-04
CUST00792,Midwest,Enterprise,Month-to-Month,Manual-Online,Hotspot,Phone,No Issue,41,169.44,7158.01,57.67,8,True,47,3,Average experience,Neutral,0.5896,86.6,1,174.59,0.1905,Gold,0.7072,2023-04-14
CUST00793,Southwest,Standard,Month-to-Month,Mail,Business Line,In-Store,Billing Dispute,41,142.4,5074.25,90.27,10,True,35,4,Seamless experience overall,Positive,0.841,63.0,0,123.76,0.2381,Gold,0.7863,2023-06-29
CUST00794,Northeast,Enterprise,1-Year,Manual-Online,Hotspot,Phone,Speed Issue,8,134.21,960.59,1.36,11,False,43,2,Terrible wait times,Negative,0.1454,100,1,120.07,1.2222,Bronze,0.5502,2023-10-06
CUST00795,Southwest,Standard,2-Year,Manual-Online,Business Line,App,Billing Dispute,38,191.34,7249.83,24.2,9,True,-4,4,Very happy with service,Positive,0.7193,68.8,1,190.78,0.2308,Gold,0.718,2023-02-23
CUST00796,Southeast,Premium,Month-to-Month,Auto-Pay,Home Internet,Chat,Speed Issue,60,200.67,12625.3,54.16,12,True,52,4,Highly satisfied with resolution,Positive,0.6431,63.6,0,210.42,0.1967,Platinum,0.816,2023-07-15
CUST00797,West,Premium,Month-to-Month,Mail,Hotspot,Phone,Plan Change,17,101.01,1465.42,7.24,10,False,-6,2,Worst customer service experience,Negative,0.165,100,1,86.2,0.5556,Silver,0.4645,2024-06-08
CUST00798,Midwest,Enterprise,Month-to-Month,In-Store,Business Line,Chat,Contract Issue,37,101.27,3751.85,5.69,1,True,27,1,Poor network reliability,Negative,0.0455,100,1,101.4,0.0263,Gold,0.4722,2024-12-06
CUST00799,Southeast,Standard,Month-to-Month,In-Store,Hotspot,Email,Billing Dispute,53,105.58,4834.25,48.67,1,False,64,4,Agent was very helpful,Positive,0.8192,39.2,0,91.21,0.0185,Gold,0.787,2022-07-03
CUST00800,Southeast,Enterprise,Month-to-Month,Auto-Pay,Hotspot,Phone,Network Outage,8,171.84,1321.84,7.25,7,False,-90,1,Agent was unhelpful,Negative,0.285,100,1,165.23,0.7778,Bronze,0.2175,2022-10-09
CUST00801,Southwest,Premium,1-Year,Mail,Home Internet,Chat,Plan Change,38,138.28,5170.19,83.96,2,True,-49,5,Very happy with service,Positive,0.6835,33.8,0,136.06,0.0513,Gold,0.7392,2024-10-03
CUST00802,Northeast,Premium,2-Year,Auto-Pay,Business Line,Email,Plan Change,22,117.37,2273.45,1.87,9,True,42,3,Average experience,Neutral,0.5504,89.6,1,103.34,0.3913,Silver,0.6985,2023-06-09
CUST00803,Midwest,Standard,1-Year,In-Store,Home Internet,Chat,Contract Issue,37,129.35,4494.53,116.16,12,True,-53,1,Issue still not resolved,Negative,0.2228,100,1,121.47,0.3158,Gold,0.3322,2023-02-26
CUST00804,Southeast,Premium,2-Year,Manual-Online,Business Line,Email,Speed Issue,60,41.95,2454.64,68.45,8,True,30,1,Agent was unhelpful,Negative,0.2489,100,1,40.91,0.1311,Platinum,0.4775,2023-11-15
CUST00805,Southeast,Enterprise,2-Year,Mail,Hotspot,In-Store,Device Problem,78,195.84,15797.39,58.14,9,True,-81,5,Excellent support experience,Positive,0.9538,54.2,0,202.53,0.1139,Platinum,0.6833,2022-03-05
CUST00806,Southwest,Basic,Month-to-Month,In-Store,Smartphone,Email,Device Problem,49,190.31,9719.1,12.57,11,True,65,2,Terrible wait times,Negative,0.0228,100,1,198.35,0.22,Gold,0.6387,2024-05-05
CUST00807,Northeast,Premium,Month-to-Month,Auto-Pay,Hotspot,Phone,Speed Issue,59,234.62,14222.87,96.27,6,True,62,1,Problem kept recurring,Negative,0.0524,100,1,241.07,0.1,Gold,0.5335,2022-08-19
CUST00808,Northeast,Standard,1-Year,In-Store,Hotspot,Chat,Contract Issue,73,135.53,9856.95,19.24,2,False,73,4,Very happy with service,Positive,0.6149,39.4,0,135.03,0.027,Platinum,0.8028,2024-06-04
CUST00809,West,Enterprise,Month-to-Month,Auto-Pay,Business Line,Chat,Contract Issue,9,241.06,2224.38,85.48,15,True,-32,1,Agent was unhelpful,Negative,0.0704,100,1,247.15,1.5,Bronze,0.369,2024-07-06
CUST00810,Northeast,Basic,2-Year,Mail,Business Line,In-Store,No Issue,30,187.42,5614.2,35.1,2,True,16,4,Great network coverage,Positive,0.6656,50.8,0,187.14,0.0645,Silver,0.753,2024-01-31
CUST00811,Southwest,Standard,1-Year,In-Store,Home Internet,Phone,Plan Change,52,111.85,6087.83,92.31,4,False,72,5,Agent went above and beyond,Positive,0.7441,13.6,0,117.07,0.0755,Gold,0.901,2024-06-03
CUST00812,Northeast,Premium,Month-to-Month,In-Store,Hotspot,In-Store,Device Problem,70,219.59,13570.63,6.09,4,True,38,2,Will consider switching providers,Negative,0.0419,100,1,193.87,0.0563,Platinum,0.5915,2023-02-26
CUST00813,West,Basic,1-Year,Auto-Pay,Business Line,App,Billing Dispute,67,52.83,3011.53,112.21,5,True,75,3,Nothing exceptional,Neutral,0.5196,75.0,1,44.95,0.0735,Platinum,0.7562,2024-02-04
CUST00814,Southwest,Enterprise,2-Year,Mail,Tablet,App,Speed Issue,53,181.31,10066.74,27.87,14,True,77,2,No accountability at all,Negative,0.24,100,1,189.94,0.2593,Gold,0.6597,2024-10-11
CUST00815,Southeast,Basic,2-Year,In-Store,Tablet,In-Store,Speed Issue,27,149.22,3502.43,97.92,0,True,-93,3,Average experience,Neutral,0.5483,98.6,1,129.72,0.0,Silver,0.4623,2022-05-27
CUST00816,Northeast,Premium,1-Year,Auto-Pay,Home Internet,Email,Contract Issue,52,32.32,1629.4,41.84,11,True,-23,4,Seamless experience overall,Positive,0.8541,76.6,1,31.33,0.2075,Gold,0.6847,2022-03-27
CUST00817,West,Basic,1-Year,In-Store,Hotspot,Chat,Speed Issue,61,219.45,12405.91,65.14,3,False,76,5,Very professional support team,Positive,0.9523,10.8,0,203.38,0.0484,Platinum,0.908,2024-10-01
CUST00818,Northeast,Enterprise,Month-to-Month,Mail,Smartphone,In-Store,Speed Issue,70,50.24,3161.88,99.84,3,False,-3,3,Could be improved,Neutral,0.3103,86.6,1,45.17,0.0423,Platinum,0.5697,2023-09-27
CUST00819,Southwest,Enterprise,Month-to-Month,Mail,Smartphone,Chat,Contract Issue,17,160.54,2688.37,4.36,14,True,28,2,Will consider switching providers,Negative,0.1165,100,1,158.14,0.7778,Silver,0.574,2022-04-10
CUST00820,Midwest,Basic,2-Year,Mail,Tablet,In-Store,Speed Issue,21,38.75,789.52,51.78,4,True,-50,4,Very happy with service,Positive,0.7549,68.0,1,37.6,0.1818,Silver,0.6375,2022-12-28
CUST00821,West,Basic,1-Year,Manual-Online,Tablet,Email,No Issue,75,216.01,14511.77,53.92,3,True,-58,2,Will consider switching providers,Negative,0.1688,100,1,193.49,0.0395,Platinum,0.4235,2024-06-16
CUST00822,West,Premium,2-Year,Mail,Smartphone,App,Contract Issue,48,169.65,7094.89,57.37,8,False,42,4,Excellent support experience,Positive,0.6261,57.6,0,147.81,0.1633,Gold,0.7485,2023-06-23
CUST00823,Midwest,Enterprise,1-Year,Manual-Online,Tablet,Chat,Billing Dispute,21,48.99,912.91,24.39,11,True,22,1,Poor network reliability,Negative,0.1746,100,1,43.47,0.5,Silver,0.4635,2022-08-26
CUST00824,Southwest,Basic,Month-to-Month,Manual-Online,Tablet,Email,Network Outage,51,32.45,1426.56,94.78,3,True,49,5,Very happy with service,Positive,0.7213,16.2,0,27.97,0.0577,Gold,0.9107,2022-10-08
CUST00825,Midwest,Standard,1-Year,Manual-Online,Tablet,In-Store,Device Problem,62,77.1,4228.01,66.81,2,True,70,2,Poor network reliability,Negative,0.2584,100.0,1,68.19,0.0317,Platinum,0.6475,2022-05-20
CUST00826,West,Basic,2-Year,Manual-Online,Tablet,In-Store,No Issue,81,109.57,7943.88,32.23,1,False,-90,3,Service was okay,Neutral,0.3578,100.0,1,98.07,0.0122,Platinum,0.4175,2024-02-05
CUST00827,West,Enterprise,2-Year,Manual-Online,Tablet,In-Store,Plan Change,66,225.51,14574.2,90.9,5,True,53,5,Outstanding customer care,Positive,0.7989,19.4,0,220.82,0.0746,Platinum,0.9178,2022-06-03
CUST00828,West,Basic,1-Year,Auto-Pay,Business Line,Chat,Contract Issue,19,200.03,3260.85,34.01,8,False,66,3,Acceptable service,Neutral,0.4816,82.8,1,171.62,0.4,Silver,0.6905,2023-09-24
CUST00829,West,Enterprise,1-Year,Manual-Online,Home Internet,Email,Billing Dispute,63,244.54,14736.59,74.35,2,True,61,3,Decent support,Neutral,0.4783,71.8,1,233.91,0.0312,Platinum,0.7318,2023-04-12
CUST00830,Midwest,Premium,Month-to-Month,Manual-Online,Hotspot,Email,Network Outage,43,143.88,5768.04,32.41,13,True,96,5,Agent was very helpful,Positive,0.9209,26.8,0,134.14,0.2955,Gold,0.993,2023-08-28
CUST00831,Southeast,Premium,2-Year,In-Store,Tablet,In-Store,Plan Change,67,68.14,4542.18,105.26,7,True,53,3,Could be improved,Neutral,0.4125,83.4,1,67.79,0.1029,Platinum,0.7177,2024-03-13
CUST00832,West,Premium,2-Year,Mail,Business Line,Email,Network Outage,33,163.31,4853.04,116.02,12,True,-83,2,Billing overcharge not fixed,Negative,0.2783,100,1,147.06,0.3529,Silver,0.3798,2024-07-20
CUST00833,Southwest,Premium,2-Year,Mail,Tablet,Email,Billing Dispute,55,168.17,8767.57,13.86,13,False,-20,1,Issue still not resolved,Negative,0.1084,100,1,159.41,0.2321,Gold,0.34,2022-04-22
CUST00834,Northeast,Basic,1-Year,Auto-Pay,Business Line,App,Speed Issue,17,202.44,3562.45,82.72,6,True,69,5,Very happy with service,Positive,0.6039,18.2,0,209.56,0.3333,Silver,0.9457,2023-11-23
CUST00835,Southwest,Premium,1-Year,Mail,Tablet,Phone,Network Outage,80,162.8,13028.5,111.41,11,True,-62,1,Terrible wait times,Negative,0.2287,100,1,162.86,0.1358,Platinum,0.3165,2022-12-18
CUST00836,West,Standard,2-Year,Auto-Pay,Tablet,Chat,Plan Change,79,245.3,17517.3,58.86,3,True,4,2,Will consider switching providers,Negative,0.0497,100,1,221.74,0.0375,Platinum,0.532,2022-12-22
CUST00837,Southeast,Premium,Month-to-Month,Auto-Pay,Tablet,Email,Device Problem,75,219.39,16781.98,54.09,7,True,-80,4,Seamless experience overall,Positive,0.6602,80.0,1,223.76,0.0921,Platinum,0.585,2024-02-27
CUST00838,Southwest,Enterprise,Month-to-Month,In-Store,Tablet,In-Store,Device Problem,68,105.29,6115.43,61.4,12,False,55,2,Issue still not resolved,Negative,0.1803,100,1,89.93,0.1739,Platinum,0.5713,2024-02-13
CUST00839,Southeast,Enterprise,Month-to-Month,Manual-Online,Hotspot,Email,Device Problem,36,84.72,2769.74,28.48,15,True,75,5,Problem resolved quickly,Positive,0.8582,35.0,0,76.94,0.4054,Gold,0.9563,2022-05-13
CUST00840,West,Basic,1-Year,In-Store,Hotspot,In-Store,Billing Dispute,63,125.97,7452.53,51.47,13,True,-11,2,Billing overcharge not fixed,Negative,0.1436,100,1,118.29,0.2031,Platinum,0.5058,2022-12-12
CUST00841,Southeast,Standard,Month-to-Month,Mail,Hotspot,Chat,No Issue,30,49.78,1542.94,11.99,1,True,-80,5,Outstanding customer care,Positive,0.7812,38.0,0,51.43,0.0323,Silver,0.685,2023-08-24
CUST00842,Southeast,Enterprise,1-Year,Manual-Online,Tablet,In-Store,Speed Issue,22,144.5,2849.54,11.98,1,True,-27,5,Seamless experience overall,Positive,0.9768,27.4,0,129.52,0.0435,Silver,0.7778,2022-12-10
CUST00843,Southeast,Basic,Month-to-Month,Auto-Pay,Smartphone,Chat,Speed Issue,23,147.46,3411.29,66.86,11,True,-61,5,Agent was very helpful,Positive,0.6983,54.2,0,148.32,0.4583,Silver,0.7183,2022-01-18
CUST00844,Midwest,Standard,1-Year,Auto-Pay,Business Line,App,Billing Dispute,51,59.68,2616.56,19.55,4,True,55,3,Decent support,Neutral,0.4387,77.0,1,51.31,0.0769,Gold,0.7212,2024-07-20
CUST00845,Southeast,Basic,2-Year,Manual-Online,Tablet,App,No Issue,6,44.75,248.49,1.07,14,False,73,4,Great network coverage,Positive,0.8166,63.4,0,41.41,2.0,Bronze,0.8028,2024-04-07
CUST00846,Southwest,Enterprise,2-Year,In-Store,Business Line,App,Contract Issue,52,195.35,9697.97,49.51,15,True,-91,2,Terrible wait times,Negative,0.2526,100,1,186.5,0.283,Gold,0.3658,2022-08-25
CUST00847,Southwest,Enterprise,1-Year,Mail,Hotspot,Email,Billing Dispute,41,137.18,5624.73,26.65,4,False,51,2,Billing overcharge not fixed,Negative,0.1189,100,1,137.19,0.0952,Gold,0.5642,2022-10-19
CUST00848,Northeast,Standard,1-Year,In-Store,Home Internet,In-Store,Device Problem,60,111.73,5972.67,16.52,1,True,-63,1,Very disappointed with service,Negative,0.1052,100,1,99.54,0.0164,Platinum,0.3147,2024-03-02
CUST00849,West,Basic,2-Year,In-Store,Hotspot,App,Plan Change,62,38.91,2524.05,101.81,2,True,-16,2,No accountability at all,Negative,0.0498,100,1,40.71,0.0317,Platinum,0.497,2022-07-27
CUST00850,Southeast,Premium,Month-to-Month,Auto-Pay,Business Line,Phone,Contract Issue,67,111.67,7030.52,40.75,14,True,59,3,Service was okay,Neutral,0.5404,96.2,1,104.93,0.2059,Platinum,0.7283,2022-09-10
CUST00851,West,Enterprise,1-Year,Auto-Pay,Business Line,App,Plan Change,9,249.69,1979.04,99.14,10,False,87,3,Expected better response time,Neutral,0.328,82.6,1,219.89,1.0,Bronze,0.7272,2024-02-26
CUST00852,Midwest,Enterprise,Month-to-Month,Auto-Pay,Smartphone,Email,Billing Dispute,18,72.78,1262.69,50.69,4,False,40,5,Outstanding customer care,Positive,0.9962,20.0,0,70.15,0.2105,Silver,0.845,2023-03-08
CUST00853,Northeast,Basic,Month-to-Month,Auto-Pay,Hotspot,In-Store,No Issue,9,78.19,726.95,20.71,15,True,-80,4,Highly satisfied with resolution,Positive,0.8467,96.0,1,80.77,1.5,Bronze,0.585,2024-02-02
CUST00854,West,Premium,2-Year,In-Store,Hotspot,App,Network Outage,76,144.4,9940.53,71.67,7,True,-95,4,Highly satisfied with resolution,Positive,0.976,83.0,1,130.8,0.0909,Platinum,0.5588,2023-09-08
CUST00855,West,Enterprise,Month-to-Month,In-Store,Hotspot,Chat,No Issue,19,152.09,2944.32,27.06,7,False,-61,1,No accountability at all,Negative,0.1089,100,1,154.96,0.35,Silver,0.2682,2024-03-29
CUST00856,West,Premium,1-Year,Auto-Pay,Tablet,Phone,Plan Change,62,238.66,14539.11,93.22,1,False,3,4,Agent was very helpful,Positive,0.7657,51.4,0,234.5,0.0159,Platinum,0.6803,2022-03-04
CUST00857,Midwest,Premium,Month-to-Month,In-Store,Tablet,In-Store,Device Problem,51,159.44,7570.89,102.08,9,True,56,2,Will consider switching providers,Negative,0.0981,100,1,148.45,0.1731,Gold,0.623,2024-02-11
CUST00858,Northeast,Basic,Month-to-Month,Auto-Pay,Smartphone,Phone,Plan Change,55,138.37,6609.31,116.44,4,True,-100,4,Agent was very helpful,Positive,0.7166,78.0,0,120.17,0.0714,Gold,0.55,2024-01-22
CUST00859,Midwest,Basic,Month-to-Month,Manual-Online,Hotspot,Email,Billing Dispute,5,249.18,1079.53,5.7,0,True,-57,4,Seamless experience overall,Positive,0.643,61.4,0,215.91,0.0,Bronze,0.6253,2023-08-20
CUST00860,Southwest,Basic,2-Year,In-Store,Tablet,Chat,Device Problem,78,217.52,14955.66,93.35,3,False,55,2,Very disappointed with service,Negative,0.118,100,1,191.74,0.038,Platinum,0.5713,2023-11-25
CUST00861,Southeast,Enterprise,1-Year,In-Store,Business Line,Email,Speed Issue,84,185.23,14473.57,97.03,7,True,70,3,Could be improved,Neutral,0.3446,80.0,0,172.3,0.0824,Platinum,0.7475,2022-11-14
CUST00862,Northeast,Basic,Month-to-Month,Auto-Pay,Tablet,Chat,Device Problem,17,62.84,923.73,92.67,10,True,83,4,Agent went above and beyond,Positive,0.764,53.4,0,54.34,0.5556,Silver,0.8702,2023-09-12
CUST00863,Southeast,Enterprise,2-Year,Auto-Pay,Hotspot,Phone,Device Problem,25,105.91,2276.49,101.09,8,False,-53,4,Agent went above and beyond,Positive,0.9135,76.6,1,91.06,0.3077,Silver,0.5823,2023-10-25
CUST00864,West,Standard,1-Year,Mail,Hotspot,App,No Issue,24,31.63,764.16,114.56,13,True,24,3,Average experience,Neutral,0.372,100,1,31.84,0.52,Silver,0.667,2024-10-11
CUST00865,Midwest,Standard,2-Year,Manual-Online,Home Internet,Chat,No Issue,2,168.93,335.25,96.22,11,True,-100,1,No accountability at all,Negative,0.0605,100,1,167.62,3.6667,Bronze,0.25,2022-10-30
CUST00866,Midwest,Premium,2-Year,Mail,Business Line,App,Plan Change,79,73.26,5810.36,88.02,1,False,84,5,Great network coverage,Positive,0.7161,5.2,0,73.55,0.0125,Platinum,0.922,2024-07-23
CUST00867,Northeast,Premium,1-Year,Auto-Pay,Home Internet,App,Contract Issue,9,134.38,1240.44,111.56,7,True,51,2,Billing overcharge not fixed,Negative,0.2675,100,1,137.83,0.7,Bronze,0.6142,2022-03-21
CUST00868,Southeast,Premium,1-Year,In-Store,Smartphone,App,Network Outage,6,78.79,479.5,29.44,0,False,-88,1,Billing overcharge not fixed,Negative,0.1606,100,1,79.92,0.0,Bronze,0.221,2024-05-03
CUST00869,Northeast,Premium,2-Year,Auto-Pay,Home Internet,App,Network Outage,69,175.47,10987.63,14.79,7,False,43,3,Expected better response time,Neutral,0.3043,85.4,1,159.24,0.1,Platinum,0.6502,2024-05-29
CUST00870,Northeast,Premium,2-Year,Manual-Online,Home Internet,Chat,Billing Dispute,17,234.83,3976.95,21.11,9,True,6,2,Agent was unhelpful,Negative,0.2187,100,1,233.94,0.5,Silver,0.5355,2024-01-11
CUST00871,Northeast,Premium,1-Year,Auto-Pay,Smartphone,Phone,No Issue,16,217.66,2962.49,29.51,8,True,-71,4,Great network coverage,Positive,0.9064,80.2,1,185.16,0.4706,Silver,0.6008,2024-12-30
CUST00872,West,Basic,1-Year,In-Store,Smartphone,Email,No Issue,12,107.7,1198.8,23.53,8,True,58,1,Poor network reliability,Negative,0.0437,100,1,99.9,0.6154,Silver,0.5265,2022-11-25
CUST00873,Southwest,Standard,1-Year,In-Store,Smartphone,Email,No Issue,50,204.38,9569.89,97.07,12,True,-58,2,Problem kept recurring,Negative,0.232,100,1,191.4,0.2353,Gold,0.4235,2022-05-18
CUST00874,Southeast,Enterprise,2-Year,Mail,Home Internet,Email,Contract Issue,48,73.79,3040.36,54.9,0,True,-96,3,Got what I needed but took a while,Neutral,0.5249,99.2,1,63.34,0.0,Gold,0.457,2022-01-16
CUST00875,Midwest,Enterprise,Month-to-Month,Manual-Online,Smartphone,App,Plan Change,72,198.54,13845.69,57.34,10,True,59,1,Terrible wait times,Negative,0.0738,100,1,192.3,0.137,Platinum,0.5282,2024-05-21
CUST00876,Midwest,Basic,Month-to-Month,Auto-Pay,Hotspot,Phone,Contract Issue,34,209.44,7475.98,34.4,13,True,35,3,Decent support,Neutral,0.5216,99.0,1,219.88,0.3714,Silver,0.6863,2024-04-13
CUST00877,Northeast,Basic,1-Year,In-Store,Tablet,Chat,No Issue,18,234.9,4103.81,102.34,11,True,-76,3,Nothing exceptional,Neutral,0.5665,100,1,227.99,0.5789,Silver,0.492,2023-01-10
CUST00878,Southwest,Standard,2-Year,Auto-Pay,Tablet,Chat,Speed Issue,40,215.11,8260.58,65.42,2,True,41,3,Got what I needed but took a while,Neutral,0.5257,75.8,0,206.51,0.0488,Gold,0.6967,2022-03-25
CUST00879,Midwest,Enterprise,Month-to-Month,In-Store,Hotspot,Chat,Network Outage,9,50.74,474.44,1.48,15,True,20,3,Issue eventually resolved,Neutral,0.3793,100,1,52.72,1.5,Bronze,0.66,2023-05-23
CUST00880,Northeast,Premium,Month-to-Month,Manual-Online,Business Line,Chat,Contract Issue,3,133.46,398.68,16.07,7,False,-99,5,Outstanding customer care,Positive,0.8307,53.8,0,132.89,1.75,Bronze,0.6018,2023-01-20
CUST00881,West,Standard,Month-to-Month,Mail,Tablet,App,Contract Issue,50,72.33,3455.77,41.97,12,False,48,3,Waited longer than expected,Neutral,0.5568,94.4,1,69.12,0.2353,Gold,0.659,2022-09-13
CUST00882,West,Premium,2-Year,Mail,Smartphone,Chat,Device Problem,76,72.05,4931.44,16.25,5,True,71,2,Very disappointed with service,Negative,0.0693,100,1,64.89,0.0649,Platinum,0.6492,2023-05-27
CUST00883,Northeast,Basic,2-Year,Mail,Tablet,Phone,Speed Issue,15,156.4,2299.95,86.35,0,False,-73,3,Average experience,Neutral,0.3441,94.6,1,153.33,0.0,Silver,0.4473,2022-09-10
CUST00884,Midwest,Premium,1-Year,Mail,Business Line,Email,Device Problem,26,218.7,4999.21,47.32,6,True,25,4,Outstanding customer care,Positive,0.775,57.0,0,192.28,0.2222,Silver,0.7688,2023-06-01
CUST00885,Northeast,Enterprise,1-Year,Manual-Online,Smartphone,Chat,Contract Issue,59,145.33,7637.86,14.14,9,True,-28,3,Service was okay,Neutral,0.442,100,1,129.46,0.15,Gold,0.576,2024-12-20
CUST00886,Northeast,Enterprise,1-Year,In-Store,Tablet,In-Store,Network Outage,36,214.67,8058.12,33.09,15,True,12,2,Agent was unhelpful,Negative,0.1936,100,1,223.84,0.4054,Gold,0.546,2024-02-27
CUST00887,Southeast,Standard,Month-to-Month,In-Store,Hotspot,App,Speed Issue,13,89.79,1145.86,96.14,12,True,-84,5,Excellent support experience,Positive,0.6965,60.8,0,88.14,0.8571,Silver,0.678,2023-08-03
CUST00888,Midwest,Standard,2-Year,Manual-Online,Home Internet,App,Billing Dispute,20,240.89,4410.58,83.07,13,True,-100,4,Excellent support experience,Positive,0.893,96.0,1,220.53,0.619,Silver,0.55,2024-05-20
CUST00889,Midwest,Premium,2-Year,Manual-Online,Home Internet,App,Plan Change,73,108.51,7334.93,75.33,7,True,-89,3,Expected better response time,Neutral,0.4597,100,1,100.48,0.0946,Platinum,0.4693,2024-10-06
CUST00890,Southeast,Enterprise,2-Year,Auto-Pay,Smartphone,Chat,Plan Change,18,80.88,1489.78,25.39,13,True,-74,5,Seamless experience overall,Positive,0.8874,60.8,0,82.77,0.6842,Silver,0.6955,2023-03-29
CUST00891,Southeast,Standard,1-Year,Auto-Pay,Smartphone,Email,Billing Dispute,76,120.0,9560.16,77.52,14,True,-77,3,Waited longer than expected,Neutral,0.3356,100,1,125.79,0.1818,Platinum,0.4903,2023-05-28
CUST00892,Southwest,Standard,Month-to-Month,Mail,Hotspot,App,Network Outage,1,233.76,221.58,119.08,13,True,-75,1,Agent was unhelpful,Negative,0.2774,100,1,221.58,6.5,Bronze,0.2938,2023-07-23
CUST00893,Northeast,Enterprise,2-Year,In-Store,Hotspot,In-Store,Plan Change,22,35.91,686.92,75.64,0,True,-51,2,Agent was unhelpful,Negative,0.2212,100,1,31.22,0.0,Silver,0.4357,2023-01-03
CUST00894,Southeast,Standard,Month-to-Month,Manual-Online,Hotspot,In-Store,Billing Dispute,58,79.63,4050.01,15.03,6,True,60,3,Got what I needed but took a while,Neutral,0.3462,80.0,1,69.83,0.1017,Gold,0.73,2022-05-10
CUST00895,Southeast,Enterprise,1-Year,Auto-Pay,Tablet,Email,Billing Dispute,69,68.51,4815.03,51.02,2,True,-46,1,Issue still not resolved,Negative,0.1304,100,1,69.78,0.0286,Platinum,0.3445,2022-12-07
CUST00896,Midwest,Premium,1-Year,Manual-Online,Business Line,App,Contract Issue,73,77.42,5311.5,21.48,14,True,-20,3,Service was okay,Neutral,0.3589,100,1,72.76,0.1892,Platinum,0.59,2023-08-29
CUST00897,West,Enterprise,Month-to-Month,Auto-Pay,Tablet,Chat,Network Outage,69,238.89,14383.97,58.04,4,True,32,2,Agent was unhelpful,Negative,0.2397,100,1,208.46,0.0571,Platinum,0.581,2023-05-08
CUST00898,Northeast,Basic,Month-to-Month,Auto-Pay,Hotspot,App,Plan Change,12,87.11,957.95,17.21,5,True,9,4,Problem resolved quickly,Positive,0.6559,58.2,0,79.83,0.3846,Silver,0.7408,2023-03-28
CUST00899,Northeast,Standard,2-Year,Mail,Smartphone,In-Store,Contract Issue,82,150.27,12291.93,39.3,5,True,-14,1,Very disappointed with service,Negative,0.234,100,1,149.9,0.0602,Platinum,0.4005,2022-02-19
CUST00900,Northeast,Basic,1-Year,Manual-Online,Business Line,Chat,Billing Dispute,25,135.76,3431.59,53.24,11,True,61,5,Very happy with service,Positive,0.8877,29.8,0,137.26,0.4231,Silver,0.9318,2023-12-25
CUST00901,Midwest,Enterprise,2-Year,Auto-Pay,Business Line,Email,No Issue,38,87.37,2878.52,97.72,15,True,25,5,Excellent support experience,Positive,0.6602,45.0,0,75.75,0.3846,Gold,0.8688,2023-08-15
CUST00902,Southwest,Basic,1-Year,Mail,Home Internet,Chat,Plan Change,56,132.8,6386.94,6.81,8,True,-4,3,Issue eventually resolved,Neutral,0.4084,96.8,1,114.05,0.1404,Gold,0.618,2024-11-22
CUST00903,Midwest,Standard,1-Year,Mail,Business Line,Chat,Network Outage,53,62.83,3009.92,28.11,10,True,69,1,Poor network reliability,Negative,0.2355,100,1,56.79,0.1852,Gold,0.5457,2024-02-08
CUST00904,Northeast,Basic,2-Year,Mail,Smartphone,In-Store,Network Outage,31,120.23,3806.16,67.43,11,True,97,5,Great network coverage,Positive,0.6739,22.6,0,122.78,0.3438,Silver,0.9948,2022-05-13
CUST00905,Northeast,Premium,Month-to-Month,Auto-Pay,Home Internet,Email,No Issue,68,57.33,3747.02,63.99,0,True,60,3,Average experience,Neutral,0.4642,68.0,1,55.1,0.0,Platinum,0.73,2024-08-28
CUST00906,West,Standard,2-Year,Manual-Online,Home Internet,Phone,Plan Change,83,44.11,3308.05,19.43,2,True,78,4,Very professional support team,Positive,0.8712,38.4,0,39.86,0.0238,Platinum,0.8615,2022-12-16
CUST00907,Southwest,Premium,1-Year,In-Store,Tablet,Chat,Network Outage,54,196.42,9292.53,86.95,13,True,-74,3,Decent support,Neutral,0.3247,100,1,172.08,0.2364,Gold,0.4955,2022-03-25
CUST00908,West,Premium,2-Year,Mail,Tablet,Email,No Issue,48,196.67,9659.69,6.04,12,True,84,3,Average experience,Neutral,0.3881,87.2,1,201.24,0.2449,Gold,0.772,2022-02-17
CUST00909,Northeast,Enterprise,1-Year,In-Store,Home Internet,Email,No Issue,38,142.85,5656.26,64.11,0,True,87,1,No accountability at all,Negative,0.2092,100,1,148.85,0.0,Gold,0.5773,2024-11-28
CUST00910,Southeast,Premium,1-Year,Manual-Online,Home Internet,App,No Issue,8,178.2,1308.68,35.47,1,True,-39,2,Agent was unhelpful,Negative,0.2909,100,1,163.59,0.1111,Bronze,0.4567,2023-12-29
CUST00911,Southeast,Premium,2-Year,In-Store,Smartphone,In-Store,Contract Issue,29,207.47,6083.95,11.72,14,False,84,1,Will consider switching providers,Negative,0.2927,100,1,209.79,0.4667,Silver,0.522,2023-05-09
CUST00912,Southwest,Basic,2-Year,Manual-Online,Home Internet,Phone,Network Outage,52,171.68,9372.73,5.67,13,True,85,1,Will consider switching providers,Negative,0.2284,100,1,180.24,0.2453,Gold,0.5737,2024-10-14
CUST00913,Midwest,Enterprise,Month-to-Month,Mail,Business Line,In-Store,No Issue,71,188.45,12776.44,2.0,5,True,-94,1,Terrible wait times,Negative,0.2336,100,1,179.95,0.0694,Platinum,0.2605,2022-08-18
CUST00914,Southwest,Standard,2-Year,Auto-Pay,Tablet,In-Store,Speed Issue,61,170.09,9851.22,87.78,3,False,-100,5,Problem resolved quickly,Positive,0.7567,46.0,0,161.5,0.0484,Platinum,0.6,2023-12-10
CUST00915,Southeast,Basic,Month-to-Month,In-Store,Business Line,Chat,No Issue,16,221.58,3466.78,69.43,3,True,-43,2,Problem kept recurring,Negative,0.1029,100,1,216.67,0.1765,Silver,0.4497,2022-02-24
CUST00916,Southwest,Standard,1-Year,Manual-Online,Tablet,Phone,Network Outage,78,162.42,11143.14,29.58,8,True,-14,4,Outstanding customer care,Positive,0.9735,68.8,0,142.86,0.1013,Platinum,0.7005,2023-08-26
CUST00917,Southeast,Enterprise,2-Year,Auto-Pay,Hotspot,Chat,No Issue,44,82.27,3754.24,52.01,1,True,-71,2,Very disappointed with service,Negative,0.2817,100,1,85.32,0.0222,Gold,0.4007,2023-01-31
CUST00918,Northeast,Standard,1-Year,Mail,Home Internet,App,Billing Dispute,4,114.97,453.89,9.65,6,True,-56,2,Terrible wait times,Negative,0.1067,100,1,113.47,1.2,Bronze,0.427,2024-05-30
CUST00919,Southwest,Standard,1-Year,Auto-Pay,Home Internet,In-Store,Device Problem,72,171.7,10860.61,26.09,8,True,91,1,Billing overcharge not fixed,Negative,0.2689,100,1,150.84,0.1096,Platinum,0.5842,2022-01-11
CUST00920,Southwest,Enterprise,Month-to-Month,In-Store,Hotspot,Phone,Device Problem,71,192.05,13031.79,49.49,6,True,65,3,Issue eventually resolved,Neutral,0.316,79.0,1,183.55,0.0833,Platinum,0.7388,2024-01-29
CUST00921,West,Basic,2-Year,Auto-Pay,Business Line,Email,Plan Change,75,185.65,14072.14,35.01,5,True,82,4,Outstanding customer care,Positive,0.8332,43.6,0,187.63,0.0658,Platinum,0.8685,2022-12-06
CUST00922,West,Enterprise,2-Year,Mail,Hotspot,App,Contract Issue,78,197.08,15360.0,81.43,14,True,33,3,Nothing exceptional,Neutral,0.4738,100,1,196.92,0.1772,Platinum,0.6827,2023-05-24
CUST00923,Southeast,Premium,2-Year,Auto-Pay,Hotspot,Chat,No Issue,65,225.2,14109.51,95.28,6,True,-52,1,Agent was unhelpful,Negative,0.0883,100,1,217.07,0.0909,Platinum,0.334,2022-10-17
CUST00924,West,Enterprise,2-Year,Auto-Pay,Home Internet,App,Contract Issue,3,247.79,702.18,48.36,3,False,95,4,Very happy with service,Positive,0.8568,37.0,0,234.06,0.75,Bronze,0.8413,2022-12-23
CUST00925,Southeast,Premium,2-Year,Manual-Online,Business Line,App,Network Outage,42,177.42,7231.67,44.05,7,True,68,5,Very happy with service,Positive,0.9344,20.4,0,172.18,0.1628,Gold,0.944,2023-08-07
CUST00926,Northeast,Premium,1-Year,Auto-Pay,Tablet,App,Plan Change,56,105.08,5648.22,102.03,4,False,51,3,Average experience,Neutral,0.4302,77.8,1,100.86,0.0702,Gold,0.6643,2023-06-29
CUST00927,Northeast,Enterprise,2-Year,Mail,Hotspot,In-Store,Contract Issue,10,233.15,2082.79,67.85,13,True,72,2,No accountability at all,Negative,0.0941,100,1,208.28,1.1818,Bronze,0.651,2023-11-21
CUST00928,Northeast,Premium,Month-to-Month,In-Store,Home Internet,App,Network Outage,31,159.26,4959.91,102.12,8,True,-93,2,Agent was unhelpful,Negative,0.0003,100,1,160.0,0.25,Silver,0.3623,2024-11-18
CUST00929,West,Enterprise,1-Year,Auto-Pay,Smartphone,Chat,No Issue,50,140.85,6091.84,80.53,10,True,-88,1,Very disappointed with service,Negative,0.1836,100,1,121.84,0.1961,Gold,0.271,2023-07-26
CUST00930,Northeast,Premium,2-Year,Auto-Pay,Hotspot,Chat,Device Problem,53,200.19,10849.64,63.1,14,False,60,2,Terrible wait times,Negative,0.0662,100,1,204.71,0.2593,Gold,0.58,2023-07-28
CUST00931,Midwest,Basic,1-Year,Mail,Home Internet,App,Speed Issue,51,65.7,3326.79,54.43,4,False,95,4,Agent was very helpful,Positive,0.8385,39.0,0,65.23,0.0769,Gold,0.8413,2023-12-07
CUST00932,Northeast,Basic,2-Year,Mail,Home Internet,In-Store,Billing Dispute,21,154.38,3360.3,8.95,8,True,1,5,Great network coverage,Positive,0.7051,35.8,0,160.01,0.3636,Silver,0.8267,2023-02-04
CUST00933,Southeast,Standard,1-Year,Manual-Online,Smartphone,Phone,Speed Issue,46,187.27,7617.3,42.02,12,True,19,5,Excellent support experience,Positive,0.7857,40.2,0,165.59,0.2553,Gold,0.8582,2023-02-24
CUST00934,Southeast,Basic,Month-to-Month,Manual-Online,Smartphone,In-Store,Billing Dispute,29,195.06,5077.46,62.08,10,True,19,4,Highly satisfied with resolution,Positive,0.7504,66.2,1,175.08,0.3333,Silver,0.7583,2023-01-25
CUST00935,Southeast,Enterprise,Month-to-Month,In-Store,Hotspot,Email,Plan Change,7,189.71,1173.58,69.88,1,True,1,3,Issue eventually resolved,Neutral,0.4293,81.8,1,167.65,0.125,Bronze,0.6268,2023-08-07
CUST00936,Northeast,Standard,1-Year,Manual-Online,Hotspot,Chat,Device Problem,61,147.51,9317.87,108.7,15,True,-53,1,Poor network reliability,Negative,0.1917,100,1,152.75,0.2419,Platinum,0.3322,2024-10-03
CUST00937,Southwest,Standard,Month-to-Month,Manual-Online,Hotspot,App,Device Problem,22,155.94,3149.46,99.74,14,True,94,4,Problem resolved quickly,Positive,0.9499,59.2,0,143.16,0.6087,Silver,0.8895,2023-05-13
CUST00938,Northeast,Standard,2-Year,In-Store,Home Internet,Chat,Speed Issue,30,155.92,4396.61,88.92,15,False,3,1,Very disappointed with service,Negative,0.1208,100,1,146.55,0.4839,Silver,0.3802,2024-10-13
CUST00939,Southeast,Enterprise,2-Year,Manual-Online,Smartphone,Email,No Issue,1,112.74,99.07,79.41,5,True,-43,3,Average experience,Neutral,0.3259,98.6,1,99.07,2.5,Bronze,0.5497,2024-03-16
CUST00940,Midwest,Basic,1-Year,Mail,Smartphone,Email,Device Problem,73,63.06,3979.96,78.5,5,True,46,2,Worst customer service experience,Negative,0.2907,100,1,54.52,0.0676,Platinum,0.6055,2022-03-22
CUST00941,Southwest,Premium,Month-to-Month,Mail,Business Line,App,Plan Change,37,202.33,7663.0,114.42,4,True,-16,1,Agent was unhelpful,Negative,0.1987,100,1,207.11,0.1053,Gold,0.397,2024-06-06
CUST00942,Southwest,Premium,2-Year,In-Store,Tablet,Email,Plan Change,44,216.14,9243.36,66.87,2,True,-28,3,Acceptable service,Neutral,0.4523,89.6,1,210.08,0.0444,Gold,0.576,2022-03-15
CUST00943,West,Basic,1-Year,Manual-Online,Tablet,App,Device Problem,58,115.9,5977.37,92.52,5,True,57,4,Outstanding customer care,Positive,0.7522,48.6,0,103.06,0.0847,Gold,0.8248,2022-06-09
CUST00944,Southwest,Basic,2-Year,Mail,Home Internet,App,Plan Change,64,114.57,6452.46,75.21,13,False,83,2,Poor network reliability,Negative,0.096,100,1,100.82,0.2,Platinum,0.6202,2023-02-06
CUST00945,West,Basic,2-Year,In-Store,Business Line,Chat,Device Problem,83,70.96,5742.67,29.26,1,True,-93,3,Got what I needed but took a while,Neutral,0.4143,100,1,69.19,0.0119,Platinum,0.4623,2023-11-11
CUST00946,West,Basic,Month-to-Month,Auto-Pay,Tablet,Email,Plan Change,23,201.23,4251.21,45.57,8,True,34,4,Seamless experience overall,Positive,0.8374,59.2,0,184.84,0.3333,Silver,0.7845,2023-02-06
CUST00947,Southeast,Premium,2-Year,In-Store,Tablet,Phone,Contract Issue,18,180.37,3239.75,101.76,12,True,-51,5,Very professional support team,Positive,0.9738,54.2,0,179.99,0.6316,Silver,0.7358,2023-11-28
CUST00948,West,Standard,1-Year,Auto-Pay,Hotspot,Phone,Plan Change,44,188.92,8615.32,22.17,10,False,-58,5,Agent was very helpful,Positive,0.7615,51.6,0,195.8,0.2222,Gold,0.6735,2023-03-30
CUST00949,Southeast,Premium,2-Year,In-Store,Smartphone,Phone,No Issue,65,53.36,3441.08,44.94,0,False,32,3,Acceptable service,Neutral,0.3973,73.6,1,52.94,0.0,Platinum,0.631,2023-10-19
CUST00950,West,Premium,1-Year,Manual-Online,Smartphone,Phone,Speed Issue,81,167.09,13880.09,107.37,2,True,23,5,Seamless experience overall,Positive,0.6659,19.4,0,171.36,0.0244,Platinum,0.8653,2023-02-12
CUST00951,Southwest,Premium,2-Year,Manual-Online,Hotspot,Chat,Billing Dispute,47,76.23,3265.79,39.7,14,True,-17,3,Expected better response time,Neutral,0.5187,100,1,69.48,0.2917,Gold,0.5953,2024-01-20
CUST00952,Southwest,Standard,1-Year,Mail,Business Line,Chat,Network Outage,55,128.4,6450.88,2.91,8,True,78,1,Issue still not resolved,Negative,0.0106,100,1,117.29,0.1429,Gold,0.5615,2023-12-26
CUST00953,Southeast,Enterprise,1-Year,Auto-Pay,Business Line,App,Device Problem,72,43.22,3100.95,16.66,15,True,-31,3,Acceptable service,Neutral,0.458,100,1,43.07,0.2055,Platinum,0.5707,2023-12-15
CUST00954,West,Standard,Month-to-Month,In-Store,Business Line,In-Store,Device Problem,8,240.21,1965.51,70.44,13,False,37,4,Agent was very helpful,Positive,0.6553,68.6,0,245.69,1.4444,Bronze,0.7398,2023-11-23
CUST00955,Southwest,Premium,2-Year,In-Store,Business Line,Email,Contract Issue,76,122.82,8613.17,104.15,9,True,28,2,Will consider switching providers,Negative,0.2731,100,1,113.33,0.1169,Platinum,0.574,2022-06-19
CUST00956,West,Premium,Month-to-Month,Manual-Online,Smartphone,Chat,Billing Dispute,20,206.35,3815.41,28.32,7,True,-40,2,Issue still not resolved,Negative,0.2398,100,1,190.77,0.3333,Silver,0.455,2023-10-12
CUST00957,Northeast,Standard,Month-to-Month,In-Store,Hotspot,In-Store,Billing Dispute,67,74.89,4900.22,67.11,5,True,-28,3,Acceptable service,Neutral,0.4574,95.6,1,73.14,0.0735,Platinum,0.576,2024-02-24
CUST00958,West,Enterprise,Month-to-Month,Mail,Tablet,In-Store,Device Problem,82,203.53,16587.19,35.83,13,True,91,1,No accountability at all,Negative,0.2954,100,1,202.28,0.1566,Platinum,0.5842,2022-12-10
CUST00959,Midwest,Premium,Month-to-Month,Auto-Pay,Business Line,Phone,No Issue,23,185.65,4319.25,13.6,4,True,-84,2,Poor network reliability,Negative,0.2636,100,1,187.79,0.1667,Silver,0.378,2022-01-15
CUST00960,Midwest,Basic,Month-to-Month,Mail,Smartphone,Chat,Plan Change,32,121.37,3681.52,25.27,14,True,-94,5,Seamless experience overall,Positive,0.7616,66.8,0,115.05,0.4242,Silver,0.6605,2022-06-28
CUST00961,West,Standard,Month-to-Month,In-Store,Home Internet,In-Store,Speed Issue,34,194.29,6094.81,75.7,15,True,-3,2,Very disappointed with service,Negative,0.0976,100,1,179.26,0.4286,Silver,0.5197,2022-07-04
CUST00962,Southwest,Enterprise,1-Year,Manual-Online,Smartphone,In-Store,Billing Dispute,71,221.18,15604.18,115.28,15,True,-84,4,Problem resolved quickly,Positive,0.7772,96.8,1,219.78,0.2083,Platinum,0.578,2023-03-21
CUST00963,Southwest,Standard,Month-to-Month,In-Store,Tablet,Phone,Network Outage,74,240.13,18336.97,26.48,13,True,-75,4,Very professional support team,Positive,0.6301,91.0,1,247.8,0.1733,Platinum,0.5938,2023-09-13
CUST00964,Southeast,Standard,Month-to-Month,Manual-Online,Hotspot,Email,Contract Issue,32,203.65,6654.56,65.28,10,True,-32,4,Seamless experience overall,Positive,0.8948,76.4,0,207.96,0.303,Silver,0.669,2024-10-06
CUST00965,Southeast,Standard,1-Year,In-Store,Tablet,Chat,Plan Change,43,87.42,3386.08,97.48,15,True,-54,4,Very professional support team,Positive,0.7755,90.8,1,78.75,0.3409,Gold,0.6305,2023-01-18
CUST00966,Southwest,Standard,1-Year,Auto-Pay,Tablet,Chat,Speed Issue,32,176.67,5479.2,91.41,15,True,-46,4,Highly satisfied with resolution,Positive,0.6553,89.2,1,171.22,0.4545,Silver,0.6445,2024-11-28
CUST00967,Southeast,Standard,Month-to-Month,Auto-Pay,Smartphone,Phone,No Issue,47,117.36,5560.69,103.69,6,True,-91,1,No accountability at all,Negative,0.1467,100,1,118.31,0.125,Gold,0.2657,2024-08-11
CUST00968,Southwest,Enterprise,1-Year,Manual-Online,Hotspot,App,Speed Issue,24,82.09,1885.44,110.99,1,True,-96,3,Expected better response time,Neutral,0.5768,100,1,78.56,0.04,Silver,0.457,2022-06-17
CUST00969,Southwest,Premium,Month-to-Month,Mail,Smartphone,Email,No Issue,21,239.89,5160.62,68.89,2,True,99,2,Poor network reliability,Negative,0.2338,94.2,1,245.74,0.0909,Silver,0.6983,2023-12-15
CUST00970,Northeast,Basic,1-Year,Manual-Online,Home Internet,Email,Contract Issue,66,72.42,4647.88,24.36,0,False,20,1,Will consider switching providers,Negative,0.15,100,1,70.42,0.0,Platinum,0.41,2022-08-24
CUST00971,Southeast,Enterprise,Month-to-Month,Manual-Online,Tablet,Chat,Network Outage,21,55.97,1160.51,84.35,14,False,19,2,Will consider switching providers,Negative,0.2314,100,1,55.26,0.6364,Silver,0.5083,2022-07-02
CUST00972,Northeast,Basic,1-Year,Mail,Smartphone,Phone,Network Outage,6,56.6,337.68,54.13,10,False,-37,2,Agent was unhelpful,Negative,0.0111,100,1,56.28,1.4286,Bronze,0.4103,2023-01-30
CUST00973,West,Enterprise,1-Year,Manual-Online,Business Line,Chat,Contract Issue,23,130.17,3069.88,97.54,3,True,95,3,Issue eventually resolved,Neutral,0.3853,67.0,0,133.47,0.125,Silver,0.7913,2024-03-19
CUST00974,Southwest,Standard,1-Year,Auto-Pay,Business Line,Email,Network Outage,20,161.18,2982.2,3.04,6,True,-11,4,Excellent support experience,Positive,0.9242,64.2,0,149.11,0.2857,Silver,0.7058,2022-01-03
CUST00975,Southeast,Premium,Month-to-Month,Mail,Smartphone,Chat,Network Outage,59,56.09,2995.23,51.44,11,True,38,3,Average experience,Neutral,0.3636,94.4,1,50.77,0.1833,Gold,0.6915,2022-02-25
CUST00976,Midwest,Basic,2-Year,Manual-Online,Smartphone,Phone,Device Problem,7,122.93,793.7,20.27,7,False,-29,1,Will consider switching providers,Negative,0.0185,100,1,113.39,0.875,Bronze,0.3242,2022-06-24
CUST00977,West,Enterprise,2-Year,Auto-Pay,Home Internet,Phone,Network Outage,17,219.19,3563.06,113.47,3,True,-19,3,Average experience,Neutral,0.5483,89.8,1,209.59,0.1667,Silver,0.5917,2022-01-16
CUST00978,Southeast,Premium,Month-to-Month,Manual-Online,Smartphone,Chat,Billing Dispute,79,109.89,8950.6,114.83,14,True,8,3,Nothing exceptional,Neutral,0.4328,100,1,113.3,0.175,Platinum,0.639,2023-12-14
CUST00979,Midwest,Premium,1-Year,Manual-Online,Tablet,Email,Device Problem,14,60.1,851.51,55.95,0,True,-89,5,Very happy with service,Positive,0.9077,37.8,0,60.82,0.0,Silver,0.6693,2024-11-19
CUST00980,Northeast,Basic,Month-to-Month,Auto-Pay,Home Internet,App,Network Outage,13,128.84,1516.19,113.24,15,True,8,5,Very happy with service,Positive,0.8177,48.4,0,116.63,1.0714,Silver,0.839,2024-11-24
CUST00981,Northeast,Premium,1-Year,Auto-Pay,Tablet,App,Billing Dispute,14,244.31,3389.08,56.15,6,True,4,4,Excellent support experience,Positive,0.6986,61.2,0,242.08,0.4,Silver,0.732,2024-08-04
CUST00982,Southeast,Premium,Month-to-Month,Auto-Pay,Hotspot,Email,Plan Change,36,138.24,4428.71,48.67,3,True,-94,1,Poor network reliability,Negative,0.1047,100,1,123.02,0.0811,Gold,0.2605,2024-12-17
CUST00983,Midwest,Enterprise,1-Year,Mail,Business Line,Email,Device Problem,4,74.99,288.64,40.72,6,False,-60,4,Agent went above and beyond,Positive,0.9559,74.0,1,72.16,1.2,Bronze,0.57,2024-06-13
CUST00984,Southeast,Basic,1-Year,Auto-Pay,Business Line,Phone,No Issue,18,183.87,3127.63,4.82,8,False,6,4,Excellent support experience,Positive,0.7242,64.8,0,173.76,0.4211,Silver,0.6855,2023-11-08
CUST00985,Southwest,Basic,Month-to-Month,Auto-Pay,Smartphone,In-Store,Plan Change,63,176.63,9735.22,31.03,0,True,49,2,No accountability at all,Negative,0.0204,100,1,154.53,0.0,Platinum,0.6108,2023-07-07
CUST00986,Southwest,Basic,1-Year,Manual-Online,Smartphone,Email,No Issue,23,39.3,878.69,60.72,9,False,1,5,Great network coverage,Positive,0.9959,37.8,0,38.2,0.375,Silver,0.7768,2023-04-04
CUST00987,Northeast,Standard,1-Year,Mail,Smartphone,In-Store,Device Problem,78,152.43,10801.92,49.9,12,True,-62,2,Very disappointed with service,Negative,0.1455,100,1,138.49,0.1519,Platinum,0.4165,2023-06-30
CUST00988,Southeast,Standard,Month-to-Month,In-Store,Home Internet,Phone,Network Outage,66,177.33,11341.25,70.36,3,False,-97,1,Billing overcharge not fixed,Negative,0.0495,100,1,171.84,0.0448,Platinum,0.2053,2024-06-01
CUST00989,Southeast,Basic,Month-to-Month,Mail,Smartphone,App,Device Problem,70,215.73,13155.15,49.88,5,True,61,3,Acceptable service,Neutral,0.5831,77.8,0,187.93,0.0704,Platinum,0.7318,2022-06-21
CUST00990,Southeast,Premium,2-Year,Mail,Tablet,Chat,Billing Dispute,57,241.74,13726.7,64.96,9,True,-82,5,Agent went above and beyond,Positive,0.9577,54.4,0,240.82,0.1552,Gold,0.6815,2023-09-15
CUST00991,Southwest,Standard,Month-to-Month,Auto-Pay,Home Internet,Email,Plan Change,66,192.23,11375.68,117.96,11,False,-98,5,Agent was very helpful,Positive,0.6247,61.6,0,172.36,0.1642,Platinum,0.6035,2022-02-22
CUST00992,Midwest,Basic,1-Year,Mail,Hotspot,In-Store,Contract Issue,12,212.33,2257.41,23.48,2,True,52,4,Excellent support experience,Positive,0.9058,43.6,0,188.12,0.1538,Silver,0.816,2022-06-22
CUST00993,Southeast,Enterprise,2-Year,In-Store,Tablet,App,Contract Issue,55,153.12,8008.41,56.14,12,False,70,1,Will consider switching providers,Negative,0.1064,100,1,145.61,0.2143,Gold,0.4975,2022-08-30
CUST00994,Midwest,Basic,2-Year,Mail,Smartphone,Email,Device Problem,6,138.75,799.51,30.53,15,True,72,5,Great network coverage,Positive,0.6897,35.6,0,133.25,2.1429,Bronze,0.951,2024-02-12
CUST00995,Midwest,Basic,1-Year,Mail,Tablet,Email,Contract Issue,6,224.64,1395.35,84.54,9,False,-2,5,Problem resolved quickly,Positive,0.8881,38.4,0,232.56,1.2857,Bronze,0.7715,2024-05-29
CUST00996,Northeast,Premium,1-Year,In-Store,Tablet,Chat,Device Problem,2,63.64,116.79,46.93,5,True,48,2,Worst customer service experience,Negative,0.0826,100,1,58.4,1.6667,Bronze,0.609,2022-09-14
CUST00997,Northeast,Standard,1-Year,Mail,Business Line,App,Network Outage,79,39.03,2889.68,118.22,12,False,-62,5,Seamless experience overall,Positive,0.8408,56.4,0,36.58,0.15,Platinum,0.6665,2022-05-20
CUST00998,West,Basic,2-Year,Auto-Pay,Smartphone,Email,Billing Dispute,28,249.71,6101.04,107.63,7,True,69,5,Agent was very helpful,Positive,0.9994,20.2,0,217.89,0.2414,Silver,0.9457,2023-02-23
CUST00999,West,Basic,Month-to-Month,Manual-Online,Home Internet,In-Store,Billing Dispute,44,71.04,2812.32,110.28,10,True,2,3,Service was okay,Neutral,0.573,99.6,1,63.92,0.2222,Gold,0.6285,2024-01-08
CUST01000,Midwest,Premium,1-Year,Manual-Online,Hotspot,Chat,Plan Change,13,124.35,1584.31,104.89,9,True,-93,5,Agent went above and beyond,Positive,0.7608,56.6,0,121.87,0.6429,Silver,0.6623,2022-05-10
CUST01001,West,Enterprise,2-Year,Auto-Pay,Business Line,Phone,Contract Issue,34,160.79,5273.59,66.05,1,True,2,4,Great network coverage,Positive,0.6582,51.6,0,155.11,0.0286,Silver,0.7285,2023-07-11
CUST01002,Northeast,Enterprise,1-Year,Mail,Business Line,Chat,No Issue,29,214.73,6068.44,110.37,12,True,39,4,Great network coverage,Positive,0.847,66.2,1,209.26,0.4,Silver,0.7933,2023-05-25
CUST01003,Southwest,Enterprise,2-Year,Mail,Hotspot,App,Device Problem,73,98.71,7411.23,11.75,10,True,-20,1,Will consider switching providers,Negative,0.0404,100,1,101.52,0.1351,Platinum,0.39,2023-01-05
CUST01004,Northeast,Enterprise,1-Year,Manual-Online,Home Internet,Chat,Speed Issue,15,45.47,590.47,82.25,1,True,52,5,Great network coverage,Positive,0.923,11.6,0,39.36,0.0625,Silver,0.916,2023-03-01
CUST01005,West,Premium,Month-to-Month,Mail,Tablet,Chat,Plan Change,75,87.17,6044.0,7.64,15,True,-88,1,Will consider switching providers,Negative,0.0903,100,1,80.59,0.1974,Platinum,0.271,2022-10-06
CUST01006,Midwest,Premium,Month-to-Month,Auto-Pay,Hotspot,In-Store,Device Problem,36,202.8,7287.02,67.25,13,False,27,4,Agent went above and beyond,Positive,0.7049,70.6,0,202.42,0.3514,Gold,0.7223,2022-01-30
CUST01007,Midwest,Premium,1-Year,In-Store,Home Internet,In-Store,Speed Issue,69,226.33,15058.35,94.12,9,True,-44,2,Will consider switching providers,Negative,0.0087,100,1,218.24,0.1286,Platinum,0.448,2022-09-25
CUST01008,Southeast,Premium,1-Year,Mail,Home Internet,Phone,No Issue,82,70.54,5401.05,84.37,1,True,1,3,Nothing exceptional,Neutral,0.3687,81.8,1,65.87,0.012,Platinum,0.6268,2022-04-20
CUST01009,Northeast,Enterprise,Month-to-Month,Manual-Online,Smartphone,Phone,Network Outage,38,69.82,2659.55,54.78,15,False,-21,4,Highly satisfied with resolution,Positive,0.8453,84.2,1,69.99,0.3846,Gold,0.6382,2024-03-10
CUST01010,Northeast,Basic,Month-to-Month,Manual-Online,Hotspot,Chat,Billing Dispute,48,230.35,11281.89,98.02,8,False,-85,1,No accountability at all,Negative,0.0045,100,1,235.04,0.1633,Gold,0.2263,2024-08-29
CUST01011,Southwest,Enterprise,1-Year,Mail,Business Line,Phone,Network Outage,11,68.03,725.21,113.07,14,True,-31,4,Agent went above and beyond,Positive,0.917,84.2,1,65.93,1.1667,Bronze,0.6707,2022-12-03
CUST01012,West,Basic,Month-to-Month,Auto-Pay,Tablet,Chat,Network Outage,68,85.26,5780.77,106.26,10,True,10,3,Got what I needed but took a while,Neutral,0.5599,98.0,1,85.01,0.1449,Platinum,0.6425,2024-12-26
CUST01013,Northeast,Enterprise,2-Year,In-Store,Tablet,Email,Speed Issue,66,68.45,3955.62,80.94,7,True,-36,3,Decent support,Neutral,0.3141,100,1,59.93,0.1045,Platinum,0.562,2024-05-29
CUST01014,Midwest,Premium,2-Year,In-Store,Hotspot,In-Store,Speed Issue,19,221.36,4286.18,10.13,4,True,-61,4,Great network coverage,Positive,0.8459,70.2,0,225.59,0.2,Silver,0.6182,2024-10-03
CUST01015,Southwest,Basic,1-Year,Mail,Home Internet,Phone,Network Outage,38,171.9,6438.81,20.8,5,True,-51,5,Great network coverage,Positive,0.7518,40.2,0,169.44,0.1282,Gold,0.7358,2022-12-14
CUST01016,Northeast,Enterprise,1-Year,Auto-Pay,Business Line,Chat,No Issue,9,163.47,1364.43,30.39,1,True,-16,2,Will consider switching providers,Negative,0.2983,100,1,151.6,0.1,Bronze,0.497,2023-04-16
CUST01017,Midwest,Standard,1-Year,Manual-Online,Hotspot,Phone,Speed Issue,2,37.86,78.31,84.3,3,True,83,4,Seamless experience overall,Positive,0.7897,39.4,0,39.16,1.0,Bronze,0.8702,2023-08-10
CUST01018,Southwest,Basic,1-Year,In-Store,Tablet,Email,Speed Issue,33,231.68,7959.69,32.14,13,True,36,2,Terrible wait times,Negative,0.2065,100,1,241.2,0.3824,Silver,0.588,2024-08-31
CUST01019,Southwest,Standard,1-Year,Auto-Pay,Smartphone,Email,Network Outage,83,161.06,11756.03,55.32,8,False,59,5,Very professional support team,Positive,0.7702,24.2,0,141.64,0.0952,Platinum,0.8782,2024-12-16
CUST01020,Southwest,Standard,2-Year,Auto-Pay,Hotspot,Email,Device Problem,75,184.67,14092.66,13.45,14,True,-36,4,Excellent support experience,Positive,0.9447,85.2,1,187.9,0.1842,Platinum,0.662,2024-02-20
CUST01021,Midwest,Standard,1-Year,Manual-Online,Tablet,App,Contract Issue,29,160.32,4103.21,29.02,3,True,-72,5,Seamless experience overall,Positive,0.612,40.4,0,141.49,0.1,Silver,0.699,2022-11-18
CUST01022,Southwest,Standard,Month-to-Month,Auto-Pay,Business Line,App,Network Outage,22,62.05,1172.56,14.92,5,True,-56,1,No accountability at all,Negative,0.1158,100,1,53.3,0.2174,Silver,0.327,2024-06-07
CUST01023,West,Basic,Month-to-Month,Auto-Pay,Business Line,App,Contract Issue,72,232.29,16479.81,86.07,3,True,40,1,Agent was unhelpful,Negative,0.1118,100,1,228.89,0.0411,Platinum,0.495,2022-07-10
CUST01024,Midwest,Basic,2-Year,Manual-Online,Business Line,Email,Speed Issue,84,83.66,7299.27,71.17,1,False,-30,4,Great network coverage,Positive,0.8566,58.0,0,86.9,0.0118,Platinum,0.6225,2023-02-04
CUST01025,Midwest,Premium,1-Year,In-Store,Smartphone,Chat,Billing Dispute,26,191.32,5217.65,55.39,12,True,-100,3,Decent support,Neutral,0.583,100,1,200.68,0.4444,Silver,0.45,2024-02-16
CUST01026,West,Basic,1-Year,Auto-Pay,Smartphone,In-Store,Device Problem,50,122.85,5334.18,2.55,12,True,-24,1,Agent was unhelpful,Negative,0.296,100,1,106.68,0.2353,Gold,0.383,2022-01-04
CUST01027,West,Premium,Month-to-Month,Mail,Business Line,App,Speed Issue,80,133.27,10177.12,2.79,6,False,7,5,Problem resolved quickly,Positive,0.7177,30.6,0,127.21,0.0741,Platinum,0.7873,2022-10-16
CUST01028,West,Enterprise,Month-to-Month,Mail,Business Line,In-Store,No Issue,2,146.14,280.0,67.41,3,False,35,4,Very professional support team,Positive,0.6291,49.0,0,140.0,1.0,Bronze,0.7363,2022-03-04
CUST01029,Midwest,Enterprise,Month-to-Month,In-Store,Home Internet,Chat,Plan Change,59,227.28,11460.78,71.77,4,True,-78,2,Terrible wait times,Negative,0.1364,100,1,194.25,0.0667,Gold,0.3885,2024-12-05
CUST01030,Southwest,Standard,1-Year,Auto-Pay,Hotspot,Chat,Plan Change,1,197.42,206.52,69.03,4,True,100,4,Highly satisfied with resolution,Positive,0.7342,38.0,0,206.52,2.0,Bronze,0.9,2023-10-06
CUST01031,Northeast,Enterprise,1-Year,Mail,Hotspot,Chat,Contract Issue,18,137.41,2292.87,23.0,2,True,38,5,Agent was very helpful,Positive,0.7121,16.4,0,127.38,0.1053,Silver,0.8915,2024-04-04
CUST01032,Southeast,Enterprise,1-Year,Manual-Online,Tablet,Phone,Plan Change,62,103.53,6210.42,54.46,8,True,-32,2,No accountability at all,Negative,0.104,100,1,100.17,0.127,Platinum,0.469,2023-08-25
CUST01033,Midwest,Enterprise,Month-to-Month,In-Store,Home Internet,App,Network Outage,1,215.87,189.6,101.5,11,False,-100,5,Very happy with service,Positive,0.9752,62.0,0,189.6,5.5,Bronze,0.6,2022-04-12
CUST01034,Northeast,Enterprise,Month-to-Month,In-Store,Home Internet,Email,Billing Dispute,59,67.76,4059.63,34.14,15,True,28,2,Will consider switching providers,Negative,0.0984,100,1,68.81,0.25,Gold,0.574,2023-07-28
CUST01035,Northeast,Basic,Month-to-Month,Mail,Business Line,App,Network Outage,21,181.54,3787.24,29.6,4,False,-82,4,Great network coverage,Positive,0.9697,74.4,1,180.34,0.1818,Silver,0.5315,2024-02-04
CUST01036,Northeast,Enterprise,Month-to-Month,Auto-Pay,Hotspot,App,Contract Issue,8,50.11,386.8,116.99,5,False,-73,1,Worst customer service experience,Negative,0.0243,100,1,48.35,0.5556,Bronze,0.2473,2022-03-31
CUST01037,Midwest,Standard,1-Year,Auto-Pay,Business Line,Phone,Network Outage,6,37.21,192.94,52.19,10,True,-99,4,Excellent support experience,Positive,0.9509,89.8,1,32.16,1.4286,Bronze,0.5517,2023-10-02
CUST01038,Southwest,Premium,2-Year,In-Store,Tablet,Phone,No Issue,73,144.81,9859.07,67.08,6,False,-12,2,Billing overcharge not fixed,Negative,0.287,100,1,135.06,0.0811,Platinum,0.454,2022-08-25
CUST01039,West,Basic,2-Year,Manual-Online,Home Internet,Phone,No Issue,40,208.4,7223.38,108.3,2,True,-34,3,Nothing exceptional,Neutral,0.5324,90.8,1,180.58,0.0488,Gold,0.5655,2024-04-05
CUST01040,Southeast,Standard,Month-to-Month,Mail,Hotspot,Phone,No Issue,47,126.32,5668.71,105.88,7,True,-62,4,Agent went above and beyond,Positive,0.9448,76.4,1,120.61,0.1458,Gold,0.6165,2024-06-10
CUST01041,Northeast,Enterprise,1-Year,Manual-Online,Business Line,App,Network Outage,33,226.01,7728.25,60.9,9,True,-19,2,Billing overcharge not fixed,Negative,0.1218,100,1,234.19,0.2647,Silver,0.4918,2022-10-10
CUST01042,Southwest,Basic,1-Year,In-Store,Smartphone,In-Store,No Issue,57,233.93,13213.17,47.82,14,True,-10,1,Worst customer service experience,Negative,0.0478,100,1,231.81,0.2414,Gold,0.4075,2023-01-10
CUST01043,Northeast,Basic,2-Year,In-Store,Hotspot,Chat,Billing Dispute,64,168.36,9825.7,4.28,3,True,-75,1,Problem kept recurring,Negative,0.2337,100,1,153.53,0.0462,Platinum,0.2938,2024-03-05
CUST01044,Northeast,Basic,Month-to-Month,In-Store,Hotspot,In-Store,Contract Issue,50,41.87,2073.69,21.01,0,False,83,5,Highly satisfied with resolution,Positive,0.9678,3.4,0,41.47,0.0,Gold,0.9203,2023-10-08
CUST01045,Midwest,Basic,2-Year,Manual-Online,Smartphone,Chat,Contract Issue,18,70.08,1299.56,94.41,11,True,-98,2,Very disappointed with service,Negative,0.0237,100,1,72.2,0.5789,Silver,0.3535,2022-08-16
CUST01046,Midwest,Standard,2-Year,Manual-Online,Hotspot,App,Speed Issue,57,169.41,9400.74,4.81,9,True,26,1,Agent was unhelpful,Negative,0.2534,100,1,164.93,0.1552,Gold,0.4705,2024-08-07
CUST01047,Southwest,Basic,1-Year,In-Store,Smartphone,Phone,Contract Issue,9,40.58,382.21,35.25,6,True,97,1,Will consider switching providers,Negative,0.0356,100,1,42.47,0.6,Bronze,0.5948,2023-07-23
CUST01048,Midwest,Standard,Month-to-Month,Manual-Online,Home Internet,Chat,Plan Change,79,183.71,14543.04,8.66,9,True,-44,3,Waited longer than expected,Neutral,0.5676,100,1,184.09,0.1125,Platinum,0.548,2024-01-06
CUST01049,Midwest,Standard,1-Year,In-Store,Tablet,Chat,Speed Issue,50,45.54,1962.47,115.69,0,True,1,5,Agent went above and beyond,Positive,0.9772,19.8,0,39.25,0.0,Gold,0.8267,2022-05-01
CUST01050,Northeast,Enterprise,2-Year,Mail,Home Internet,Email,Billing Dispute,31,249.14,7338.65,83.63,4,True,69,2,Billing overcharge not fixed,Negative,0.092,100,1,236.73,0.125,Silver,0.6457,2024-02-07
CUST01051,Southeast,Basic,Month-to-Month,Mail,Home Internet,In-Store,Device Problem,21,103.51,1851.15,20.12,11,True,-82,4,Agent went above and beyond,Positive,0.7252,88.4,1,88.15,0.5,Silver,0.5815,2022-09-24
CUST01052,West,Standard,1-Year,Auto-Pay,Home Internet,App,Speed Issue,24,158.05,3700.45,79.72,4,True,-44,3,Issue eventually resolved,Neutral,0.3209,96.8,1,154.19,0.16,Silver,0.548,2022-03-07
CUST01053,Southwest,Basic,2-Year,Mail,Smartphone,Email,Network Outage,1,170.18,177.3,67.14,13,True,-38,1,Issue still not resolved,Negative,0.0265,100,1,177.3,6.5,Bronze,0.3585,2024-03-15
CUST01054,West,Standard,Month-to-Month,Auto-Pay,Hotspot,Email,Device Problem,43,195.92,8839.09,67.22,14,True,44,2,Will consider switching providers,Negative,0.2211,100,1,205.56,0.3182,Gold,0.602,2024-05-17
CUST01055,Midwest,Standard,1-Year,Auto-Pay,Tablet,Phone,Device Problem,23,205.4,4851.51,17.83,11,True,33,2,Problem kept recurring,Negative,0.295,100,1,210.94,0.4583,Silver,0.5827,2022-02-20
CUST01056,Southwest,Standard,Month-to-Month,Mail,Smartphone,Chat,No Issue,45,215.2,8668.44,90.48,0,True,-52,4,Agent was very helpful,Positive,0.6396,60.4,0,192.63,0.0,Gold,0.634,2022-12-17
CUST01057,Northeast,Premium,2-Year,Auto-Pay,Business Line,App,Device Problem,1,181.0,174.32,52.61,3,False,-46,5,Highly satisfied with resolution,Positive,0.7329,35.2,0,174.32,1.5,Bronze,0.6945,2022-06-17
CUST01058,Southwest,Premium,2-Year,Mail,Home Internet,Phone,Contract Issue,13,113.97,1412.5,85.35,10,True,22,5,Very professional support team,Positive,0.9432,35.6,0,108.65,0.7143,Silver,0.8635,2022-05-18
CUST01059,Southwest,Enterprise,2-Year,Manual-Online,Business Line,App,Device Problem,23,206.81,4305.81,115.41,9,True,68,1,Poor network reliability,Negative,0.0504,100,1,187.21,0.375,Silver,0.544,2024-09-03
CUST01060,Southeast,Basic,Month-to-Month,Manual-Online,Business Line,Phone,Plan Change,38,148.05,5485.56,100.8,7,True,69,2,Issue still not resolved,Negative,0.0832,100,1,144.36,0.1795,Gold,0.6457,2024-09-24
CUST01061,Midwest,Standard,2-Year,Manual-Online,Business Line,Chat,Billing Dispute,54,244.26,13734.94,69.7,6,True,72,2,Very disappointed with service,Negative,0.0383,100,1,254.35,0.1091,Gold,0.651,2023-03-02
CUST01062,Northeast,Premium,2-Year,Manual-Online,Tablet,Phone,Network Outage,57,139.56,8114.79,16.14,3,True,-5,2,Poor network reliability,Negative,0.151,100,1,142.36,0.0517,Gold,0.5162,2024-05-05
CUST01063,Midwest,Basic,1-Year,In-Store,Home Internet,Phone,Billing Dispute,8,105.77,853.44,28.47,14,False,17,3,Waited longer than expected,Neutral,0.3288,100,1,106.68,1.5556,Bronze,0.6048,2023-04-05
CUST01064,Southeast,Basic,2-Year,Auto-Pay,Tablet,App,Billing Dispute,54,180.17,9851.68,117.42,2,False,-24,4,Very professional support team,Positive,0.6164,58.8,0,182.44,0.0364,Gold,0.633,2022-11-22
CUST01065,Southwest,Standard,Month-to-Month,Auto-Pay,Hotspot,Phone,No Issue,70,210.65,12730.91,47.06,5,True,45,1,Agent was unhelpful,Negative,0.2817,100,1,181.87,0.0704,Platinum,0.5037,2024-05-09
CUST01066,West,Basic,2-Year,Auto-Pay,Hotspot,In-Store,Plan Change,48,243.13,10894.6,116.4,12,False,92,1,Worst customer service experience,Negative,0.279,100,1,226.97,0.2449,Gold,0.536,2022-06-22
CUST01067,Southwest,Enterprise,1-Year,In-Store,Smartphone,Email,Plan Change,37,201.33,7498.71,36.76,1,False,10,4,Problem resolved quickly,Positive,0.8739,50.0,0,202.67,0.0263,Gold,0.6925,2023-01-22
CUST01068,Southeast,Enterprise,1-Year,Auto-Pay,Hotspot,App,Device Problem,22,129.79,2501.01,21.1,4,False,-70,1,Poor network reliability,Negative,0.0767,100,1,113.68,0.1739,Silver,0.2525,2024-04-21
CUST01069,Southeast,Premium,2-Year,In-Store,Hotspot,Phone,Billing Dispute,66,217.02,13997.41,114.64,15,True,89,5,Agent went above and beyond,Positive,0.659,32.2,0,212.08,0.2239,Platinum,0.9808,2023-05-07
CUST01070,Midwest,Basic,2-Year,Mail,Hotspot,Phone,Network Outage,72,104.53,6757.62,16.94,9,False,-53,3,Nothing exceptional,Neutral,0.4595,100,1,93.86,0.1233,Platinum,0.4823,2023-04-06
CUST01071,Southeast,Premium,Month-to-Month,Auto-Pay,Tablet,Chat,Billing Dispute,47,216.62,9731.14,49.27,11,True,-6,4,Agent went above and beyond,Positive,0.9665,73.2,1,207.05,0.2292,Gold,0.7145,2023-07-05
CUST01072,West,Premium,1-Year,Mail,Business Line,Email,Contract Issue,82,103.8,7574.25,116.08,13,True,44,4,Outstanding customer care,Positive,0.7572,67.2,1,92.37,0.1566,Platinum,0.802,2024-10-26
CUST01073,West,Basic,1-Year,Manual-Online,Hotspot,Phone,Billing Dispute,23,105.51,2242.27,64.72,0,True,58,3,Nothing exceptional,Neutral,0.3556,68.4,1,97.49,0.0,Silver,0.7265,2024-03-28
CUST01074,Southwest,Standard,1-Year,In-Store,Business Line,In-Store,Device Problem,39,215.72,7456.89,102.56,7,True,16,3,Nothing exceptional,Neutral,0.5331,90.8,1,191.2,0.175,Gold,0.653,2022-09-01
CUST01075,Midwest,Standard,1-Year,Auto-Pay,Hotspot,Chat,Contract Issue,34,173.14,5690.76,30.49,5,False,-71,3,Decent support,Neutral,0.364,100,1,167.38,0.1429,Silver,0.4508,2022-04-25
CUST01076,West,Enterprise,Month-to-Month,Mail,Tablet,Chat,Contract Issue,3,36.59,107.48,87.97,15,True,-58,2,Issue still not resolved,Negative,0.1105,100,1,35.83,3.75,Bronze,0.4235,2024-07-03
CUST01077,Northeast,Premium,1-Year,Manual-Online,Tablet,Email,No Issue,36,192.6,6137.93,106.81,14,True,-32,4,Seamless experience overall,Positive,0.6776,84.4,1,170.5,0.3784,Gold,0.669,2022-12-02
CUST01078,Northeast,Enterprise,1-Year,Manual-Online,Tablet,In-Store,Device Problem,58,59.04,3205.15,82.15,13,True,-51,4,Outstanding customer care,Positive,0.9644,86.2,1,55.26,0.2203,Gold,0.6358,2022-04-06
CUST01079,Midwest,Standard,1-Year,Auto-Pay,Smartphone,Email,Speed Issue,84,144.2,12679.88,5.33,4,False,74,2,Issue still not resolved,Negative,0.0928,100,1,150.95,0.0471,Platinum,0.6045,2023-10-17
CUST01080,West,Standard,Month-to-Month,Mail,Smartphone,App,Speed Issue,30,242.88,7202.31,15.69,6,False,35,1,Poor network reliability,Negative,0.2725,100,1,240.08,0.1935,Silver,0.4363,2023-02-11
CUST01081,Northeast,Standard,1-Year,In-Store,Hotspot,Phone,Plan Change,51,68.71,3483.78,72.51,5,False,100,2,Terrible wait times,Negative,0.2899,100.0,1,68.31,0.0962,Gold,0.65,2023-12-23
CUST01082,Southeast,Standard,Month-to-Month,Manual-Online,Tablet,In-Store,Network Outage,79,71.81,5414.54,73.34,0,True,-7,4,Problem resolved quickly,Positive,0.9127,51.4,0,68.54,0.0,Platinum,0.7127,2023-04-07
CUST01083,Southeast,Standard,1-Year,Mail,Smartphone,App,Speed Issue,5,133.29,578.7,6.83,14,True,30,2,Problem kept recurring,Negative,0.2364,100,1,115.74,2.3333,Bronze,0.5775,2022-09-05
CUST01084,Southwest,Standard,Month-to-Month,Mail,Smartphone,Chat,Billing Dispute,63,57.42,3361.65,43.15,7,True,80,1,Problem kept recurring,Negative,0.1999,100,1,53.36,0.1094,Platinum,0.565,2024-06-09
CUST01085,Midwest,Premium,1-Year,Mail,Tablet,Email,Device Problem,34,58.82,1783.82,116.41,6,True,-64,2,No accountability at all,Negative,0.0051,100,1,52.47,0.1714,Silver,0.413,2022-08-06
CUST01086,Southwest,Premium,1-Year,Manual-Online,Hotspot,App,Contract Issue,73,63.93,4728.2,118.91,5,True,87,3,Got what I needed but took a while,Neutral,0.3549,72.6,1,64.77,0.0676,Platinum,0.7772,2023-11-23
CUST01087,Southeast,Premium,2-Year,Auto-Pay,Home Internet,Phone,No Issue,82,203.87,15810.55,96.05,2,True,36,1,Problem kept recurring,Negative,0.0827,100,1,192.81,0.0241,Platinum,0.488,2023-04-29
CUST01088,Northeast,Enterprise,2-Year,In-Store,Tablet,App,Speed Issue,16,173.69,2542.24,2.61,2,True,98,4,Agent was very helpful,Positive,0.7605,34.4,0,158.89,0.1176,Silver,0.8965,2022-04-28
CUST01089,Southwest,Premium,2-Year,Mail,Tablet,App,No Issue,61,174.5,9869.83,38.35,8,False,-89,3,Waited longer than expected,Neutral,0.3218,100,1,161.8,0.129,Platinum,0.4193,2022-12-23
CUST01090,Northeast,Premium,Month-to-Month,Mail,Hotspot,Chat,Billing Dispute,73,198.6,14275.2,40.26,8,True,45,1,Worst customer service experience,Negative,0.1777,100,1,195.55,0.1081,Platinum,0.5037,2023-03-10
CUST01091,Southwest,Premium,1-Year,Mail,Hotspot,Phone,Billing Dispute,62,206.74,12974.78,3.16,5,False,-60,1,Problem kept recurring,Negative,0.0288,100,1,209.27,0.0794,Platinum,0.27,2022-07-03
CUST01092,Southeast,Premium,Month-to-Month,Manual-Online,Business Line,Phone,No Issue,56,229.3,12507.72,56.07,14,False,-91,5,Seamless experience overall,Positive,0.6862,66.2,1,223.35,0.2456,Gold,0.6158,2022-12-04
CUST01093,West,Enterprise,1-Year,Manual-Online,Smartphone,App,No Issue,24,59.0,1388.26,81.32,0,False,-14,5,Great network coverage,Positive,0.8139,22.8,0,57.84,0.0,Silver,0.7505,2024-08-31
CUST01094,Southwest,Enterprise,1-Year,Manual-Online,Tablet,App,Contract Issue,40,74.65,2897.98,75.97,12,True,-21,2,No accountability at all,Negative,0.2016,100,1,72.45,0.2927,Gold,0.4882,2023-11-17
CUST01095,Southeast,Standard,Month-to-Month,Manual-Online,Smartphone,Phone,Billing Dispute,76,45.23,3500.84,93.18,15,False,-31,3,Could be improved,Neutral,0.5399,100,1,46.06,0.1948,Platinum,0.5208,2023-08-05
CUST01096,West,Basic,2-Year,Auto-Pay,Smartphone,Phone,Device Problem,72,132.13,8668.9,65.83,13,False,2,3,Waited longer than expected,Neutral,0.435,100,1,120.4,0.1781,Platinum,0.5785,2023-09-26
CUST01097,Northeast,Enterprise,Month-to-Month,Mail,Hotspot,In-Store,Contract Issue,5,86.51,396.27,3.74,7,True,-20,2,Very disappointed with service,Negative,0.1767,100,1,79.25,1.1667,Bronze,0.49,2024-03-01
CUST01098,Midwest,Enterprise,2-Year,Manual-Online,Home Internet,In-Store,Billing Dispute,15,224.19,3238.72,43.61,12,True,-18,2,Terrible wait times,Negative,0.1781,100,1,215.91,0.75,Silver,0.4935,2022-01-17
CUST01099,Southeast,Premium,1-Year,Auto-Pay,Tablet,App,Network Outage,60,120.97,6469.05,36.67,2,True,57,3,Waited longer than expected,Neutral,0.555,72.6,1,107.82,0.0328,Platinum,0.7248,2023-11-18
CUST01100,Southwest,Enterprise,1-Year,In-Store,Home Internet,In-Store,Network Outage,39,243.91,9519.57,105.08,9,True,-22,3,Decent support,Neutral,0.4836,100,1,244.09,0.225,Gold,0.5865,2024-03-21
CUST01101,Southwest,Standard,2-Year,Manual-Online,Hotspot,Email,Plan Change,58,92.71,5188.89,33.09,13,True,-96,5,Great network coverage,Positive,0.6685,65.2,1,89.46,0.2203,Gold,0.657,2023-04-05
CUST01102,Northeast,Premium,2-Year,Mail,Tablet,App,Contract Issue,62,189.17,10481.86,69.5,8,True,-37,2,Very disappointed with service,Negative,0.2993,100,1,169.06,0.127,Platinum,0.4602,2024-07-01
CUST01103,Southeast,Basic,2-Year,Manual-Online,Smartphone,In-Store,No Issue,6,135.35,739.23,102.34,11,True,-27,4,Seamless experience overall,Positive,0.9201,77.4,1,123.2,1.5714,Bronze,0.6778,2022-09-28
CUST01104,Southeast,Basic,Month-to-Month,Auto-Pay,Smartphone,Email,Speed Issue,73,125.21,8325.72,111.54,4,True,45,1,Poor network reliability,Negative,0.2692,100,1,114.05,0.0541,Platinum,0.5037,2023-12-30
CUST01105,Northeast,Standard,Month-to-Month,Manual-Online,Home Internet,Email,No Issue,51,220.14,10730.37,71.79,6,True,49,3,Could be improved,Neutral,0.5892,82.2,1,210.4,0.1154,Gold,0.7107,2024-05-31
CUST01106,Northeast,Standard,Month-to-Month,In-Store,Hotspot,App,Speed Issue,25,87.05,1992.25,47.16,2,True,-43,5,Great network coverage,Positive,0.7484,32.6,0,79.69,0.0769,Silver,0.7498,2023-02-24
CUST01107,Midwest,Standard,Month-to-Month,Mail,Tablet,Phone,Billing Dispute,32,72.87,2195.44,22.79,13,True,67,1,Agent was unhelpful,Negative,0.199,100,1,68.61,0.3939,Silver,0.5422,2024-05-01
CUST01108,Southwest,Enterprise,2-Year,Auto-Pay,Smartphone,App,No Issue,84,99.02,8247.56,17.76,8,False,92,5,Very happy with service,Positive,0.6612,17.6,0,98.19,0.0941,Platinum,0.936,2022-07-03
CUST01109,West,Enterprise,1-Year,Auto-Pay,Home Internet,Email,Network Outage,5,96.45,491.07,7.95,7,True,-88,2,No accountability at all,Negative,0.1829,100,1,98.21,1.1667,Bronze,0.371,2023-07-29
CUST01110,West,Enterprise,1-Year,Manual-Online,Home Internet,Email,Contract Issue,21,73.76,1357.97,119.29,7,True,-66,1,Worst customer service experience,Negative,0.1721,100,1,64.67,0.3182,Silver,0.3095,2022-08-09
CUST01111,Southeast,Standard,Month-to-Month,Manual-Online,Smartphone,Phone,Network Outage,33,119.81,3709.37,88.35,3,False,100,4,Highly satisfied with resolution,Positive,0.9731,36.0,0,112.41,0.0882,Silver,0.85,2022-01-22
CUST01112,West,Enterprise,Month-to-Month,Mail,Business Line,App,Speed Issue,41,84.8,3475.68,21.65,11,True,-86,1,Poor network reliability,Negative,0.2731,100,1,84.77,0.2619,Gold,0.2745,2023-06-14
CUST01113,West,Standard,Month-to-Month,Auto-Pay,Tablet,Email,Contract Issue,17,40.26,655.7,55.56,0,True,16,2,Poor network reliability,Negative,0.0878,100,1,38.57,0.0,Silver,0.553,2024-02-04
CUST01114,Northeast,Enterprise,2-Year,Mail,Hotspot,App,Device Problem,14,212.96,2818.23,76.69,15,True,-34,4,Very professional support team,Positive,0.9743,86.8,1,201.3,1.0,Silver,0.6655,2023-01-10
CUST01115,Midwest,Basic,1-Year,In-Store,Business Line,Phone,Plan Change,57,63.89,3589.03,75.84,10,True,-54,2,Very disappointed with service,Negative,0.2408,100,1,62.97,0.1724,Gold,0.4305,2023-12-04
CUST01116,West,Enterprise,2-Year,In-Store,Hotspot,App,Contract Issue,19,238.36,4289.24,75.64,14,True,-53,1,Issue still not resolved,Negative,0.2938,100,1,225.75,0.7,Silver,0.3322,2022-09-02
CUST01117,Southwest,Enterprise,2-Year,Auto-Pay,Tablet,Email,Contract Issue,71,121.49,8915.98,74.09,2,False,-88,4,Very happy with service,Positive,0.9192,71.6,0,125.58,0.0278,Platinum,0.521,2023-04-07
CUST01118,Southwest,Standard,1-Year,Auto-Pay,Business Line,App,Plan Change,33,182.77,5341.66,38.88,3,False,-74,2,Problem kept recurring,Negative,0.2836,100,1,161.87,0.0882,Silver,0.3455,2023-06-06
CUST01119,Southeast,Standard,2-Year,Mail,Tablet,Phone,Billing Dispute,47,218.56,9038.93,14.45,5,False,73,3,Decent support,Neutral,0.4773,75.4,1,192.32,0.1042,Gold,0.7027,2024-02-23
CUST01120,Southeast,Standard,2-Year,Auto-Pay,Business Line,Phone,Network Outage,38,94.76,3379.66,108.68,0,True,28,5,Seamless experience overall,Positive,0.8034,14.4,0,88.94,0.0,Gold,0.874,2023-11-09
CUST01121,Northeast,Premium,1-Year,Auto-Pay,Tablet,Chat,No Issue,48,165.04,7331.77,61.39,11,True,56,3,Could be improved,Neutral,0.4491,90.8,1,152.75,0.2245,Gold,0.723,2023-01-08
CUST01122,West,Enterprise,2-Year,Manual-Online,Tablet,App,Contract Issue,41,121.1,4486.47,54.83,15,False,-19,2,Terrible wait times,Negative,0.1702,100,1,109.43,0.3571,Gold,0.4417,2022-02-05
CUST01123,West,Basic,1-Year,In-Store,Business Line,Chat,Network Outage,78,59.43,4546.65,69.15,5,True,51,3,Nothing exceptional,Neutral,0.5772,79.8,0,58.29,0.0633,Platinum,0.7143,2024-04-20
CUST01124,Southeast,Basic,Month-to-Month,In-Store,Hotspot,App,Device Problem,30,125.89,3560.12,86.7,4,False,-56,5,Outstanding customer care,Positive,0.8656,39.2,0,118.67,0.129,Silver,0.677,2023-01-04
CUST01125,Northeast,Enterprise,1-Year,Auto-Pay,Hotspot,Email,Plan Change,66,35.94,2333.53,41.42,6,True,85,1,No accountability at all,Negative,0.2281,100,1,35.36,0.0896,Platinum,0.5737,2022-03-24
CUST01126,Northeast,Premium,2-Year,Manual-Online,Tablet,Chat,No Issue,83,48.41,4098.8,12.23,5,True,-5,3,Issue eventually resolved,Neutral,0.5134,91.0,1,49.38,0.0595,Platinum,0.6162,2022-11-11
CUST01127,West,Enterprise,2-Year,Mail,Home Internet,Email,Billing Dispute,14,197.98,2416.79,39.88,1,False,-21,3,Service was okay,Neutral,0.3128,86.2,1,172.63,0.0667,Silver,0.5383,2024-03-06
CUST01128,Southeast,Enterprise,1-Year,Mail,Tablet,Email,Plan Change,42,200.7,8783.03,76.9,9,False,91,3,Issue eventually resolved,Neutral,0.4787,79.8,1,209.12,0.2093,Gold,0.7343,2022-09-22
CUST01129,Southeast,Premium,2-Year,Manual-Online,Smartphone,App,Network Outage,56,207.9,10312.94,24.0,0,True,76,1,Poor network reliability,Negative,0.1835,100,1,184.16,0.0,Gold,0.558,2024-12-25
CUST01130,Southeast,Basic,1-Year,Mail,Business Line,App,No Issue,15,49.8,763.84,54.14,13,True,47,5,Excellent support experience,Positive,0.8607,36.6,0,50.92,0.8125,Silver,0.9073,2024-11-18
CUST01131,Southeast,Basic,2-Year,Auto-Pay,Smartphone,Phone,Device Problem,55,120.15,6591.73,89.67,0,True,-99,3,Average experience,Neutral,0.4618,99.8,1,119.85,0.0,Gold,0.4517,2023-02-01
CUST01132,Southwest,Enterprise,Month-to-Month,Auto-Pay,Smartphone,Email,Contract Issue,6,101.85,541.37,30.07,7,True,-10,5,Agent was very helpful,Positive,0.97,36.0,0,90.23,1.0,Bronze,0.8075,2022-12-17
CUST01133,Southwest,Basic,Month-to-Month,Mail,Home Internet,App,Contract Issue,56,66.07,3483.39,52.9,7,True,-55,5,Problem resolved quickly,Positive,0.9528,45.0,0,62.2,0.1228,Gold,0.7288,2024-10-24
CUST01134,Southwest,Enterprise,2-Year,Manual-Online,Tablet,In-Store,Device Problem,11,141.23,1517.8,106.11,12,True,1,4,Agent went above and beyond,Positive,0.8209,73.8,0,137.98,1.0,Bronze,0.7268,2022-08-11
CUST01135,Northeast,Basic,Month-to-Month,Manual-Online,Business Line,Phone,Network Outage,29,187.71,4792.92,81.09,7,True,-53,4,Excellent support experience,Positive,0.8113,74.6,1,165.27,0.2333,Silver,0.6322,2023-10-29
CUST01136,Northeast,Enterprise,1-Year,Mail,Home Internet,Chat,Contract Issue,6,122.94,719.81,45.06,5,True,62,5,Great network coverage,Positive,0.6402,17.6,0,119.97,0.7143,Bronze,0.9335,2023-06-30
CUST01137,Southeast,Basic,2-Year,Manual-Online,Home Internet,App,Device Problem,53,55.68,3050.33,83.68,11,False,48,5,Problem resolved quickly,Positive,0.8164,32.4,0,57.55,0.2037,Gold,0.859,2023-09-05
CUST01138,Midwest,Enterprise,Month-to-Month,Auto-Pay,Tablet,In-Store,Device Problem,48,183.09,8914.83,64.53,5,True,47,1,Problem kept recurring,Negative,0.0612,100,1,185.73,0.102,Gold,0.5072,2024-11-04
CUST01139,Southwest,Standard,1-Year,In-Store,Tablet,App,Speed Issue,56,168.21,8023.81,53.88,9,True,48,5,Very happy with service,Positive,0.778,28.4,0,143.28,0.1579,Gold,0.909,2024-08-31
CUST01140,Southeast,Enterprise,1-Year,In-Store,Smartphone,In-Store,Plan Change,80,117.19,8009.41,1.46,14,True,75,4,Outstanding customer care,Positive,0.8237,63.0,0,100.12,0.1728,Platinum,0.8562,2023-08-06
CUST01141,West,Premium,Month-to-Month,Manual-Online,Business Line,App,No Issue,39,54.75,2012.28,35.39,14,True,-48,4,Great network coverage,Positive,0.9234,87.6,1,51.6,0.35,Gold,0.641,2022-08-07
CUST01142,West,Premium,2-Year,Auto-Pay,Hotspot,Email,Speed Issue,2,204.3,360.93,77.16,12,True,-17,2,Very disappointed with service,Negative,0.0492,100,1,180.47,4.0,Bronze,0.4952,2022-10-13
CUST01143,West,Basic,1-Year,Mail,Hotspot,App,Plan Change,8,33.97,260.58,33.2,8,True,33,1,Very disappointed with service,Negative,0.1669,100,1,32.57,0.8889,Bronze,0.4828,2023-01-25
CUST01144,Northeast,Premium,1-Year,In-Store,Business Line,App,Network Outage,80,160.89,12160.01,100.18,3,True,6,2,Problem kept recurring,Negative,0.2365,100,1,152.0,0.037,Platinum,0.5355,2022-01-27
CUST01145,Northeast,Basic,Month-to-Month,Auto-Pay,Hotspot,In-Store,No Issue,52,52.39,2799.8,93.65,11,True,-96,3,Issue eventually resolved,Neutral,0.4674,100,1,53.84,0.2075,Gold,0.457,2023-01-28
CUST01146,West,Premium,1-Year,Mail,Business Line,Chat,Plan Change,62,231.07,14791.28,78.78,15,True,6,1,Agent was unhelpful,Negative,0.1283,100,1,238.57,0.2381,Platinum,0.4355,2022-09-09
CUST01147,Northeast,Standard,1-Year,In-Store,Hotspot,Email,Network Outage,77,160.96,10642.08,58.59,10,False,43,4,Highly satisfied with resolution,Positive,0.6659,61.4,0,138.21,0.1282,Platinum,0.7503,2022-03-21
CUST01148,West,Standard,Month-to-Month,Auto-Pay,Hotspot,Email,Plan Change,77,125.95,9169.96,38.54,13,True,-53,2,Very disappointed with service,Negative,0.0995,100,1,119.09,0.1667,Platinum,0.4323,2023-03-18
CUST01149,Midwest,Enterprise,Month-to-Month,In-Store,Home Internet,Email,Device Problem,50,96.78,4392.43,94.47,11,True,53,4,Highly satisfied with resolution,Positive,0.6683,61.4,0,87.85,0.2157,Gold,0.8177,2023-04-20
CUST01150,Southwest,Standard,1-Year,Auto-Pay,Home Internet,Chat,Network Outage,37,103.25,3512.87,13.09,1,True,89,2,Poor network reliability,Negative,0.284,94.2,1,94.94,0.0263,Gold,0.6807,2022-05-20
CUST01151,West,Standard,2-Year,Manual-Online,Home Internet,In-Store,Network Outage,55,199.92,10525.15,65.92,7,True,42,3,Nothing exceptional,Neutral,0.4662,85.6,1,191.37,0.125,Gold,0.6985,2022-12-17
CUST01152,Southeast,Premium,Month-to-Month,In-Store,Tablet,Email,Billing Dispute,52,55.43,2739.6,59.22,2,False,-83,1,Very disappointed with service,Negative,0.1587,100,1,52.68,0.0377,Gold,0.2298,2022-04-07
CUST01153,Midwest,Premium,2-Year,Auto-Pay,Hotspot,In-Store,Device Problem,40,89.22,3197.87,44.57,6,True,97,2,No accountability at all,Negative,0.2195,100,1,79.95,0.1463,Gold,0.6947,2023-08-29
CUST01154,Northeast,Enterprise,Month-to-Month,In-Store,Business Line,Email,Contract Issue,74,131.07,8748.58,101.84,6,True,-15,2,No accountability at all,Negative,0.0091,100,1,118.22,0.08,Platinum,0.4988,2023-02-04
CUST01155,Northeast,Standard,1-Year,Auto-Pay,Smartphone,Phone,Network Outage,83,144.65,11647.87,22.68,1,False,29,5,Agent was very helpful,Positive,0.9248,16.2,0,140.34,0.0119,Platinum,0.8257,2022-05-20
CUST01156,Midwest,Standard,1-Year,Mail,Tablet,Chat,Speed Issue,72,125.64,8260.83,8.45,5,True,13,3,Expected better response time,Neutral,0.578,87.4,1,114.73,0.0685,Platinum,0.6478,2023-04-09
CUST01157,West,Basic,Month-to-Month,Auto-Pay,Hotspot,In-Store,Contract Issue,62,71.35,4007.18,46.4,2,False,13,4,Agent was very helpful,Positive,0.837,51.4,0,64.63,0.0317,Platinum,0.6978,2024-03-25
CUST01158,Southwest,Basic,1-Year,Manual-Online,Tablet,In-Store,Network Outage,76,163.0,11166.43,45.75,13,True,-13,1,Will consider switching providers,Negative,0.1758,100,1,146.93,0.1688,Platinum,0.4022,2022-03-01
CUST01159,Northeast,Basic,Month-to-Month,In-Store,Home Internet,Phone,Plan Change,3,146.87,395.13,111.8,10,True,-76,1,Worst customer service experience,Negative,0.1991,100,1,131.71,2.5,Bronze,0.292,2023-08-18
CUST01160,Midwest,Standard,2-Year,In-Store,Home Internet,Email,Contract Issue,66,200.82,12054.73,90.38,14,True,12,2,Terrible wait times,Negative,0.2472,100,1,182.65,0.209,Platinum,0.546,2024-10-01
CUST01161,Midwest,Premium,2-Year,Manual-Online,Business Line,Chat,No Issue,76,41.29,2757.37,53.49,14,True,-65,3,Expected better response time,Neutral,0.4918,100,1,36.28,0.1818,Platinum,0.5112,2024-07-14
CUST01162,Northeast,Enterprise,Month-to-Month,In-Store,Business Line,App,Speed Issue,34,233.59,8038.77,95.0,6,False,27,2,Worst customer service experience,Negative,0.2946,100,1,236.43,0.1714,Silver,0.5222,2022-08-03
CUST01163,Northeast,Standard,2-Year,Manual-Online,Smartphone,Phone,Plan Change,65,105.17,6404.58,64.83,2,True,56,4,Great network coverage,Positive,0.6319,42.8,0,98.53,0.0303,Platinum,0.823,2023-11-21
CUST01164,Southwest,Basic,Month-to-Month,Manual-Online,Smartphone,In-Store,Device Problem,74,40.33,2725.15,67.67,13,False,49,2,Terrible wait times,Negative,0.0268,100,1,36.83,0.1733,Platinum,0.5608,2023-10-04
CUST01165,Southwest,Basic,2-Year,Mail,Smartphone,Email,Network Outage,17,178.12,2585.93,89.59,3,True,49,1,No accountability at all,Negative,0.0377,100,1,152.11,0.1667,Silver,0.5108,2024-08-29
CUST01166,Midwest,Standard,2-Year,In-Store,Hotspot,Chat,Network Outage,55,39.29,1862.34,64.2,3,True,-90,3,Average experience,Neutral,0.3898,100,1,33.86,0.0536,Gold,0.4675,2024-08-02
CUST01167,Southeast,Enterprise,Month-to-Month,In-Store,Business Line,In-Store,Network Outage,49,196.65,8460.01,53.34,6,True,30,5,Agent went above and beyond,Positive,0.8273,26.0,0,172.65,0.12,Gold,0.8775,2023-03-05
CUST01168,Midwest,Standard,2-Year,Auto-Pay,Smartphone,Email,Plan Change,42,244.58,10737.85,101.14,13,True,-7,3,Expected better response time,Neutral,0.3258,100,1,255.66,0.3023,Gold,0.6128,2023-11-16
CUST01169,West,Enterprise,Month-to-Month,Mail,Business Line,Phone,Speed Issue,45,203.76,8005.98,46.2,7,False,73,5,Very happy with service,Positive,0.864,19.4,0,177.91,0.1522,Gold,0.9027,2024-11-06
CUST01170,Southeast,Enterprise,1-Year,Manual-Online,Home Internet,Chat,No Issue,21,149.82,2939.72,92.12,12,False,-99,3,Decent support,Neutral,0.3531,100,1,139.99,0.5455,Silver,0.4018,2022-06-18
CUST01171,West,Premium,1-Year,Auto-Pay,Home Internet,Chat,Billing Dispute,14,167.15,2315.09,115.11,10,True,-15,5,Outstanding customer care,Positive,0.7638,43.0,0,165.36,0.6667,Silver,0.7988,2023-06-28
CUST01172,Northeast,Premium,Month-to-Month,Auto-Pay,Tablet,App,Plan Change,1,59.77,62.52,1.98,4,False,7,2,No accountability at all,Negative,0.2617,100,1,62.52,2.0,Bronze,0.4873,2023-06-24
CUST01173,Midwest,Premium,1-Year,Auto-Pay,Business Line,App,Network Outage,76,99.73,6763.04,3.57,13,True,7,4,Very professional support team,Positive,0.8507,74.6,1,88.99,0.1688,Platinum,0.7373,2022-01-08
CUST01174,Southwest,Standard,Month-to-Month,In-Store,Business Line,App,Device Problem,35,221.65,7764.57,42.72,7,True,37,4,Agent was very helpful,Positive,0.9383,56.6,0,221.84,0.1944,Silver,0.7898,2022-09-10
CUST01175,West,Premium,Month-to-Month,Auto-Pay,Home Internet,App,Plan Change,16,203.53,3261.4,100.86,8,True,-49,3,Waited longer than expected,Neutral,0.4512,100,1,203.84,0.4706,Silver,0.5393,2024-12-06
CUST01176,Northeast,Enterprise,Month-to-Month,Mail,Home Internet,Email,Plan Change,29,191.1,4948.31,34.79,15,False,-97,3,Service was okay,Neutral,0.4815,100,1,170.63,0.5,Silver,0.4052,2022-08-19
CUST01177,Midwest,Standard,2-Year,Mail,Smartphone,Phone,Plan Change,17,117.09,1830.76,94.72,1,True,-83,2,Agent was unhelpful,Negative,0.2683,100,1,107.69,0.0556,Silver,0.3798,2022-03-13
CUST01178,Midwest,Enterprise,1-Year,Manual-Online,Smartphone,Email,No Issue,36,44.57,1382.0,83.13,8,True,44,2,Terrible wait times,Negative,0.2993,100,1,38.39,0.2162,Gold,0.602,2023-05-07
CUST01179,Southwest,Basic,Month-to-Month,Mail,Business Line,Email,Billing Dispute,82,233.18,16804.08,33.97,14,True,50,5,Seamless experience overall,Positive,0.6604,38.0,0,204.93,0.1687,Platinum,0.9125,2024-03-09
CUST01180,Midwest,Enterprise,Month-to-Month,Manual-Online,Tablet,Email,Billing Dispute,64,215.23,13894.42,23.08,0,True,77,2,Issue still not resolved,Negative,0.0324,94.6,1,217.1,0.0,Platinum,0.6597,2022-04-16
CUST01181,Northeast,Standard,1-Year,Mail,Business Line,In-Store,Billing Dispute,49,77.31,3579.76,18.77,12,False,77,2,Poor network reliability,Negative,0.2337,100,1,73.06,0.24,Gold,0.6098,2022-03-07
CUST01182,Southwest,Premium,Month-to-Month,Mail,Home Internet,Phone,Billing Dispute,74,109.28,7535.64,65.7,0,True,-14,4,Seamless experience overall,Positive,0.842,52.8,0,101.83,0.0,Platinum,0.7005,2022-03-03
CUST01183,Northeast,Basic,1-Year,Manual-Online,Tablet,Email,No Issue,73,242.44,15135.42,55.91,14,True,-52,1,Poor network reliability,Negative,0.0481,100,1,207.33,0.1892,Platinum,0.334,2022-08-12
CUST01184,Southeast,Enterprise,2-Year,Auto-Pay,Business Line,In-Store,Billing Dispute,84,115.76,8542.46,15.27,8,True,81,3,Issue eventually resolved,Neutral,0.5996,79.8,1,101.7,0.0941,Platinum,0.7668,2022-08-16
CUST01185,Southwest,Standard,2-Year,Auto-Pay,Home Internet,Chat,Device Problem,33,97.4,2993.75,118.01,4,True,94,3,Average experience,Neutral,0.3551,69.2,0,90.72,0.1176,Silver,0.7895,2022-10-23
CUST01186,Northeast,Enterprise,Month-to-Month,Manual-Online,Hotspot,Phone,Network Outage,76,89.36,5884.42,114.57,0,True,-22,4,Seamless experience overall,Positive,0.9533,54.4,0,77.43,0.0,Platinum,0.6865,2024-02-09
CUST01187,Southwest,Basic,Month-to-Month,Manual-Online,Home Internet,Email,Speed Issue,13,79.41,904.43,49.67,14,True,84,5,Very happy with service,Positive,0.9882,31.2,0,69.57,1.0,Silver,0.972,2022-10-02
CUST01188,Midwest,Premium,2-Year,In-Store,Business Line,App,Speed Issue,15,114.09,1499.63,13.65,3,True,37,5,Excellent support experience,Positive,0.6683,18.6,0,99.98,0.1875,Silver,0.8898,2024-05-30
CUST01189,Southwest,Enterprise,2-Year,In-Store,Business Line,App,Device Problem,33,135.36,4179.18,105.58,13,True,-46,4,Very happy with service,Positive,0.9631,85.2,1,126.64,0.3824,Silver,0.6445,2024-10-21
CUST01190,Southwest,Premium,1-Year,Mail,Hotspot,Chat,Plan Change,30,126.42,3722.32,117.19,3,True,25,3,Waited longer than expected,Neutral,0.3392,81.0,1,124.08,0.0968,Silver,0.6687,2024-06-14
CUST01191,Midwest,Basic,Month-to-Month,Mail,Business Line,App,No Issue,26,116.46,3156.31,75.41,6,True,-42,3,Acceptable service,Neutral,0.4311,100,1,121.4,0.2222,Silver,0.5515,2024-07-08
CUST01192,Northeast,Standard,Month-to-Month,Manual-Online,Business Line,App,Device Problem,41,90.34,3287.24,86.02,0,True,-84,2,Problem kept recurring,Negative,0.2059,100,1,80.18,0.0,Gold,0.378,2022-10-31
CUST01193,Northeast,Premium,1-Year,Auto-Pay,Tablet,Phone,Billing Dispute,8,34.53,265.11,45.85,9,False,16,2,Will consider switching providers,Negative,0.0014,100,1,33.14,1.0,Bronze,0.503,2024-11-23
CUST01194,Southwest,Basic,Month-to-Month,In-Store,Smartphone,In-Store,No Issue,1,35.08,36.52,102.2,12,True,-40,2,Agent was unhelpful,Negative,0.2801,100,1,36.52,6.0,Bronze,0.455,2024-12-25
CUST01195,Southwest,Enterprise,2-Year,Auto-Pay,Home Internet,Chat,Plan Change,44,96.03,4427.28,114.16,13,False,-34,4,Very happy with service,Positive,0.6092,82.8,1,100.62,0.2889,Gold,0.6155,2024-11-20
CUST01196,Midwest,Standard,Month-to-Month,Mail,Smartphone,Chat,Contract Issue,32,239.67,6645.54,12.44,2,True,-77,5,Great network coverage,Positive,0.8583,39.4,0,207.67,0.0606,Silver,0.6903,2023-06-15
CUST01197,Midwest,Standard,2-Year,In-Store,Tablet,Chat,Network Outage,82,87.14,7285.34,2.43,11,True,-18,2,Worst customer service experience,Negative,0.009,100,1,88.85,0.1325,Platinum,0.4935,2023-10-21
CUST01198,West,Premium,1-Year,In-Store,Home Internet,In-Store,Device Problem,19,187.54,3096.82,66.51,8,True,-65,5,Excellent support experience,Positive,0.8755,49.0,0,162.99,0.4,Silver,0.7112,2022-11-08
CUST01199,Southeast,Standard,2-Year,Mail,Business Line,Email,Billing Dispute,20,241.4,4481.43,5.01,11,True,27,3,Average experience,Neutral,0.4403,96.6,1,224.07,0.5238,Silver,0.6723,2024-01-05
CUST01200,Southeast,Enterprise,1-Year,Manual-Online,Tablet,Email,Device Problem,3,31.84,82.86,74.75,4,True,-73,5,Excellent support experience,Positive,0.8746,42.6,0,27.62,1.0,Bronze,0.6973,2022-05-23
CUST01201,Southeast,Premium,1-Year,Auto-Pay,Hotspot,In-Store,Billing Dispute,5,43.37,210.41,27.07,8,False,4,1,Poor network reliability,Negative,0.1685,100,1,42.08,1.3333,Bronze,0.382,2024-12-05
CUST01202,Southeast,Enterprise,Month-to-Month,Auto-Pay,Smartphone,Phone,Network Outage,17,154.91,2759.98,75.63,2,True,-78,2,Billing overcharge not fixed,Negative,0.284,100,1,162.35,0.1111,Silver,0.3885,2024-02-06
CUST01203,Northeast,Enterprise,2-Year,Mail,Home Internet,Email,Network Outage,34,98.64,3337.26,116.51,9,True,-64,4,Problem resolved quickly,Positive,0.9409,80.8,1,98.15,0.2571,Silver,0.613,2023-09-07
CUST01204,West,Basic,Month-to-Month,Auto-Pay,Hotspot,Phone,Billing Dispute,47,139.82,6563.03,75.48,6,True,25,2,Terrible wait times,Negative,0.1675,100,1,139.64,0.125,Gold,0.5687,2024-05-13
CUST01205,Northeast,Enterprise,1-Year,Manual-Online,Tablet,Email,No Issue,13,194.87,2217.26,55.6,5,False,15,1,Worst customer service experience,Negative,0.2111,100,1,170.56,0.3571,Silver,0.4012,2024-03-04
CUST01206,Midwest,Enterprise,Month-to-Month,Manual-Online,Hotspot,Chat,Plan Change,57,224.44,11920.0,65.95,8,True,21,4,Excellent support experience,Positive,0.865,61.8,0,209.12,0.1379,Gold,0.7618,2022-05-04
CUST01207,Southeast,Premium,Month-to-Month,Auto-Pay,Home Internet,Chat,No Issue,66,96.72,6148.13,119.22,4,True,-40,3,Expected better response time,Neutral,0.3923,96.0,1,93.15,0.0597,Platinum,0.555,2023-09-22
CUST01208,West,Enterprise,2-Year,Manual-Online,Smartphone,Phone,Billing Dispute,44,203.93,8403.72,31.08,11,True,-9,3,Average experience,Neutral,0.3052,100,1,190.99,0.2444,Gold,0.6093,2024-03-29
CUST01209,Midwest,Premium,2-Year,Auto-Pay,Smartphone,Chat,Contract Issue,79,138.46,9725.42,66.5,4,False,-37,1,Worst customer service experience,Negative,0.0701,100,1,123.11,0.05,Platinum,0.3103,2023-04-07
CUST01210,Midwest,Premium,2-Year,Manual-Online,Smartphone,App,Plan Change,36,159.06,5347.98,3.76,12,False,-34,1,Issue still not resolved,Negative,0.245,100,1,148.55,0.3243,Gold,0.3155,2022-03-31
CUST01211,Southeast,Basic,Month-to-Month,In-Store,Hotspot,Phone,Contract Issue,36,48.09,1723.0,30.41,0,True,81,4,Very happy with service,Positive,0.7244,33.8,0,47.86,0.0,Gold,0.8668,2024-12-17
CUST01212,West,Basic,Month-to-Month,Mail,Tablet,Chat,Contract Issue,83,221.89,17072.62,118.51,6,True,-85,2,Problem kept recurring,Negative,0.1652,100,1,205.69,0.0714,Platinum,0.3762,2022-04-12
CUST01213,Northeast,Basic,1-Year,Auto-Pay,Smartphone,Phone,Speed Issue,61,208.91,11445.46,90.28,15,True,50,4,Great network coverage,Positive,0.766,70.0,1,187.63,0.2419,Platinum,0.8125,2022-08-03
CUST01214,West,Standard,1-Year,Auto-Pay,Business Line,Email,Billing Dispute,75,172.55,13188.17,76.7,10,True,-98,1,Problem kept recurring,Negative,0.1022,100,1,175.84,0.1316,Platinum,0.2535,2023-11-23
CUST01215,Southwest,Standard,2-Year,Auto-Pay,Smartphone,In-Store,Network Outage,72,146.26,10777.62,53.79,0,False,-65,4,Very professional support team,Positive,0.9042,63.0,0,149.69,0.0,Platinum,0.5613,2023-04-10
CUST01216,West,Basic,1-Year,Auto-Pay,Home Internet,Chat,Plan Change,66,54.43,3495.79,117.14,4,True,-49,5,Very professional support team,Positive,0.8535,37.8,0,52.97,0.0597,Platinum,0.7392,2024-02-26
CUST01217,Midwest,Enterprise,1-Year,Auto-Pay,Business Line,Phone,Device Problem,44,214.24,8088.59,105.52,3,True,-54,3,Acceptable service,Neutral,0.4099,96.8,1,183.83,0.0667,Gold,0.5305,2023-12-22
CUST01218,West,Basic,Month-to-Month,Manual-Online,Hotspot,Email,Network Outage,18,76.91,1286.16,23.16,3,False,49,1,Worst customer service experience,Negative,0.1807,100,1,71.45,0.1579,Silver,0.4607,2024-02-23
CUST01219,Southwest,Premium,1-Year,In-Store,Home Internet,In-Store,Billing Dispute,50,206.18,10169.29,43.42,13,True,-38,5,Highly satisfied with resolution,Positive,0.8788,53.6,0,203.39,0.2549,Gold,0.7585,2022-10-18
CUST01220,Northeast,Premium,Month-to-Month,Auto-Pay,Home Internet,Email,No Issue,19,115.44,1866.29,111.4,6,True,-7,1,No accountability at all,Negative,0.2301,100,1,98.23,0.3,Silver,0.4128,2022-11-17
CUST01221,Midwest,Standard,2-Year,Auto-Pay,Business Line,App,No Issue,29,157.13,4136.23,102.78,2,True,-94,1,Issue still not resolved,Negative,0.2216,100,1,142.63,0.0667,Silver,0.2605,2022-06-02
CUST01222,Northeast,Premium,Month-to-Month,Auto-Pay,Tablet,Chat,Speed Issue,10,112.94,1122.55,91.87,12,True,3,2,Will consider switching providers,Negative,0.2588,100,1,112.25,1.0909,Bronze,0.5302,2023-04-22
CUST01223,Midwest,Basic,Month-to-Month,Auto-Pay,Hotspot,Chat,No Issue,16,223.69,3239.85,60.34,8,True,25,5,Very professional support team,Positive,0.9149,31.0,0,202.49,0.4706,Silver,0.8688,2022-09-08
CUST01224,Midwest,Enterprise,Month-to-Month,In-Store,Hotspot,Chat,Network Outage,70,199.48,14398.8,109.01,10,True,-66,2,Will consider switching providers,Negative,0.1493,100,1,205.7,0.1408,Platinum,0.4095,2022-07-21
CUST01225,Midwest,Premium,1-Year,Manual-Online,Home Internet,Chat,No Issue,77,131.6,9073.43,46.62,4,True,-26,4,Highly satisfied with resolution,Positive,0.9087,63.2,0,117.84,0.0513,Platinum,0.6795,2024-05-15
CUST01226,West,Enterprise,Month-to-Month,Auto-Pay,Hotspot,Chat,Device Problem,14,36.0,448.92,99.4,14,True,-8,4,Seamless experience overall,Positive,0.8126,79.6,1,32.07,0.9333,Silver,0.711,2023-04-16
CUST01227,West,Basic,Month-to-Month,Auto-Pay,Home Internet,Email,Speed Issue,30,146.61,4421.45,106.75,9,True,-23,5,Highly satisfied with resolution,Positive,0.8823,42.6,0,147.38,0.2903,Silver,0.7848,2023-01-06
CUST01228,West,Basic,Month-to-Month,Manual-Online,Hotspot,Email,No Issue,51,180.75,8578.18,18.55,14,True,42,5,Outstanding customer care,Positive,0.9988,39.6,0,168.2,0.2692,Gold,0.8985,2024-07-07
CUST01229,West,Enterprise,1-Year,Manual-Online,Smartphone,In-Store,Contract Issue,49,180.29,7763.18,113.53,6,True,-47,5,Agent went above and beyond,Positive,0.7904,41.4,0,158.43,0.12,Gold,0.7428,2022-10-11
CUST01230,Midwest,Standard,Month-to-Month,Mail,Business Line,In-Store,Plan Change,7,119.41,822.8,4.59,8,False,51,2,Terrible wait times,Negative,0.2341,100,1,117.54,1.0,Bronze,0.5642,2023-04-27
CUST01231,Midwest,Basic,1-Year,Auto-Pay,Business Line,App,No Issue,19,134.33,2464.32,89.32,10,False,9,3,Nothing exceptional,Neutral,0.3576,98.2,1,129.7,0.5,Silver,0.5908,2023-10-21
CUST01232,West,Enterprise,Month-to-Month,Mail,Business Line,App,Device Problem,64,186.34,10958.01,19.9,2,True,-39,5,Outstanding customer care,Positive,0.6589,31.8,0,171.22,0.0308,Platinum,0.7568,2023-01-06
CUST01233,West,Standard,1-Year,Manual-Online,Home Internet,Phone,Network Outage,8,185.35,1312.41,77.57,15,True,-73,1,Terrible wait times,Negative,0.1954,100,1,164.05,1.6667,Bronze,0.2973,2024-09-30
CUST01234,West,Basic,1-Year,Auto-Pay,Home Internet,Phone,Billing Dispute,38,64.67,2522.85,45.26,9,True,41,4,Very professional support team,Positive,0.8214,59.8,0,66.39,0.2308,Gold,0.7968,2022-03-08
CUST01235,Midwest,Standard,Month-to-Month,Mail,Business Line,Chat,Network Outage,75,218.42,14511.29,4.52,5,False,45,5,Very happy with service,Positive,0.6383,21.0,0,193.48,0.0658,Platinum,0.8538,2023-06-30
CUST01236,Southeast,Enterprise,1-Year,Mail,Smartphone,Chat,Device Problem,70,35.55,2150.79,56.28,0,True,-80,4,Seamless experience overall,Positive,0.9548,66.0,1,30.73,0.0,Platinum,0.585,2022-03-22
CUST01237,Midwest,Basic,Month-to-Month,In-Store,Business Line,Phone,Network Outage,24,120.91,2732.86,31.2,8,False,47,2,Problem kept recurring,Negative,0.048,100,1,113.87,0.32,Silver,0.5573,2023-07-25
CUST01238,West,Enterprise,Month-to-Month,Auto-Pay,Business Line,Phone,Plan Change,5,193.11,966.75,39.69,1,True,-11,5,Very professional support team,Positive,0.927,24.2,0,193.35,0.1667,Bronze,0.8057,2023-10-28
CUST01239,Northeast,Standard,2-Year,Manual-Online,Tablet,In-Store,Contract Issue,21,248.08,4942.17,65.37,2,True,46,1,Agent was unhelpful,Negative,0.1044,100,1,235.34,0.0909,Silver,0.5055,2022-04-08
CUST01240,Midwest,Enterprise,Month-to-Month,Manual-Online,Home Internet,In-Store,Device Problem,51,172.08,8906.08,54.98,5,True,-9,2,Billing overcharge not fixed,Negative,0.187,100,1,174.63,0.0962,Gold,0.5092,2024-02-05
CUST01241,Northeast,Enterprise,2-Year,Auto-Pay,Business Line,App,Device Problem,39,209.52,7629.84,59.92,11,False,-95,2,Very disappointed with service,Negative,0.1995,100,1,195.64,0.275,Gold,0.3088,2022-07-31
CUST01242,Southwest,Standard,2-Year,Auto-Pay,Tablet,Phone,No Issue,10,228.9,2301.19,113.4,7,True,-29,3,Service was okay,Neutral,0.4754,99.8,1,230.12,0.6364,Bronze,0.5742,2022-12-22
CUST01243,Southeast,Premium,Month-to-Month,Manual-Online,Tablet,Phone,Billing Dispute,22,83.82,1592.23,19.32,11,True,-12,1,Agent was unhelpful,Negative,0.2968,100,1,72.37,0.4783,Silver,0.404,2023-08-04
CUST01244,Midwest,Basic,Month-to-Month,Mail,Business Line,App,No Issue,71,207.87,13385.72,94.22,6,True,-51,2,Agent was unhelpful,Negative,0.1182,100,1,188.53,0.0833,Platinum,0.4357,2022-12-01
CUST01245,Southwest,Enterprise,Month-to-Month,Auto-Pay,Business Line,Chat,Speed Issue,73,194.25,13580.04,77.77,3,True,-32,3,Waited longer than expected,Neutral,0.3173,92.4,1,186.03,0.0405,Platinum,0.569,2023-11-14
CUST01246,Southwest,Enterprise,1-Year,Manual-Online,Smartphone,Chat,Network Outage,32,242.73,7225.96,9.96,14,True,50,3,Issue eventually resolved,Neutral,0.5719,98.0,1,225.81,0.4242,Silver,0.7125,2024-02-26
CUST01247,Southeast,Premium,2-Year,Auto-Pay,Business Line,Phone,Device Problem,44,166.86,7410.6,70.73,5,False,14,1,Issue still not resolved,Negative,0.1445,100,1,168.42,0.1111,Gold,0.3995,2023-04-21
CUST01248,West,Standard,1-Year,In-Store,Home Internet,Email,Network Outage,66,168.49,10338.9,46.59,4,True,58,4,Excellent support experience,Positive,0.7794,46.4,0,156.65,0.0597,Platinum,0.8265,2023-04-14
CUST01249,Northeast,Basic,2-Year,Manual-Online,Business Line,Email,Speed Issue,18,89.5,1430.91,84.91,2,True,76,2,Terrible wait times,Negative,0.003,98.8,1,79.5,0.1053,Silver,0.658,2022-07-12
CUST01250,Midwest,Standard,2-Year,Manual-Online,Smartphone,App,Contract Issue,14,95.88,1319.82,6.87,14,False,51,4,Outstanding customer care,Positive,0.7865,67.8,1,94.27,0.9333,Silver,0.7643,2022-09-17
CUST01251,Midwest,Premium,Month-to-Month,Manual-Online,Smartphone,App,Plan Change,31,185.79,5188.58,95.95,10,True,51,2,Very disappointed with service,Negative,0.0908,100,1,167.37,0.3125,Silver,0.6142,2024-09-16
CUST01252,West,Basic,1-Year,Mail,Home Internet,App,Network Outage,27,223.73,6049.84,71.08,13,True,-76,3,Service was okay,Neutral,0.3498,100,1,224.07,0.4643,Silver,0.492,2024-08-14
CUST01253,Southwest,Premium,1-Year,In-Store,Smartphone,App,Speed Issue,82,140.75,11620.88,88.49,6,True,98,3,Could be improved,Neutral,0.3405,72.4,1,141.72,0.0723,Platinum,0.7965,2022-12-19
CUST01254,Northeast,Premium,1-Year,Mail,Tablet,App,No Issue,22,109.72,2497.83,103.61,10,True,-80,5,Agent went above and beyond,Positive,0.6675,56.0,0,113.54,0.4348,Silver,0.685,2022-11-22
CUST01255,Southeast,Standard,1-Year,Auto-Pay,Smartphone,App,Network Outage,46,190.44,8609.02,76.64,5,True,14,2,Agent was unhelpful,Negative,0.1767,100,1,187.15,0.1064,Gold,0.5495,2023-05-31
CUST01256,Southeast,Basic,Month-to-Month,Manual-Online,Tablet,Phone,Speed Issue,12,93.23,1079.24,71.69,0,False,0,2,Problem kept recurring,Negative,0.0119,100,1,89.94,0.0,Silver,0.475,2024-04-19
CUST01257,West,Basic,1-Year,In-Store,Smartphone,App,Speed Issue,56,72.72,3515.84,100.48,1,True,83,2,Very disappointed with service,Negative,0.2212,95.4,1,62.78,0.0175,Gold,0.6703,2022-06-22
CUST01258,Southwest,Standard,Month-to-Month,In-Store,Tablet,App,Plan Change,23,59.57,1246.22,56.18,2,True,-3,1,Worst customer service experience,Negative,0.2895,100,1,54.18,0.0833,Silver,0.4197,2024-12-19
CUST01259,Southeast,Enterprise,1-Year,Auto-Pay,Hotspot,In-Store,Speed Issue,52,54.39,2791.56,50.74,1,False,11,2,Agent was unhelpful,Negative,0.2126,100,1,53.68,0.0189,Gold,0.4943,2023-12-26
CUST01260,Northeast,Basic,2-Year,In-Store,Tablet,In-Store,Network Outage,26,89.69,2024.19,99.31,4,True,72,1,Agent was unhelpful,Negative,0.236,100,1,77.85,0.1481,Silver,0.551,2022-08-23
CUST01261,Northeast,Premium,1-Year,Auto-Pay,Home Internet,Email,Network Outage,26,187.38,4520.22,33.85,9,True,91,2,Problem kept recurring,Negative,0.141,100,1,173.85,0.3333,Silver,0.6843,2024-03-06
CUST01262,Southwest,Premium,1-Year,Mail,Smartphone,In-Store,No Issue,27,203.8,5342.37,22.43,1,True,9,1,Terrible wait times,Negative,0.03,100,1,197.87,0.0357,Silver,0.4407,2024-06-22
CUST01263,Northeast,Basic,1-Year,Manual-Online,Tablet,Email,Contract Issue,24,39.05,828.24,67.68,14,True,-32,3,Could be improved,Neutral,0.3505,100,1,34.51,0.56,Silver,0.569,2023-07-05
CUST01264,Midwest,Enterprise,1-Year,Manual-Online,Business Line,In-Store,Plan Change,33,128.69,4255.99,2.28,11,True,97,5,Highly satisfied with resolution,Positive,0.8981,22.6,0,128.97,0.3235,Silver,0.9948,2024-02-15
CUST01265,Southeast,Enterprise,2-Year,Auto-Pay,Hotspot,In-Store,Network Outage,26,143.45,3717.72,32.68,0,True,52,3,Nothing exceptional,Neutral,0.4877,69.6,0,142.99,0.0,Silver,0.716,2023-10-03
CUST01266,West,Premium,Month-to-Month,Auto-Pay,Home Internet,Email,Network Outage,42,201.64,8220.58,100.39,1,True,22,5,Excellent support experience,Positive,0.7047,17.6,0,195.73,0.0233,Gold,0.8635,2024-05-25
CUST01267,Northeast,Premium,1-Year,Mail,Smartphone,Email,Network Outage,59,141.13,8587.34,32.17,6,False,-87,4,Excellent support experience,Positive,0.8169,79.4,1,145.55,0.1,Gold,0.5228,2024-07-13
CUST01268,Midwest,Enterprise,1-Year,Mail,Home Internet,Phone,Contract Issue,50,196.09,9126.29,111.03,2,True,68,3,Issue eventually resolved,Neutral,0.4558,70.4,1,182.53,0.0392,Gold,0.744,2024-11-25
CUST01269,Southwest,Basic,Month-to-Month,Manual-Online,Home Internet,In-Store,Contract Issue,22,156.9,3009.97,93.47,9,True,-90,4,Great network coverage,Positive,0.754,86.0,1,136.82,0.3913,Silver,0.5675,2023-08-18
CUST01270,Southeast,Premium,1-Year,Mail,Smartphone,Email,Billing Dispute,30,185.29,5218.74,109.87,7,True,-94,4,Seamless experience overall,Positive,0.8663,82.8,1,173.96,0.2258,Silver,0.5605,2022-02-15
CUST01271,West,Enterprise,2-Year,Auto-Pay,Business Line,Phone,Network Outage,24,122.53,3021.8,57.57,8,True,57,1,Problem kept recurring,Negative,0.1524,100,1,125.91,0.32,Silver,0.5248,2024-11-04
CUST01272,West,Premium,Month-to-Month,In-Store,Business Line,Chat,Device Problem,61,195.3,11490.71,25.32,5,False,2,1,Terrible wait times,Negative,0.2396,100,1,188.37,0.0806,Platinum,0.3785,2023-10-23
CUST01273,Northeast,Premium,2-Year,Manual-Online,Tablet,Chat,Contract Issue,59,42.9,2479.42,67.76,2,False,74,4,Very happy with service,Positive,0.7629,39.2,0,42.02,0.0333,Gold,0.8045,2023-02-26
CUST01274,Southeast,Basic,Month-to-Month,Mail,Tablet,App,Contract Issue,2,134.39,279.18,70.05,5,True,72,5,Great network coverage,Positive,0.9722,15.6,0,139.59,1.6667,Bronze,0.951,2024-10-01
CUST01275,Northeast,Standard,1-Year,In-Store,Tablet,Phone,Device Problem,12,130.65,1619.36,1.72,13,True,56,3,Waited longer than expected,Neutral,0.3876,94.8,1,134.95,1.0,Silver,0.723,2022-03-03
CUST01276,Southeast,Standard,Month-to-Month,Manual-Online,Hotspot,Email,Contract Issue,82,162.32,11365.02,34.59,13,False,-94,4,Excellent support experience,Positive,0.8468,94.8,1,138.6,0.1566,Platinum,0.5105,2024-06-18
CUST01277,Southeast,Basic,1-Year,In-Store,Business Line,App,Network Outage,35,81.03,2928.2,89.36,8,True,-87,2,Issue still not resolved,Negative,0.1398,100,1,83.66,0.2222,Silver,0.3728,2022-08-17
CUST01278,West,Enterprise,2-Year,Auto-Pay,Home Internet,In-Store,Contract Issue,35,175.92,6068.29,41.91,1,True,-3,3,Waited longer than expected,Neutral,0.5763,82.6,1,173.38,0.0278,Silver,0.6198,2022-10-18
CUST01279,Southwest,Basic,1-Year,Auto-Pay,Tablet,In-Store,No Issue,6,55.17,284.97,72.29,4,False,61,3,Service was okay,Neutral,0.3611,75.8,0,47.5,0.5714,Bronze,0.6818,2024-11-16
CUST01280,Southwest,Basic,2-Year,Auto-Pay,Home Internet,Phone,Device Problem,20,146.3,2838.59,50.34,5,True,-24,5,Highly satisfied with resolution,Positive,0.9009,34.8,0,141.93,0.2381,Silver,0.783,2022-03-03
CUST01281,Northeast,Enterprise,Month-to-Month,In-Store,Business Line,Phone,Contract Issue,83,132.71,9969.86,9.96,0,False,51,1,Worst customer service experience,Negative,0.2576,100,1,120.12,0.0,Platinum,0.4642,2022-12-18
CUST01282,West,Enterprise,1-Year,Manual-Online,Smartphone,App,Billing Dispute,68,59.35,3443.94,75.36,14,True,62,2,Worst customer service experience,Negative,0.0584,100,1,50.65,0.2029,Platinum,0.6335,2023-06-26
CUST01283,Midwest,Premium,Month-to-Month,In-Store,Business Line,In-Store,Contract Issue,84,70.44,5328.91,119.8,15,True,-80,2,Billing overcharge not fixed,Negative,0.2432,100,1,63.44,0.1765,Platinum,0.385,2022-10-20
CUST01284,Midwest,Standard,2-Year,In-Store,Tablet,In-Store,Plan Change,3,158.81,494.42,19.59,7,False,-7,2,No accountability at all,Negative,0.2728,100,1,164.81,1.75,Bronze,0.4628,2024-07-13
CUST01285,West,Basic,Month-to-Month,Mail,Home Internet,Chat,Network Outage,38,83.29,2891.72,101.49,9,True,-10,3,Got what I needed but took a while,Neutral,0.3768,100.0,1,76.1,0.2308,Gold,0.6075,2022-06-12
CUST01286,Southwest,Enterprise,1-Year,In-Store,Smartphone,Phone,No Issue,52,211.95,9967.7,105.38,4,True,-10,5,Seamless experience overall,Positive,0.9992,30.0,0,191.69,0.0755,Gold,0.8075,2023-05-25
CUST01287,Southwest,Premium,1-Year,Mail,Home Internet,Phone,Network Outage,17,80.77,1177.68,48.98,14,False,-28,5,Excellent support experience,Positive,0.6517,53.6,0,69.28,0.7778,Silver,0.726,2023-09-28
CUST01288,Southwest,Enterprise,2-Year,Manual-Online,Tablet,Chat,Speed Issue,24,163.05,3629.06,20.73,13,True,-98,4,Excellent support experience,Positive,0.9866,95.6,1,151.21,0.52,Silver,0.5535,2024-04-15
CUST01289,Southeast,Standard,1-Year,Mail,Business Line,App,Plan Change,20,159.35,3178.86,95.14,7,True,-18,5,Seamless experience overall,Positive,0.9461,37.6,0,158.94,0.3333,Silver,0.7935,2024-03-29
CUST01290,Southwest,Enterprise,2-Year,Mail,Home Internet,App,Network Outage,48,231.59,10413.39,36.83,7,True,34,2,Billing overcharge not fixed,Negative,0.2686,100,1,216.95,0.1429,Gold,0.5845,2023-05-21
CUST01291,Northeast,Premium,Month-to-Month,Manual-Online,Business Line,Chat,Network Outage,17,118.53,1724.58,107.72,9,True,-88,4,Agent was very helpful,Positive,0.936,85.6,1,101.45,0.5,Silver,0.571,2022-05-18
CUST01292,Midwest,Standard,Month-to-Month,In-Store,Business Line,Chat,Network Outage,39,56.0,1945.56,97.57,15,True,-62,5,Seamless experience overall,Positive,0.653,62.4,0,49.89,0.375,Gold,0.7165,2024-06-09
CUST01293,Midwest,Enterprise,1-Year,Manual-Online,Tablet,Email,Billing Dispute,43,166.63,7106.94,19.01,5,True,-14,2,Problem kept recurring,Negative,0.298,100,1,165.28,0.1136,Gold,0.5005,2024-05-26
CUST01294,Southwest,Basic,2-Year,In-Store,Business Line,App,Device Problem,17,231.37,3790.42,117.24,1,True,2,5,Agent was very helpful,Positive,0.9517,21.6,0,222.97,0.0556,Silver,0.8285,2022-06-24
CUST01295,West,Premium,Month-to-Month,Auto-Pay,Home Internet,App,Device Problem,53,52.1,2637.7,69.05,15,True,93,3,Service was okay,Neutral,0.3929,91.4,1,49.77,0.2778,Gold,0.7877,2023-09-22
CUST01296,West,Premium,Month-to-Month,Manual-Online,Hotspot,Phone,Billing Dispute,25,136.07,3312.4,102.2,3,True,-87,4,Problem resolved quickly,Positive,0.8569,73.4,1,132.5,0.1154,Silver,0.5728,2022-05-31
CUST01297,West,Premium,Month-to-Month,Manual-Online,Home Internet,Chat,No Issue,74,197.58,12952.2,6.35,10,True,51,2,Agent was unhelpful,Negative,0.063,100,1,175.03,0.1333,Platinum,0.6142,2022-03-24
CUST01298,Southeast,Premium,2-Year,Manual-Online,Hotspot,Email,Speed Issue,58,93.04,5244.07,93.79,15,False,-94,4,Great network coverage,Positive,0.7664,98.8,1,90.41,0.2542,Gold,0.5105,2022-09-21
CUST01299,Southeast,Premium,Month-to-Month,Auto-Pay,Home Internet,In-Store,Speed Issue,10,201.02,1953.23,94.58,1,True,-78,4,Agent was very helpful,Positive,0.9456,67.6,1,195.32,0.0909,Bronze,0.5885,2023-12-12
CUST01300,Northeast,Premium,1-Year,Mail,Tablet,Email,Billing Dispute,78,209.06,15681.63,43.13,0,True,-12,5,Excellent support experience,Positive,0.8916,22.4,0,201.05,0.0,Platinum,0.804,2022-07-15
CUST01301,Midwest,Enterprise,1-Year,In-Store,Business Line,In-Store,Contract Issue,47,84.74,3916.19,110.7,1,False,21,1,Very disappointed with service,Negative,0.1763,100,1,83.32,0.0208,Gold,0.4118,2022-01-26
CUST01302,Midwest,Premium,1-Year,Auto-Pay,Business Line,Email,Billing Dispute,32,162.92,5253.54,65.97,5,True,38,1,Will consider switching providers,Negative,0.1148,100,1,164.17,0.1515,Silver,0.4915,2022-11-25
CUST01303,Northeast,Standard,2-Year,In-Store,Business Line,App,Device Problem,36,168.23,5987.69,3.5,14,True,-62,4,Very professional support team,Positive,0.8791,90.4,1,166.32,0.3784,Gold,0.6165,2022-07-05
CUST01304,West,Premium,2-Year,Mail,Business Line,Phone,No Issue,27,188.91,4684.92,50.69,6,True,-52,5,Seamless experience overall,Positive,0.72,42.4,0,173.52,0.2143,Silver,0.734,2022-02-12
CUST01305,Southwest,Basic,1-Year,Mail,Smartphone,App,Contract Issue,78,152.84,12499.48,6.06,5,True,73,1,Will consider switching providers,Negative,0.0278,100,1,160.25,0.0633,Platinum,0.5527,2023-08-01
CUST01306,Southeast,Basic,Month-to-Month,Manual-Online,Tablet,In-Store,Device Problem,13,51.16,636.76,66.87,1,True,-59,4,Problem resolved quickly,Positive,0.6746,63.8,0,48.98,0.0714,Silver,0.6218,2022-09-02
CUST01307,Northeast,Enterprise,Month-to-Month,In-Store,Home Internet,Phone,Network Outage,3,98.97,288.04,56.98,0,False,22,3,Decent support,Neutral,0.3889,75.6,1,96.01,0.0,Bronze,0.6135,2022-04-27
CUST01308,Southwest,Standard,2-Year,Manual-Online,Smartphone,In-Store,No Issue,9,93.63,841.98,98.92,10,True,47,3,Could be improved,Neutral,0.5412,90.6,1,93.55,1.0,Bronze,0.7072,2024-04-15
CUST01309,Southeast,Enterprise,Month-to-Month,Manual-Online,Hotspot,App,Device Problem,1,109.92,114.89,17.41,12,True,89,5,Outstanding customer care,Positive,0.6066,26.2,0,114.89,6.0,Bronze,0.9808,2024-02-05
CUST01310,West,Enterprise,Month-to-Month,Manual-Online,Home Internet,App,Device Problem,7,102.73,728.11,47.81,1,False,1,2,Very disappointed with service,Negative,0.1113,100,1,104.02,0.125,Bronze,0.4768,2022-09-22
CUST01311,Southwest,Basic,2-Year,Mail,Hotspot,Chat,Plan Change,70,159.3,9502.77,26.75,1,True,-58,1,Agent was unhelpful,Negative,0.1917,100,1,135.75,0.0141,Platinum,0.3235,2022-10-21
CUST01312,Midwest,Standard,Month-to-Month,In-Store,Hotspot,Phone,Contract Issue,26,198.82,4869.57,45.15,14,True,-41,1,Poor network reliability,Negative,0.2908,100,1,187.29,0.5185,Silver,0.3533,2022-03-27
CUST01313,Northeast,Enterprise,Month-to-Month,Manual-Online,Home Internet,Email,No Issue,64,235.57,14809.89,31.68,8,True,-89,3,Acceptable service,Neutral,0.5888,100,1,231.4,0.1231,Platinum,0.4693,2023-07-31
CUST01314,Midwest,Premium,Month-to-Month,Auto-Pay,Smartphone,App,Billing Dispute,81,153.42,12348.4,71.83,11,True,35,2,Billing overcharge not fixed,Negative,0.2286,100,1,152.45,0.1341,Platinum,0.5862,2024-03-26
CUST01315,West,Standard,Month-to-Month,In-Store,Tablet,Chat,Device Problem,79,138.9,10018.21,49.48,0,True,4,1,Poor network reliability,Negative,0.0929,100,1,126.81,0.0,Platinum,0.432,2024-05-16
CUST01316,Northeast,Enterprise,Month-to-Month,In-Store,Home Internet,Phone,No Issue,54,228.39,11484.8,16.6,11,True,-7,5,Highly satisfied with resolution,Positive,0.6109,43.4,0,212.68,0.2,Gold,0.8128,2024-02-06
CUST01317,Southeast,Basic,Month-to-Month,Mail,Tablet,Chat,Device Problem,64,207.96,12154.27,7.42,14,True,-5,2,Billing overcharge not fixed,Negative,0.0225,100,1,189.91,0.2154,Platinum,0.5162,2023-05-18
CUST01318,Southwest,Premium,1-Year,Mail,Business Line,Email,Billing Dispute,49,243.09,11868.35,44.48,3,True,77,4,Very professional support team,Positive,0.6218,40.6,0,242.21,0.06,Gold,0.8598,2024-07-31
CUST01319,Northeast,Basic,2-Year,Mail,Home Internet,Email,No Issue,52,157.75,7677.49,47.21,3,True,-51,3,Could be improved,Neutral,0.3792,96.2,1,147.64,0.0566,Gold,0.5357,2024-07-31
CUST01320,West,Basic,1-Year,Mail,Smartphone,Phone,Network Outage,62,216.45,13557.56,11.56,8,True,-99,1,Poor network reliability,Negative,0.0077,100,1,218.67,0.127,Platinum,0.2517,2024-01-08
CUST01321,West,Enterprise,Month-to-Month,Manual-Online,Tablet,Phone,Contract Issue,78,183.68,12787.46,82.23,6,False,-26,3,Acceptable service,Neutral,0.5765,97.2,1,163.94,0.0759,Platinum,0.5295,2023-10-22
CUST01322,Southeast,Standard,1-Year,Mail,Home Internet,App,No Issue,76,173.59,11895.42,53.28,7,True,-43,5,Highly satisfied with resolution,Positive,0.8607,42.6,0,156.52,0.0909,Platinum,0.7498,2022-04-06
CUST01323,Southeast,Standard,2-Year,Manual-Online,Smartphone,App,Billing Dispute,33,181.51,5091.51,51.37,6,True,94,2,Billing overcharge not fixed,Negative,0.0415,100,1,154.29,0.1765,Silver,0.6895,2023-09-01
CUST01324,West,Basic,2-Year,Manual-Online,Business Line,Chat,No Issue,62,102.9,5832.52,11.01,8,True,-68,4,Seamless experience overall,Positive,0.7294,79.6,0,94.07,0.127,Platinum,0.606,2022-05-23
CUST01325,Southeast,Standard,Month-to-Month,Auto-Pay,Smartphone,In-Store,No Issue,37,246.62,8145.73,19.41,13,True,-68,4,Seamless experience overall,Positive,0.6873,89.6,1,220.15,0.3421,Gold,0.606,2022-06-04
CUST01326,West,Basic,1-Year,Mail,Hotspot,In-Store,Billing Dispute,57,30.75,1685.62,7.23,12,True,-15,5,Highly satisfied with resolution,Positive,0.6678,47.0,0,29.57,0.2069,Gold,0.7988,2024-10-28
CUST01327,Midwest,Standard,2-Year,In-Store,Smartphone,Chat,Contract Issue,61,204.03,11319.51,7.38,15,True,-96,4,Highly satisfied with resolution,Positive,0.8025,99.2,1,185.57,0.2419,Platinum,0.557,2024-05-26
CUST01328,West,Enterprise,Month-to-Month,In-Store,Business Line,Chat,No Issue,56,212.68,10156.42,5.76,12,True,30,3,Got what I needed but took a while,Neutral,0.5649,98.0,1,181.36,0.2105,Gold,0.6775,2023-06-22
CUST01329,West,Basic,1-Year,Mail,Hotspot,Email,Plan Change,63,172.04,9665.5,63.2,6,False,91,5,Great network coverage,Positive,0.8832,13.8,0,153.42,0.0938,Platinum,0.9343,2022-06-08
CUST01330,Midwest,Enterprise,Month-to-Month,In-Store,Hotspot,Chat,No Issue,37,161.38,6031.29,25.7,13,False,-25,2,Agent was unhelpful,Negative,0.2926,100,1,163.01,0.3421,Gold,0.4313,2023-06-11
CUST01331,West,Basic,Month-to-Month,Auto-Pay,Tablet,App,Plan Change,69,207.22,12366.87,104.18,3,True,57,3,Nothing exceptional,Neutral,0.3684,74.6,1,179.23,0.0429,Platinum,0.7248,2022-02-03
CUST01332,Northeast,Basic,Month-to-Month,Mail,Home Internet,Phone,Network Outage,25,209.65,5474.14,84.68,9,False,-24,2,Poor network reliability,Negative,0.1023,100,1,218.97,0.3462,Silver,0.433,2024-08-02
CUST01333,Southwest,Enterprise,Month-to-Month,Manual-Online,Tablet,Phone,Device Problem,68,171.44,11422.27,7.88,9,True,-1,5,Very happy with service,Positive,0.7538,38.2,0,167.97,0.1304,Platinum,0.8233,2022-06-07
CUST01334,Southeast,Premium,2-Year,In-Store,Home Internet,Email,Device Problem,74,161.87,12511.34,116.26,12,True,92,3,Could be improved,Neutral,0.4871,85.6,1,169.07,0.16,Platinum,0.786,2024-03-03
CUST01335,Southeast,Standard,Month-to-Month,Mail,Tablet,Phone,Device Problem,16,41.14,630.99,69.3,4,False,-79,4,Very happy with service,Positive,0.6396,73.8,1,39.44,0.2353,Silver,0.5368,2023-10-23
CUST01336,Midwest,Premium,2-Year,Mail,Business Line,In-Store,Speed Issue,43,139.83,6225.29,113.7,10,True,92,3,Nothing exceptional,Neutral,0.33,81.6,1,144.77,0.2273,Gold,0.786,2022-12-19
CUST01337,Midwest,Enterprise,1-Year,In-Store,Smartphone,Chat,Billing Dispute,50,145.22,6662.08,94.64,13,True,-26,1,Worst customer service experience,Negative,0.1148,100,1,133.24,0.2549,Gold,0.3795,2023-06-07
CUST01338,Midwest,Basic,Month-to-Month,Manual-Online,Hotspot,Email,Speed Issue,9,199.35,1736.28,57.2,9,True,-64,2,Worst customer service experience,Negative,0.2736,100,1,192.92,0.9,Bronze,0.413,2024-05-22
CUST01339,Northeast,Standard,1-Year,Mail,Smartphone,Chat,Device Problem,3,240.82,673.07,6.42,9,True,-61,2,Worst customer service experience,Negative,0.0182,100,1,224.36,2.25,Bronze,0.4183,2022-04-03
CUST01340,Midwest,Basic,2-Year,Manual-Online,Smartphone,App,No Issue,36,194.27,6242.02,80.49,0,False,63,1,Problem kept recurring,Negative,0.1789,100,1,173.39,0.0,Gold,0.4852,2024-09-24
CUST01341,Southeast,Premium,1-Year,Manual-Online,Business Line,Email,Billing Dispute,27,109.76,2880.18,63.67,9,True,-90,4,Agent went above and beyond,Positive,0.9007,86.0,1,106.67,0.3214,Silver,0.5675,2024-10-04
CUST01342,Midwest,Basic,2-Year,In-Store,Home Internet,Phone,Plan Change,33,178.89,6066.62,70.55,1,True,68,4,Very happy with service,Positive,0.6674,38.4,0,183.84,0.0294,Silver,0.844,2023-05-29
CUST01343,Midwest,Standard,2-Year,Auto-Pay,Tablet,Chat,Speed Issue,68,162.09,11050.13,40.52,8,True,19,2,Poor network reliability,Negative,0.0123,100,1,162.5,0.1159,Platinum,0.5583,2022-07-17
CUST01344,Southwest,Enterprise,2-Year,Mail,Home Internet,Email,Plan Change,56,131.25,7143.7,114.72,3,True,-83,5,Agent went above and beyond,Positive,0.8951,42.6,0,127.57,0.0526,Gold,0.6798,2024-12-06
CUST01345,Southeast,Standard,Month-to-Month,Manual-Online,Business Line,Email,No Issue,83,144.39,11136.91,62.2,8,True,46,4,Agent was very helpful,Positive,0.6979,56.8,0,134.18,0.0952,Platinum,0.8055,2023-03-27
CUST01346,Southeast,Enterprise,Month-to-Month,In-Store,Business Line,In-Store,Contract Issue,80,196.47,13880.99,50.98,15,True,32,2,Problem kept recurring,Negative,0.0577,100,1,173.51,0.1852,Platinum,0.581,2022-01-06
CUST01347,West,Enterprise,Month-to-Month,Manual-Online,Smartphone,Email,Billing Dispute,68,233.12,16005.07,11.75,4,True,99,2,Terrible wait times,Negative,0.2465,98.2,1,235.37,0.058,Platinum,0.6983,2023-10-02
CUST01348,West,Basic,1-Year,Manual-Online,Tablet,Phone,Device Problem,19,78.4,1407.3,54.59,0,True,-57,2,Will consider switching providers,Negative,0.017,100,1,74.07,0.0,Silver,0.4253,2024-05-27
CUST01349,Midwest,Premium,2-Year,Mail,Smartphone,App,Speed Issue,60,246.56,14293.35,84.69,2,False,7,4,Highly satisfied with resolution,Positive,0.7255,52.6,0,238.22,0.0328,Platinum,0.6873,2024-12-10
CUST01350,Northeast,Basic,1-Year,Manual-Online,Home Internet,App,Billing Dispute,46,158.29,6655.74,72.7,9,True,30,5,Agent went above and beyond,Positive,0.6671,32.0,0,144.69,0.1915,Gold,0.8775,2023-03-07
CUST01351,Southwest,Premium,2-Year,Mail,Home Internet,Phone,Plan Change,3,219.46,685.96,82.54,12,True,-62,2,Issue still not resolved,Negative,0.0541,100,1,228.65,3.0,Bronze,0.4165,2022-02-27
CUST01352,Midwest,Basic,2-Year,Auto-Pay,Tablet,App,Contract Issue,70,145.05,9416.29,79.02,3,True,-94,4,Agent went above and beyond,Positive,0.7552,74.8,0,134.52,0.0423,Platinum,0.5605,2022-03-17
CUST01353,Northeast,Basic,1-Year,Manual-Online,Tablet,In-Store,No Issue,19,159.68,2666.2,66.84,7,True,-30,5,Agent went above and beyond,Positive,0.8645,40.0,0,140.33,0.35,Silver,0.7725,2024-07-19
CUST01354,Northeast,Standard,2-Year,In-Store,Smartphone,In-Store,Device Problem,42,131.24,5362.35,103.61,7,True,-14,3,Service was okay,Neutral,0.5401,96.8,1,127.68,0.1628,Gold,0.6005,2024-06-24
CUST01355,Southeast,Basic,Month-to-Month,Manual-Online,Smartphone,Email,Speed Issue,44,169.06,7336.5,92.35,14,True,-9,2,No accountability at all,Negative,0.1435,100,1,166.74,0.3111,Gold,0.5092,2023-04-01
CUST01356,Southwest,Premium,2-Year,In-Store,Hotspot,Chat,Speed Issue,48,246.0,11305.91,13.46,2,True,-84,3,Service was okay,Neutral,0.4954,100,1,235.54,0.0408,Gold,0.478,2022-07-29
CUST01357,Southeast,Standard,2-Year,In-Store,Smartphone,Phone,Device Problem,69,247.9,14928.75,75.71,12,True,90,1,Problem kept recurring,Negative,0.2635,100,1,216.36,0.1714,Platinum,0.5825,2024-07-11
CUST01358,Southwest,Enterprise,2-Year,Auto-Pay,Tablet,Phone,Contract Issue,39,206.94,7873.03,43.5,9,True,5,4,Outstanding customer care,Positive,0.6099,67.0,1,201.87,0.225,Gold,0.7338,2023-04-20
CUST01359,West,Enterprise,1-Year,Auto-Pay,Smartphone,In-Store,Network Outage,18,164.88,2807.44,91.25,6,True,-10,5,Seamless experience overall,Positive,0.7464,34.0,0,155.97,0.3158,Silver,0.8075,2022-11-25
CUST01360,Southwest,Standard,2-Year,Mail,Tablet,Chat,Plan Change,51,241.57,12379.26,25.8,1,True,44,1,Terrible wait times,Negative,0.2765,100,1,242.73,0.0192,Gold,0.502,2023-09-16
CUST01361,Southeast,Standard,Month-to-Month,Manual-Online,Hotspot,Chat,Device Problem,48,45.16,1992.95,88.93,7,False,-1,1,Agent was unhelpful,Negative,0.09,100,1,41.52,0.1429,Gold,0.3732,2024-02-27
CUST01362,West,Premium,1-Year,Manual-Online,Smartphone,Email,Contract Issue,81,155.9,12109.57,78.39,15,True,89,5,Excellent support experience,Positive,0.7699,32.2,0,149.5,0.1829,Platinum,0.9808,2024-06-24
CUST01363,Northeast,Premium,Month-to-Month,Manual-Online,Tablet,Chat,Plan Change,13,118.98,1485.43,77.82,9,True,-42,3,Could be improved,Neutral,0.416,100,1,114.26,0.6429,Silver,0.5515,2022-04-30
CUST01364,Southwest,Premium,2-Year,Manual-Online,Home Internet,In-Store,Speed Issue,4,191.9,672.18,97.43,4,False,-27,2,Very disappointed with service,Negative,0.2436,100,1,168.04,0.8,Bronze,0.4278,2024-05-19
CUST01365,Midwest,Basic,2-Year,Mail,Tablet,Chat,Plan Change,25,121.43,2855.07,15.65,12,False,5,4,Very happy with service,Positive,0.6558,73.0,1,114.2,0.4615,Silver,0.6838,2023-10-04
CUST01366,West,Standard,1-Year,Manual-Online,Smartphone,Phone,No Issue,17,59.39,999.32,27.2,1,True,-47,4,Agent went above and beyond,Positive,0.8215,61.4,0,58.78,0.0556,Silver,0.6428,2024-05-12
CUST01367,West,Premium,2-Year,Auto-Pay,Smartphone,In-Store,No Issue,58,165.13,8768.04,76.64,8,False,-70,3,Waited longer than expected,Neutral,0.3493,100,1,151.17,0.1356,Gold,0.4525,2023-05-18
CUST01368,Midwest,Basic,1-Year,In-Store,Home Internet,Email,Device Problem,40,60.81,2461.1,97.81,3,False,-37,4,Agent was very helpful,Positive,0.7518,63.4,0,61.53,0.0732,Gold,0.6102,2022-05-17
CUST01369,Southwest,Premium,2-Year,Mail,Business Line,Email,Speed Issue,75,196.74,14428.99,58.83,14,False,-33,1,Very disappointed with service,Negative,0.0079,100,1,192.39,0.1842,Platinum,0.3173,2023-10-25
CUST01370,Northeast,Standard,2-Year,In-Store,Hotspot,Chat,Contract Issue,27,212.97,5786.76,33.26,9,True,40,4,Seamless experience overall,Positive,0.6563,60.0,0,214.32,0.3214,Silver,0.795,2024-12-28
CUST01371,Southwest,Standard,2-Year,Auto-Pay,Hotspot,In-Store,No Issue,31,240.46,6434.67,111.09,8,False,87,1,Problem kept recurring,Negative,0.0877,100,1,207.57,0.25,Silver,0.5272,2023-02-10
CUST01372,Southeast,Premium,Month-to-Month,Auto-Pay,Hotspot,App,Device Problem,68,143.74,9460.85,38.7,2,True,76,1,Will consider switching providers,Negative,0.0967,100,1,139.13,0.029,Platinum,0.558,2023-05-15
CUST01373,West,Enterprise,2-Year,Mail,Home Internet,Chat,Plan Change,25,41.38,988.64,45.5,1,True,-75,5,Seamless experience overall,Positive,0.986,37.0,0,39.55,0.0385,Silver,0.6938,2022-06-25
CUST01374,Midwest,Standard,2-Year,Auto-Pay,Hotspot,Chat,Billing Dispute,33,80.33,2508.47,50.09,3,True,24,5,Excellent support experience,Positive,0.8195,21.2,0,76.01,0.0882,Silver,0.867,2022-07-19
CUST01375,Northeast,Enterprise,2-Year,In-Store,Home Internet,Email,Network Outage,43,197.41,8639.64,49.38,0,True,9,5,Problem resolved quickly,Positive,0.6978,18.2,0,200.92,0.0,Gold,0.8407,2022-05-28
CUST01376,Midwest,Premium,Month-to-Month,Manual-Online,Smartphone,In-Store,Billing Dispute,7,70.62,425.55,115.11,13,True,65,3,Service was okay,Neutral,0.5026,93.0,1,60.79,1.625,Bronze,0.7388,2022-10-10
CUST01377,Southeast,Premium,2-Year,Auto-Pay,Smartphone,Email,No Issue,20,36.0,670.88,5.36,10,True,-35,3,Waited longer than expected,Neutral,0.3425,100,1,33.54,0.4762,Silver,0.5637,2022-07-15
CUST01378,West,Enterprise,Month-to-Month,Manual-Online,Business Line,Phone,Network Outage,18,217.62,3547.28,4.75,10,True,50,2,Poor network reliability,Negative,0.0142,100,1,197.07,0.5263,Silver,0.6125,2024-02-13
CUST01379,Southeast,Basic,Month-to-Month,Auto-Pay,Smartphone,Chat,No Issue,27,86.32,2124.03,27.61,3,True,-42,2,No accountability at all,Negative,0.1136,100,1,78.67,0.1071,Silver,0.4515,2022-08-28
CUST01380,Southeast,Standard,Month-to-Month,In-Store,Hotspot,In-Store,Contract Issue,37,103.31,3414.67,23.09,12,True,97,3,Got what I needed but took a while,Neutral,0.5379,84.6,1,92.29,0.3158,Gold,0.7948,2022-12-21
CUST01381,Midwest,Enterprise,1-Year,Manual-Online,Hotspot,Phone,Contract Issue,7,190.52,1289.19,43.44,13,False,62,4,Problem resolved quickly,Positive,0.7107,63.6,0,184.17,1.625,Bronze,0.7835,2024-01-09
CUST01382,Southeast,Enterprise,Month-to-Month,In-Store,Home Internet,Chat,Speed Issue,23,249.39,6001.93,49.11,10,True,-32,4,Agent went above and beyond,Positive,0.9842,76.4,1,260.95,0.4167,Silver,0.669,2024-01-28
CUST01383,Southeast,Basic,2-Year,Mail,Home Internet,Email,Billing Dispute,35,133.99,4917.21,27.08,12,True,-60,3,Decent support,Neutral,0.5771,100,1,140.49,0.3333,Silver,0.52,2024-03-17
CUST01384,West,Premium,2-Year,Manual-Online,Hotspot,Phone,Plan Change,75,183.71,13639.67,49.52,10,True,-61,3,Got what I needed but took a while,Neutral,0.4482,100,1,181.86,0.1316,Platinum,0.5182,2022-11-05
CUST01385,Midwest,Basic,1-Year,Mail,Smartphone,Phone,Contract Issue,59,219.94,12841.1,50.78,6,True,-18,3,Decent support,Neutral,0.4232,95.6,1,217.65,0.1,Gold,0.5935,2023-11-04
CUST01386,Southwest,Enterprise,Month-to-Month,Auto-Pay,Home Internet,Chat,Device Problem,69,62.36,4144.07,71.24,7,True,6,1,Agent was unhelpful,Negative,0.2021,100,1,60.06,0.1,Platinum,0.4355,2024-10-21
CUST01387,Northeast,Basic,1-Year,Manual-Online,Home Internet,Chat,Billing Dispute,32,35.08,1135.22,57.4,12,True,20,2,Very disappointed with service,Negative,0.2829,100,1,35.48,0.3636,Silver,0.56,2023-07-15
CUST01388,Southwest,Enterprise,1-Year,Auto-Pay,Business Line,Phone,Device Problem,36,156.23,4913.17,117.53,9,False,100,2,Billing overcharge not fixed,Negative,0.2349,100,1,136.48,0.2432,Gold,0.65,2024-06-24
CUST01389,West,Standard,1-Year,In-Store,Tablet,App,No Issue,82,66.17,5526.26,36.29,12,True,-52,5,Excellent support experience,Positive,0.784,54.4,0,67.39,0.1446,Platinum,0.734,2023-09-08
CUST01390,Northeast,Standard,1-Year,In-Store,Business Line,Chat,Contract Issue,15,69.92,978.24,109.41,9,False,-78,5,Agent went above and beyond,Positive,0.7806,53.6,0,65.22,0.5625,Silver,0.6385,2022-02-22
CUST01391,West,Standard,Month-to-Month,In-Store,Tablet,App,Billing Dispute,5,53.06,246.18,21.21,0,True,2,2,Billing overcharge not fixed,Negative,0.2194,100,1,49.24,0.0,Bronze,0.5285,2022-03-11
CUST01392,Northeast,Standard,Month-to-Month,Manual-Online,Hotspot,Email,Network Outage,61,231.87,13208.47,58.36,6,True,36,1,Will consider switching providers,Negative,0.1636,100,1,216.53,0.0968,Platinum,0.488,2023-06-28
CUST01393,Northeast,Basic,Month-to-Month,Mail,Home Internet,App,Network Outage,5,46.25,208.17,65.78,3,False,-98,3,Waited longer than expected,Neutral,0.4989,100,1,41.63,0.5,Bronze,0.4035,2022-06-20
CUST01394,Northeast,Basic,1-Year,Manual-Online,Smartphone,Phone,Plan Change,72,212.76,14299.2,50.62,3,False,39,1,Issue still not resolved,Negative,0.2629,100,1,198.6,0.0411,Platinum,0.4432,2022-03-23
CUST01395,Southeast,Premium,Month-to-Month,Auto-Pay,Tablet,Email,Plan Change,43,96.51,3744.18,19.56,1,True,-19,2,Very disappointed with service,Negative,0.2086,100,1,87.07,0.0227,Gold,0.4918,2022-07-16
CUST01396,West,Basic,Month-to-Month,Mail,Smartphone,Chat,Speed Issue,62,51.74,3177.01,11.28,15,True,-48,2,Issue still not resolved,Negative,0.1749,100,1,51.24,0.2381,Platinum,0.441,2023-09-26
CUST01397,Northeast,Standard,1-Year,Mail,Smartphone,Phone,Plan Change,72,206.65,12909.64,11.95,4,False,61,3,Could be improved,Neutral,0.5802,75.8,1,179.3,0.0548,Platinum,0.6818,2022-06-03
CUST01398,Southwest,Standard,1-Year,Mail,Business Line,Email,Device Problem,49,94.79,4346.24,73.02,7,True,-91,4,Excellent support experience,Positive,0.863,82.2,1,88.7,0.14,Gold,0.5657,2024-02-16
CUST01399,Northeast,Premium,Month-to-Month,Manual-Online,Tablet,Chat,Speed Issue,37,222.93,7136.75,29.26,10,True,-16,1,Worst customer service experience,Negative,0.2897,100,1,192.89,0.2632,Gold,0.397,2023-01-15
CUST01400,West,Basic,1-Year,In-Store,Hotspot,Email,Network Outage,42,68.6,2827.03,89.01,2,True,-65,3,Issue eventually resolved,Neutral,0.5803,97.0,1,67.31,0.0465,Gold,0.5112,2024-08-13
CUST01401,Southwest,Premium,2-Year,In-Store,Home Internet,In-Store,Plan Change,37,141.46,5476.85,72.15,1,True,-6,1,Terrible wait times,Negative,0.1298,100,1,148.02,0.0263,Gold,0.4145,2023-12-14
CUST01402,West,Standard,1-Year,In-Store,Business Line,Email,Network Outage,24,128.61,3070.84,55.23,12,False,-66,3,Service was okay,Neutral,0.3777,100,1,127.95,0.48,Silver,0.4595,2022-01-17
CUST01403,West,Basic,2-Year,Auto-Pay,Smartphone,Email,No Issue,84,232.61,17043.03,27.48,12,False,-54,3,Acceptable service,Neutral,0.4335,100,1,202.89,0.1412,Platinum,0.4805,2022-07-30
CUST01404,Northeast,Basic,2-Year,Mail,Home Internet,App,Plan Change,8,177.9,1491.02,96.7,3,False,-66,5,Agent was very helpful,Positive,0.6031,39.2,0,186.38,0.3333,Bronze,0.6595,2024-04-14
CUST01405,Southeast,Standard,2-Year,Auto-Pay,Smartphone,Email,No Issue,21,60.79,1121.57,18.62,5,True,-28,1,Problem kept recurring,Negative,0.098,100,1,53.41,0.2273,Silver,0.376,2022-11-15
CUST01406,Southwest,Standard,1-Year,In-Store,Smartphone,Chat,Speed Issue,12,38.57,462.96,32.89,3,True,-5,1,Agent was unhelpful,Negative,0.1041,100,1,38.58,0.2308,Silver,0.4163,2022-03-02
CUST01407,Midwest,Standard,1-Year,Mail,Tablet,Phone,No Issue,83,146.72,10670.77,99.25,13,True,-70,3,Acceptable service,Neutral,0.5942,100,1,128.56,0.1548,Platinum,0.5025,2024-08-09
CUST01408,Southwest,Standard,Month-to-Month,Manual-Online,Business Line,Chat,No Issue,10,35.21,320.42,75.03,10,True,-23,1,Poor network reliability,Negative,0.236,100,1,32.04,0.9091,Bronze,0.3847,2024-11-11
CUST01409,Northeast,Premium,1-Year,Mail,Business Line,In-Store,No Issue,59,93.31,5652.6,16.34,1,True,-79,5,Great network coverage,Positive,0.9705,37.8,0,95.81,0.0167,Gold,0.6867,2023-04-03
CUST01410,Northeast,Enterprise,Month-to-Month,In-Store,Home Internet,App,Contract Issue,4,178.2,638.29,67.44,3,True,-76,2,Will consider switching providers,Negative,0.2176,100,1,159.57,0.6,Bronze,0.392,2024-06-29
CUST01411,Midwest,Standard,2-Year,Mail,Business Line,App,Billing Dispute,41,209.14,8236.12,114.98,15,True,51,5,Outstanding customer care,Positive,0.8791,39.8,0,200.88,0.3571,Gold,0.9143,2022-02-12
CUST01412,Southwest,Premium,Month-to-Month,Auto-Pay,Home Internet,App,Device Problem,73,170.27,12279.24,43.76,4,False,-97,4,Very happy with service,Positive,0.7554,77.4,0,168.21,0.0541,Platinum,0.5052,2024-05-10
CUST01413,West,Standard,Month-to-Month,Mail,Hotspot,Email,Device Problem,6,48.25,264.51,53.85,2,True,7,5,Excellent support experience,Positive,0.7195,22.6,0,44.09,0.2857,Bronze,0.8373,2022-04-30
CUST01414,Southeast,Premium,Month-to-Month,Auto-Pay,Business Line,Email,Network Outage,62,189.02,11405.08,20.13,12,True,-32,3,Could be improved,Neutral,0.5579,100,1,183.95,0.1905,Platinum,0.569,2023-01-05
CUST01415,Midwest,Basic,2-Year,In-Store,Tablet,Phone,Contract Issue,19,228.2,3836.41,36.88,0,True,-30,1,Poor network reliability,Negative,0.0923,100,1,201.92,0.0,Silver,0.3725,2023-11-09
CUST01416,Midwest,Standard,1-Year,Auto-Pay,Hotspot,App,Speed Issue,41,130.87,5468.52,70.61,0,False,-56,4,Very professional support team,Positive,0.9236,61.2,0,133.38,0.0,Gold,0.577,2022-01-31
CUST01417,Southeast,Premium,Month-to-Month,In-Store,Home Internet,Chat,Network Outage,28,78.75,1937.93,95.58,9,True,-54,2,Terrible wait times,Negative,0.192,100,1,69.21,0.3103,Silver,0.4305,2022-10-13
CUST01418,Southwest,Enterprise,Month-to-Month,Auto-Pay,Hotspot,Chat,No Issue,18,163.11,2725.95,108.67,2,False,-60,1,Poor network reliability,Negative,0.1801,100,1,151.44,0.1053,Silver,0.27,2022-09-26
CUST01419,Northeast,Premium,Month-to-Month,Mail,Home Internet,App,No Issue,23,229.13,4858.07,29.65,5,False,-3,5,Problem resolved quickly,Positive,0.7899,30.6,0,211.22,0.2083,Silver,0.7697,2022-01-11
CUST01420,West,Standard,Month-to-Month,In-Store,Smartphone,Phone,Billing Dispute,30,158.99,4531.32,36.95,11,True,-53,2,Issue still not resolved,Negative,0.2014,100,1,151.04,0.3548,Silver,0.4323,2022-04-10
CUST01421,Northeast,Standard,2-Year,Manual-Online,Tablet,Email,Plan Change,29,137.66,3782.32,72.84,0,True,65,1,Will consider switching providers,Negative,0.1944,100,1,130.42,0.0,Silver,0.5387,2024-05-31
CUST01422,Northeast,Enterprise,Month-to-Month,Manual-Online,Hotspot,In-Store,Contract Issue,36,183.99,5714.86,89.06,11,True,-100,4,Very professional support team,Positive,0.9248,92.0,1,158.75,0.2973,Gold,0.55,2022-10-20
CUST01423,Southeast,Basic,1-Year,In-Store,Tablet,Phone,Contract Issue,30,48.22,1341.02,75.68,14,True,-28,3,Could be improved,Neutral,0.5202,100,1,44.7,0.4516,Silver,0.576,2023-05-17
CUST01424,West,Basic,2-Year,Auto-Pay,Business Line,Email,No Issue,46,73.07,3269.98,109.58,2,False,27,4,Agent went above and beyond,Positive,0.8846,48.6,0,71.09,0.0426,Gold,0.7223,2023-11-28
CUST01425,Northeast,Premium,Month-to-Month,Mail,Home Internet,Chat,Network Outage,4,202.42,714.16,11.3,10,False,40,1,Issue still not resolved,Negative,0.2391,100,1,178.54,2.0,Bronze,0.445,2022-05-03
CUST01426,Southeast,Standard,Month-to-Month,Auto-Pay,Smartphone,In-Store,Device Problem,81,150.35,12610.34,3.86,15,False,-48,3,Average experience,Neutral,0.3595,100,1,155.68,0.1829,Platinum,0.491,2024-09-22
CUST01427,Northeast,Premium,2-Year,Manual-Online,Smartphone,Phone,Device Problem,82,143.69,10685.58,62.0,13,True,27,1,Poor network reliability,Negative,0.1819,100,1,130.31,0.1566,Platinum,0.4722,2023-01-30
CUST01428,Northeast,Basic,Month-to-Month,Manual-Online,Home Internet,Email,No Issue,32,155.35,4760.3,109.04,4,True,79,1,Billing overcharge not fixed,Negative,0.1312,100,1,148.76,0.1212,Silver,0.5633,2024-10-25
CUST01429,West,Enterprise,2-Year,Manual-Online,Tablet,In-Store,No Issue,69,186.98,11232.88,79.43,6,False,5,3,Nothing exceptional,Neutral,0.5687,91.0,1,162.8,0.0857,Platinum,0.5837,2024-12-08
CUST01430,Southeast,Basic,Month-to-Month,Auto-Pay,Hotspot,Chat,No Issue,50,206.83,9128.79,51.93,9,True,10,4,Problem resolved quickly,Positive,0.9486,66.0,1,182.58,0.1765,Gold,0.7425,2024-01-26
CUST01431,Northeast,Standard,1-Year,Manual-Online,Hotspot,Email,Speed Issue,29,241.68,7232.42,59.19,11,False,-20,4,Agent went above and beyond,Positive,0.7041,76.0,1,249.39,0.3667,Silver,0.64,2024-06-22
CUST01432,Southwest,Premium,2-Year,Mail,Tablet,Phone,Speed Issue,74,93.35,6379.6,15.32,9,False,60,2,Worst customer service experience,Negative,0.1736,100,1,86.21,0.12,Platinum,0.58,2024-05-07
CUST01433,Midwest,Enterprise,2-Year,In-Store,Smartphone,Phone,No Issue,7,220.59,1549.05,90.33,13,False,-55,5,Problem resolved quickly,Positive,0.8959,57.0,0,221.29,1.625,Bronze,0.6787,2022-02-14
CUST01434,Southwest,Enterprise,2-Year,Manual-Online,Hotspot,Email,No Issue,18,46.04,799.8,36.84,11,True,-53,2,Billing overcharge not fixed,Negative,0.2679,100,1,44.43,0.5789,Silver,0.4323,2024-08-03
CUST01435,Southwest,Basic,1-Year,In-Store,Home Internet,App,Device Problem,18,112.18,2065.29,35.67,1,False,-94,2,Will consider switching providers,Negative,0.1589,100,1,114.74,0.0526,Silver,0.3105,2022-07-11
CUST01436,Midwest,Enterprise,2-Year,Manual-Online,Tablet,Phone,Device Problem,83,190.84,13958.15,7.68,8,True,-84,4,Seamless experience overall,Positive,0.6047,82.8,1,168.17,0.0952,Platinum,0.578,2023-02-08
CUST01437,West,Standard,2-Year,Manual-Online,Business Line,In-Store,Network Outage,1,54.81,57.42,106.11,4,True,-88,5,Outstanding customer care,Positive,0.8014,45.6,0,57.42,2.0,Bronze,0.671,2023-07-04
CUST01438,Southeast,Enterprise,1-Year,Manual-Online,Tablet,Phone,Device Problem,58,178.64,9596.52,113.69,5,False,27,1,Worst customer service experience,Negative,0.0026,100,1,165.46,0.0847,Gold,0.4223,2023-11-19
CUST01439,Midwest,Premium,1-Year,Manual-Online,Smartphone,App,Speed Issue,54,91.57,4910.36,7.19,6,True,-34,5,Highly satisfied with resolution,Positive,0.9054,38.8,0,90.93,0.1091,Gold,0.7655,2022-07-11
CUST01440,Southwest,Standard,1-Year,Auto-Pay,Smartphone,Chat,Billing Dispute,43,94.18,3531.15,42.05,1,True,-45,5,Great network coverage,Positive,0.8308,31.0,0,82.12,0.0227,Gold,0.7463,2022-03-15
CUST01441,Midwest,Premium,2-Year,Auto-Pay,Smartphone,Email,Billing Dispute,35,83.23,2679.17,46.81,10,True,75,2,Agent was unhelpful,Negative,0.1567,100,1,76.55,0.2778,Silver,0.6562,2022-07-31
CUST01442,Midwest,Standard,1-Year,In-Store,Home Internet,Email,Speed Issue,65,40.98,2286.55,77.06,3,False,32,3,Could be improved,Neutral,0.333,79.6,1,35.18,0.0455,Platinum,0.631,2024-07-12
CUST01443,Southwest,Premium,Month-to-Month,Auto-Pay,Business Line,Chat,Network Outage,60,203.86,12004.23,49.17,6,False,79,1,Issue still not resolved,Negative,0.1097,100,1,200.07,0.0984,Platinum,0.5132,2024-03-08
CUST01444,West,Enterprise,Month-to-Month,Auto-Pay,Business Line,App,Device Problem,50,126.47,6107.42,85.82,6,True,-60,4,Very happy with service,Positive,0.8878,74.0,0,122.15,0.1176,Gold,0.62,2022-02-27
CUST01445,Midwest,Standard,1-Year,Manual-Online,Hotspot,Email,Contract Issue,70,44.72,2878.58,39.93,4,True,-37,3,Expected better response time,Neutral,0.4736,95.4,1,41.12,0.0563,Platinum,0.5603,2024-11-08
CUST01446,Southeast,Premium,Month-to-Month,Mail,Home Internet,Phone,Billing Dispute,60,229.18,13614.39,40.88,1,True,74,3,Decent support,Neutral,0.5787,67.2,1,226.91,0.0164,Platinum,0.7545,2024-05-26
CUST01447,Southwest,Enterprise,2-Year,Manual-Online,Smartphone,Phone,Billing Dispute,20,203.5,3737.05,19.75,14,True,22,4,Great network coverage,Positive,0.9244,73.6,1,186.85,0.6667,Silver,0.7635,2023-03-31
CUST01448,Midwest,Premium,Month-to-Month,In-Store,Smartphone,Phone,Speed Issue,17,222.44,3494.55,36.68,3,True,-99,5,Seamless experience overall,Positive,0.9273,45.8,0,205.56,0.1667,Silver,0.6518,2022-01-16
CUST01449,Southwest,Enterprise,Month-to-Month,Auto-Pay,Home Internet,Phone,Plan Change,22,239.02,5304.04,56.83,3,True,94,5,Outstanding customer care,Positive,0.6561,7.2,0,241.09,0.1304,Silver,0.9895,2022-09-20
CUST01450,West,Enterprise,Month-to-Month,Auto-Pay,Business Line,Chat,Billing Dispute,57,229.62,11508.39,6.72,4,True,-64,2,Billing overcharge not fixed,Negative,0.1467,100,1,201.9,0.069,Gold,0.413,2022-04-17
CUST01451,Midwest,Enterprise,2-Year,Mail,Home Internet,Chat,No Issue,80,213.52,17196.74,108.49,3,False,-73,4,Very professional support team,Positive,0.7738,70.6,1,214.96,0.037,Platinum,0.5473,2024-03-27
CUST01452,West,Enterprise,1-Year,In-Store,Smartphone,App,Plan Change,49,145.27,6384.38,35.22,8,True,-96,5,Highly satisfied with resolution,Positive,0.6609,55.2,0,130.29,0.16,Gold,0.657,2023-07-31
CUST01453,Southeast,Enterprise,2-Year,In-Store,Tablet,In-Store,Plan Change,26,240.57,5544.65,100.7,2,True,-38,5,Very happy with service,Positive,0.7835,31.6,0,213.26,0.0741,Silver,0.7585,2024-01-12
CUST01454,Midwest,Enterprise,2-Year,Manual-Online,Home Internet,Chat,No Issue,15,103.6,1565.99,70.82,2,True,-91,1,Worst customer service experience,Negative,0.2127,100,1,104.4,0.125,Silver,0.2657,2022-11-07
CUST01455,West,Basic,Month-to-Month,Auto-Pay,Tablet,In-Store,Speed Issue,72,155.79,10003.07,32.14,14,True,53,4,Problem resolved quickly,Positive,0.6883,67.4,1,138.93,0.1918,Platinum,0.8177,2023-08-15
CUST01456,Southwest,Standard,1-Year,Mail,Smartphone,App,Network Outage,14,92.4,1203.8,68.85,8,False,-38,5,Agent went above and beyond,Positive,0.994,43.6,0,85.99,0.5333,Silver,0.7085,2024-03-04
CUST01457,Midwest,Standard,Month-to-Month,Auto-Pay,Tablet,Chat,Device Problem,18,209.79,3517.68,44.42,4,True,0,5,Highly satisfied with resolution,Positive,0.7055,28.0,0,195.43,0.2105,Silver,0.825,2022-12-07
CUST01458,West,Standard,1-Year,Auto-Pay,Smartphone,Chat,Contract Issue,19,34.56,609.51,6.91,9,False,-96,3,Service was okay,Neutral,0.4678,100,1,32.08,0.45,Silver,0.407,2023-11-24
CUST01459,Midwest,Standard,Month-to-Month,Mail,Smartphone,In-Store,Contract Issue,26,190.51,5081.16,83.83,6,True,-19,4,Problem resolved quickly,Positive,0.7526,65.8,1,195.43,0.2222,Silver,0.6918,2023-02-16
CUST01460,Northeast,Basic,Month-to-Month,Auto-Pay,Smartphone,App,Billing Dispute,68,210.56,13856.02,8.85,14,True,86,1,Billing overcharge not fixed,Negative,0.2561,100,1,203.77,0.2029,Platinum,0.5755,2024-12-24
CUST01461,Northeast,Standard,2-Year,Manual-Online,Hotspot,Email,Billing Dispute,43,149.62,6682.42,90.96,1,True,-88,3,Could be improved,Neutral,0.4251,99.6,1,155.41,0.0227,Gold,0.471,2022-07-01
CUST01462,Southeast,Enterprise,1-Year,Manual-Online,Business Line,Chat,Plan Change,11,60.86,587.4,76.59,2,True,94,5,Outstanding customer care,Positive,0.9119,5.2,0,53.4,0.1667,Bronze,0.9895,2023-06-10
CUST01463,West,Basic,1-Year,Manual-Online,Smartphone,Chat,Billing Dispute,45,179.78,8408.65,81.25,7,True,56,4,Seamless experience overall,Positive,0.9719,52.8,0,186.86,0.1522,Gold,0.823,2024-07-06
CUST01464,Southwest,Premium,Month-to-Month,Auto-Pay,Business Line,App,Billing Dispute,40,60.77,2271.43,28.7,13,True,65,1,Issue still not resolved,Negative,0.1217,100,1,56.79,0.3171,Gold,0.5387,2024-09-21
CUST01465,West,Enterprise,2-Year,Auto-Pay,Business Line,In-Store,Device Problem,51,221.33,9877.45,64.16,6,False,-40,4,Highly satisfied with resolution,Positive,0.6098,70.0,1,193.68,0.1154,Gold,0.605,2024-03-23
CUST01466,Southeast,Enterprise,1-Year,Manual-Online,Business Line,Phone,Network Outage,55,125.09,6458.7,99.87,0,True,14,4,Excellent support experience,Positive,0.9798,47.2,0,117.43,0.0,Gold,0.7495,2023-10-28
CUST01467,Southeast,Standard,2-Year,Auto-Pay,Home Internet,Email,Plan Change,75,83.19,5700.17,64.72,4,True,-13,5,Seamless experience overall,Positive,0.7921,30.6,0,76.0,0.0526,Platinum,0.8023,2022-11-08
CUST01468,West,Premium,2-Year,Mail,Home Internet,Email,Billing Dispute,71,214.48,15721.88,44.95,0,True,-93,1,Billing overcharge not fixed,Negative,0.0374,100,1,221.43,0.0,Platinum,0.2622,2024-06-21
CUST01469,Northeast,Enterprise,1-Year,Mail,Business Line,App,Network Outage,74,45.38,3407.12,71.24,11,False,-11,1,Problem kept recurring,Negative,0.0241,100,1,46.04,0.1467,Platinum,0.3558,2022-08-22
CUST01470,Midwest,Enterprise,Month-to-Month,Auto-Pay,Hotspot,Chat,Billing Dispute,78,70.39,4963.09,84.78,5,False,43,4,Highly satisfied with resolution,Positive,0.8558,51.4,0,63.63,0.0633,Platinum,0.7503,2022-04-12
CUST01471,Southeast,Basic,Month-to-Month,Manual-Online,Smartphone,Chat,Billing Dispute,20,104.77,1786.62,77.61,12,True,26,3,Service was okay,Neutral,0.4205,98.8,1,89.33,0.5714,Silver,0.6705,2023-12-07
CUST01472,Southeast,Standard,Month-to-Month,Manual-Online,Tablet,In-Store,Plan Change,27,210.57,5553.48,2.87,5,True,-97,4,Very happy with service,Positive,0.9762,79.4,1,205.68,0.1786,Silver,0.5553,2023-06-20
CUST01473,Southeast,Enterprise,2-Year,Mail,Tablet,Email,Contract Issue,74,129.26,8588.09,113.48,9,True,78,3,Issue eventually resolved,Neutral,0.542,82.4,1,116.06,0.12,Platinum,0.7615,2023-07-22
CUST01474,Midwest,Enterprise,2-Year,In-Store,Home Internet,In-Store,Speed Issue,7,188.47,1264.61,59.66,6,True,65,3,Nothing exceptional,Neutral,0.3657,79.0,0,180.66,0.75,Bronze,0.7388,2023-11-08
CUST01475,Northeast,Premium,1-Year,Mail,Business Line,App,Contract Issue,54,107.86,5968.88,24.64,8,True,-25,5,Problem resolved quickly,Positive,0.8645,41.0,0,110.53,0.1455,Gold,0.7812,2023-12-25
CUST01476,Southwest,Enterprise,2-Year,Manual-Online,Home Internet,In-Store,Network Outage,56,245.29,13955.66,62.59,7,True,-93,4,Great network coverage,Positive,0.7884,82.6,1,249.21,0.1228,Gold,0.5623,2024-11-06
CUST01477,Southwest,Premium,Month-to-Month,Manual-Online,Home Internet,App,Plan Change,28,174.51,4787.41,36.79,13,True,37,1,Billing overcharge not fixed,Negative,0.0957,100,1,170.98,0.4483,Silver,0.4898,2022-05-03
CUST01478,Midwest,Basic,2-Year,Manual-Online,Business Line,Email,Device Problem,60,66.33,4037.69,7.09,6,True,-56,5,Problem resolved quickly,Positive,0.8269,43.2,0,67.29,0.0984,Platinum,0.727,2024-08-15
CUST01479,West,Standard,2-Year,Mail,Tablet,App,Speed Issue,35,169.68,6143.2,80.37,0,True,43,1,Poor network reliability,Negative,0.1005,100,1,175.52,0.0,Silver,0.5002,2023-12-21
CUST01480,Northeast,Premium,Month-to-Month,Manual-Online,Smartphone,Email,Speed Issue,3,174.74,546.18,12.21,6,True,-42,1,Problem kept recurring,Negative,0.179,100,1,182.06,1.5,Bronze,0.3515,2023-04-22
CUST01481,Southeast,Enterprise,2-Year,In-Store,Tablet,Chat,No Issue,13,54.56,636.79,42.96,0,True,-58,4,Highly satisfied with resolution,Positive,0.6739,61.6,0,48.98,0.0,Silver,0.6235,2024-08-01
CUST01482,Midwest,Standard,2-Year,Mail,Home Internet,Phone,No Issue,45,54.41,2106.21,44.25,7,True,41,3,Nothing exceptional,Neutral,0.5864,85.8,1,46.8,0.1522,Gold,0.6967,2023-06-16
CUST01483,West,Basic,2-Year,Auto-Pay,Business Line,Phone,Speed Issue,13,47.24,603.75,110.86,11,True,-20,2,Very disappointed with service,Negative,0.2771,100,1,46.44,0.7857,Silver,0.49,2024-05-05
CUST01484,Southeast,Enterprise,Month-to-Month,Auto-Pay,Home Internet,In-Store,Network Outage,32,127.29,3776.15,119.72,4,True,70,3,Nothing exceptional,Neutral,0.589,74.0,1,118.0,0.1212,Silver,0.7475,2022-12-08
CUST01485,West,Premium,Month-to-Month,Manual-Online,Home Internet,Chat,Plan Change,33,145.65,4576.86,94.24,14,False,-60,1,Very disappointed with service,Negative,0.1272,100,1,138.69,0.4118,Silver,0.27,2023-04-25
CUST01486,Northeast,Enterprise,Month-to-Month,Auto-Pay,Tablet,App,Plan Change,44,238.95,9853.17,59.79,1,True,-15,1,Will consider switching providers,Negative,0.2465,100,1,223.94,0.0222,Gold,0.3987,2022-10-20
CUST01487,Southeast,Enterprise,1-Year,Manual-Online,Smartphone,Phone,No Issue,28,91.68,2299.63,93.27,1,True,28,3,Issue eventually resolved,Neutral,0.4973,76.4,1,82.13,0.0345,Silver,0.674,2022-11-08
CUST01488,Northeast,Standard,1-Year,Manual-Online,Home Internet,Email,Speed Issue,6,218.97,1154.78,21.91,7,True,-37,3,Nothing exceptional,Neutral,0.5301,100,1,192.46,1.0,Bronze,0.5603,2024-06-23
CUST01489,West,Enterprise,Month-to-Month,Auto-Pay,Smartphone,Email,Speed Issue,76,35.33,2435.5,31.79,2,True,65,3,Waited longer than expected,Neutral,0.4118,71.0,0,32.05,0.026,Platinum,0.7388,2022-06-23
CUST01490,Northeast,Standard,2-Year,Mail,Home Internet,Chat,Contract Issue,83,53.57,3793.41,18.5,3,False,54,2,Terrible wait times,Negative,0.2427,100,1,45.7,0.0357,Platinum,0.5695,2024-07-14
CUST01491,Southeast,Standard,2-Year,Auto-Pay,Home Internet,Phone,Contract Issue,79,48.33,3286.27,60.91,7,True,-60,1,Agent was unhelpful,Negative,0.1191,100,1,41.6,0.0875,Platinum,0.32,2022-06-04
CUST01492,Midwest,Enterprise,Month-to-Month,Mail,Home Internet,In-Store,Billing Dispute,4,108.97,419.74,82.21,15,True,13,3,Waited longer than expected,Neutral,0.5221,100,1,104.94,3.0,Bronze,0.6478,2022-06-15
CUST01493,Midwest,Standard,Month-to-Month,In-Store,Hotspot,Email,Billing Dispute,2,207.94,368.27,16.58,12,True,43,4,Very happy with service,Positive,0.9548,65.4,1,184.13,4.0,Bronze,0.8003,2023-09-27
CUST01494,Midwest,Basic,Month-to-Month,In-Store,Business Line,In-Store,Device Problem,51,40.38,2017.61,6.66,0,True,-31,4,Seamless experience overall,Positive,0.8718,56.2,0,39.56,0.0,Gold,0.6707,2023-09-02
CUST01495,Northeast,Standard,Month-to-Month,Mail,Business Line,App,Billing Dispute,6,46.6,251.28,66.39,4,False,-56,1,Terrible wait times,Negative,0.03,100,1,41.88,0.5714,Bronze,0.277,2023-05-16
CUST01496,Midwest,Enterprise,Month-to-Month,Auto-Pay,Business Line,Email,Network Outage,20,30.63,549.5,79.25,5,True,-40,2,No accountability at all,Negative,0.2221,100,1,27.48,0.2381,Silver,0.455,2022-06-07
CUST01497,West,Basic,2-Year,Mail,Tablet,In-Store,No Issue,2,82.25,158.42,80.44,2,False,-38,4,Very professional support team,Positive,0.6051,61.6,0,79.21,0.6667,Bronze,0.6085,2024-11-11
CUST01498,Southwest,Premium,2-Year,Mail,Home Internet,In-Store,Network Outage,6,39.39,217.6,10.61,3,True,21,1,Worst customer service experience,Negative,0.0724,100,1,36.27,0.4286,Bronze,0.4617,2024-01-18
CUST01499,Northeast,Premium,Month-to-Month,Manual-Online,Tablet,In-Store,Billing Dispute,68,111.68,7616.64,105.98,2,True,64,3,Nothing exceptional,Neutral,0.4261,71.2,1,112.01,0.029,Platinum,0.737,2024-08-25
CUST01500,Southeast,Enterprise,1-Year,In-Store,Home Internet,Chat,Plan Change,24,129.76,2957.6,29.12,14,True,76,5,Great network coverage,Positive,0.7661,32.8,0,123.23,0.56,Silver,0.958,2022-10-17
CUST01501,West,Standard,2-Year,In-Store,Home Internet,Chat,Network Outage,52,198.27,9550.57,93.39,7,True,-5,3,Could be improved,Neutral,0.3295,95.0,1,183.66,0.1321,Gold,0.6162,2024-12-10
CUST01502,West,Premium,Month-to-Month,Manual-Online,Tablet,Phone,Contract Issue,84,234.07,19706.81,35.35,12,True,-23,3,Got what I needed but took a while,Neutral,0.3528,100,1,234.6,0.1412,Platinum,0.5847,2024-05-18
CUST01503,Southeast,Standard,Month-to-Month,In-Store,Smartphone,Chat,No Issue,59,121.53,6233.49,36.48,3,True,-53,3,Issue eventually resolved,Neutral,0.4803,96.6,1,105.65,0.05,Gold,0.5323,2024-12-25
CUST01504,West,Standard,1-Year,In-Store,Home Internet,Chat,No Issue,33,115.42,3524.8,117.26,12,False,-95,2,No accountability at all,Negative,0.2338,100,1,106.81,0.3529,Silver,0.3088,2023-04-19
CUST01505,Northeast,Basic,1-Year,Manual-Online,Home Internet,App,Contract Issue,30,118.33,3178.59,101.31,11,True,91,2,Will consider switching providers,Negative,0.0341,100,1,105.95,0.3548,Silver,0.6843,2022-12-10
CUST01506,West,Basic,1-Year,In-Store,Business Line,Phone,Speed Issue,9,39.6,321.77,45.88,4,True,-80,5,Seamless experience overall,Positive,0.6681,44.0,0,35.75,0.4,Bronze,0.685,2024-11-17
CUST01507,Southeast,Premium,1-Year,Auto-Pay,Business Line,Phone,Billing Dispute,12,148.01,1668.26,70.42,12,True,22,3,Acceptable service,Neutral,0.4838,99.6,1,139.02,0.9231,Silver,0.6635,2024-12-02
CUST01508,Midwest,Enterprise,1-Year,Mail,Business Line,App,Billing Dispute,41,65.46,2747.33,13.67,3,True,-29,5,Agent went above and beyond,Positive,0.9162,31.8,0,67.01,0.0714,Gold,0.7742,2024-05-05
CUST01509,Midwest,Basic,2-Year,Auto-Pay,Smartphone,In-Store,Billing Dispute,64,76.47,4943.79,102.64,10,False,-38,1,Agent was unhelpful,Negative,0.2487,100,1,77.25,0.1538,Platinum,0.3085,2022-12-11
CUST01510,Southwest,Enterprise,1-Year,In-Store,Home Internet,Phone,Contract Issue,54,52.73,2760.11,73.45,6,False,43,5,Excellent support experience,Positive,0.6355,23.4,0,51.11,0.1091,Gold,0.8502,2023-03-09
CUST01511,Southwest,Basic,1-Year,Manual-Online,Smartphone,Chat,No Issue,27,171.45,3946.78,10.15,15,True,-52,2,Agent was unhelpful,Negative,0.2407,100,1,146.18,0.5357,Silver,0.434,2023-02-03
CUST01512,West,Basic,Month-to-Month,Auto-Pay,Home Internet,App,No Issue,68,102.46,6728.16,90.76,1,True,76,5,Very happy with service,Positive,0.6971,6.8,0,98.94,0.0145,Platinum,0.958,2022-12-01
CUST01513,Southwest,Premium,2-Year,In-Store,Hotspot,App,No Issue,43,140.76,5558.47,51.11,7,True,-61,4,Problem resolved quickly,Positive,0.8415,76.2,1,129.27,0.1591,Gold,0.6182,2022-11-12
CUST01514,Southeast,Premium,1-Year,Auto-Pay,Home Internet,Email,Billing Dispute,77,184.11,12572.42,67.36,2,True,26,4,Agent was very helpful,Positive,0.9618,48.8,0,163.28,0.0256,Platinum,0.7705,2022-08-06
CUST01515,Southeast,Standard,1-Year,Auto-Pay,Smartphone,App,Device Problem,30,155.71,4214.56,31.73,6,True,-19,2,Worst customer service experience,Negative,0.0653,100,1,140.49,0.1935,Silver,0.4918,2022-04-18
CUST01516,Southwest,Standard,Month-to-Month,Mail,Business Line,In-Store,Plan Change,44,200.53,8597.02,78.42,13,True,-8,5,Great network coverage,Positive,0.7859,47.6,0,195.39,0.2889,Gold,0.811,2023-07-23
CUST01517,Northeast,Standard,2-Year,Auto-Pay,Home Internet,In-Store,Contract Issue,25,102.29,2657.34,111.16,13,False,30,1,Agent was unhelpful,Negative,0.0647,100,1,106.29,0.5,Silver,0.4275,2024-08-21
CUST01518,Southeast,Enterprise,1-Year,Auto-Pay,Home Internet,Phone,Billing Dispute,62,174.5,10725.12,116.98,5,True,-67,2,Billing overcharge not fixed,Negative,0.0282,100,1,172.99,0.0794,Platinum,0.4078,2024-12-11
CUST01519,Southeast,Basic,1-Year,Manual-Online,Tablet,Phone,Device Problem,41,97.87,3422.34,107.1,3,True,-26,3,Acceptable service,Neutral,0.5618,91.2,1,83.47,0.0714,Gold,0.5795,2023-07-09
CUST01520,Southeast,Basic,Month-to-Month,In-Store,Tablet,Email,Billing Dispute,77,97.67,7011.22,84.48,2,True,71,5,Agent went above and beyond,Positive,0.8629,9.8,0,91.05,0.0256,Platinum,0.9492,2023-11-20
CUST01521,West,Premium,Month-to-Month,In-Store,Smartphone,Email,Device Problem,45,72.32,3117.16,85.1,6,False,-91,3,Average experience,Neutral,0.39,100,1,69.27,0.1304,Gold,0.4158,2023-10-28
CUST01522,Northeast,Basic,2-Year,Manual-Online,Home Internet,Chat,Contract Issue,10,35.97,320.11,46.62,8,True,91,5,Very professional support team,Positive,0.996,17.8,0,32.01,0.7273,Bronze,0.9843,2022-03-14
CUST01523,Southeast,Standard,1-Year,Mail,Home Internet,In-Store,Plan Change,55,161.98,8954.1,68.81,7,True,37,4,Excellent support experience,Positive,0.8275,56.6,0,162.8,0.125,Gold,0.7898,2022-07-10
CUST01524,Northeast,Standard,2-Year,Auto-Pay,Business Line,Phone,No Issue,40,57.89,2271.0,103.18,9,True,-4,4,Great network coverage,Positive,0.8979,68.8,1,56.77,0.2195,Gold,0.718,2023-07-08
CUST01525,West,Standard,Month-to-Month,In-Store,Business Line,App,Plan Change,30,239.49,6476.8,57.24,3,False,11,5,Outstanding customer care,Positive,0.8927,23.8,0,215.89,0.0968,Silver,0.7943,2024-11-05
CUST01526,West,Premium,1-Year,Manual-Online,Hotspot,Phone,Contract Issue,72,68.84,5148.57,113.42,10,True,-95,4,Highly satisfied with resolution,Positive,0.9285,89.0,1,71.51,0.137,Platinum,0.5588,2022-02-14
CUST01527,Southwest,Premium,Month-to-Month,In-Store,Business Line,Email,Device Problem,81,220.43,16064.84,51.8,13,True,-17,2,Issue still not resolved,Negative,0.2519,100,1,198.33,0.1585,Platinum,0.4952,2024-08-21
CUST01528,West,Premium,Month-to-Month,In-Store,Home Internet,Chat,No Issue,71,145.06,8763.7,91.68,10,True,-66,5,Great network coverage,Positive,0.9798,53.2,0,123.43,0.1389,Platinum,0.7095,2023-03-11
CUST01529,Midwest,Premium,2-Year,Mail,Home Internet,App,Device Problem,56,128.98,6917.92,69.95,14,True,4,1,Very disappointed with service,Negative,0.2617,100,1,123.53,0.2456,Gold,0.432,2024-06-06
CUST01530,Southwest,Basic,Month-to-Month,In-Store,Business Line,In-Store,Billing Dispute,11,35.78,394.27,96.01,8,False,-74,3,Nothing exceptional,Neutral,0.4256,100,1,35.84,0.6667,Bronze,0.4455,2023-10-30
CUST01531,Northeast,Premium,Month-to-Month,Mail,Smartphone,Chat,Device Problem,63,175.67,9984.3,106.53,5,True,-28,2,Terrible wait times,Negative,0.1832,100,1,158.48,0.0781,Platinum,0.476,2024-06-09
CUST01532,Southwest,Premium,Month-to-Month,In-Store,Hotspot,Chat,Contract Issue,43,201.93,8089.99,85.18,7,False,-13,3,Decent support,Neutral,0.5704,96.6,1,188.14,0.1591,Gold,0.5523,2024-06-09
CUST01533,Northeast,Enterprise,2-Year,Manual-Online,Hotspot,In-Store,Billing Dispute,39,240.96,9575.02,40.32,7,True,80,4,Agent went above and beyond,Positive,0.8978,48.0,0,245.51,0.175,Gold,0.865,2024-02-10
CUST01534,Midwest,Basic,2-Year,Mail,Tablet,App,Contract Issue,37,156.04,5783.57,49.46,1,False,-50,3,Expected better response time,Neutral,0.3057,92.0,1,156.31,0.0263,Gold,0.4875,2022-06-23
CUST01535,Northeast,Basic,Month-to-Month,Mail,Business Line,App,Device Problem,77,103.35,8303.07,73.64,6,True,94,3,Acceptable service,Neutral,0.5579,73.2,1,107.83,0.0769,Platinum,0.7895,2022-10-29
CUST01536,West,Enterprise,1-Year,Mail,Home Internet,Chat,Network Outage,50,102.05,4486.81,113.5,13,True,-36,3,Expected better response time,Neutral,0.4887,100,1,89.74,0.2549,Gold,0.562,2023-06-13
CUST01537,West,Enterprise,2-Year,Manual-Online,Tablet,Chat,Plan Change,10,178.33,1569.5,27.46,14,False,-78,4,Very happy with service,Positive,0.7794,93.6,1,156.95,1.2727,Bronze,0.5385,2023-03-27
CUST01538,Northeast,Enterprise,1-Year,In-Store,Hotspot,In-Store,Device Problem,55,68.06,3491.36,17.17,7,False,13,5,Highly satisfied with resolution,Positive,0.8786,31.4,0,63.48,0.125,Gold,0.7977,2024-11-09
CUST01539,Southwest,Enterprise,1-Year,In-Store,Home Internet,Email,Plan Change,35,180.5,6191.23,112.97,10,True,50,3,Could be improved,Neutral,0.525,90.0,1,176.89,0.2778,Silver,0.7125,2023-06-04
CUST01540,Northeast,Standard,1-Year,Mail,Home Internet,In-Store,Plan Change,61,91.9,5062.28,18.89,15,False,19,3,Waited longer than expected,Neutral,0.4335,100,1,82.99,0.2419,Platinum,0.6082,2023-02-14
CUST01541,Midwest,Basic,Month-to-Month,In-Store,Home Internet,Phone,Contract Issue,27,43.06,1125.03,94.86,1,True,89,1,Terrible wait times,Negative,0.1195,100,1,41.67,0.0357,Silver,0.5807,2024-11-02
CUST01542,Southeast,Standard,2-Year,In-Store,Hotspot,Email,Network Outage,68,246.29,16916.84,78.91,13,True,-38,3,Expected better response time,Neutral,0.5595,100,1,248.78,0.1884,Platinum,0.5585,2022-09-24
CUST01543,West,Enterprise,Month-to-Month,Auto-Pay,Smartphone,Email,Device Problem,4,218.19,841.45,10.36,1,True,-22,5,Highly satisfied with resolution,Positive,0.9298,26.4,0,210.36,0.2,Bronze,0.7865,2022-06-09
CUST01544,Northeast,Enterprise,1-Year,Auto-Pay,Smartphone,App,Billing Dispute,41,140.51,5759.61,54.29,8,False,9,1,Billing overcharge not fixed,Negative,0.1411,100,1,140.48,0.1905,Gold,0.3908,2024-05-20
CUST01545,Northeast,Enterprise,2-Year,Mail,Smartphone,Email,Contract Issue,60,191.27,10699.51,80.87,12,True,81,5,Very happy with service,Positive,0.8961,27.8,0,178.33,0.1967,Platinum,0.9667,2022-09-30
CUST01546,Midwest,Enterprise,1-Year,In-Store,Smartphone,App,Contract Issue,80,44.91,3570.04,84.46,7,True,86,2,Poor network reliability,Negative,0.1489,100,1,44.63,0.0864,Platinum,0.6755,2023-08-09
CUST01547,Northeast,Premium,1-Year,Mail,Tablet,App,Plan Change,55,68.43,3316.2,31.15,11,True,-45,1,Worst customer service experience,Negative,0.0097,100,1,60.29,0.1964,Gold,0.3463,2024-09-19
CUST01548,Midwest,Enterprise,Month-to-Month,Manual-Online,Business Line,App,No Issue,12,85.72,1025.19,60.54,5,True,16,3,Average experience,Neutral,0.3008,86.8,1,85.43,0.3846,Silver,0.653,2023-11-02
CUST01549,Southwest,Premium,1-Year,Auto-Pay,Smartphone,Phone,Contract Issue,29,202.27,5550.07,27.85,11,True,37,4,Agent went above and beyond,Positive,0.724,64.6,0,191.38,0.3667,Silver,0.7898,2024-10-14
CUST01550,West,Premium,Month-to-Month,Manual-Online,Smartphone,Phone,Speed Issue,10,141.2,1253.26,17.82,11,True,-32,4,Great network coverage,Positive,0.9259,78.4,1,125.33,1.0,Bronze,0.669,2023-12-17
CUST01551,Southeast,Premium,2-Year,Manual-Online,Smartphone,In-Store,Plan Change,78,102.12,8167.4,97.0,1,True,80,1,No accountability at all,Negative,0.2938,100,1,104.71,0.0127,Platinum,0.565,2023-11-08
CUST01552,Midwest,Basic,1-Year,Mail,Hotspot,App,Network Outage,28,148.36,4313.98,12.56,7,True,36,5,Excellent support experience,Positive,0.8191,26.8,0,154.07,0.2414,Silver,0.888,2022-03-26
CUST01553,Northeast,Standard,2-Year,Auto-Pay,Hotspot,In-Store,Network Outage,34,57.96,1914.16,98.16,9,True,-74,5,Highly satisfied with resolution,Positive,0.8297,52.8,0,56.3,0.2571,Silver,0.6955,2023-05-11
CUST01554,Northeast,Basic,Month-to-Month,Auto-Pay,Business Line,Email,Network Outage,61,229.0,12698.36,118.83,9,False,-78,2,Terrible wait times,Negative,0.2648,100,1,208.17,0.1452,Platinum,0.3385,2023-12-31
CUST01555,Midwest,Standard,Month-to-Month,Auto-Pay,Hotspot,Phone,Billing Dispute,25,42.94,978.45,2.22,14,True,71,1,Will consider switching providers,Negative,0.2999,100,1,39.14,0.5385,Silver,0.5493,2024-04-14
CUST01556,Midwest,Premium,2-Year,In-Store,Hotspot,In-Store,Device Problem,56,82.21,4650.0,39.74,9,True,100,5,Agent was very helpful,Positive,0.8391,18.0,0,83.04,0.1579,Gold,1.0,2022-07-21
CUST01557,Southeast,Enterprise,2-Year,In-Store,Hotspot,Phone,Billing Dispute,54,97.48,4560.7,74.56,3,True,7,1,Worst customer service experience,Negative,0.2947,100,1,84.46,0.0545,Gold,0.4373,2024-02-19
CUST01558,Southwest,Basic,Month-to-Month,Auto-Pay,Business Line,Phone,Network Outage,33,59.47,1958.61,49.14,4,False,28,2,Issue still not resolved,Negative,0.1898,100,1,59.35,0.1176,Silver,0.524,2024-10-19
CUST01559,Midwest,Enterprise,Month-to-Month,Mail,Business Line,App,No Issue,49,240.0,10067.68,24.03,8,False,46,1,Very disappointed with service,Negative,0.1036,100,1,205.46,0.16,Gold,0.4555,2023-04-17
CUST01560,Southeast,Premium,1-Year,Manual-Online,Tablet,App,Contract Issue,59,40.8,2143.0,18.35,1,False,-32,5,Highly satisfied with resolution,Positive,0.8463,28.4,0,36.32,0.0167,Gold,0.719,2022-09-21
CUST01561,Midwest,Standard,2-Year,Mail,Smartphone,Phone,Plan Change,45,49.43,2039.59,108.22,1,True,73,5,Very happy with service,Positive,0.8826,7.4,0,45.32,0.0217,Gold,0.9527,2022-10-29
CUST01562,Southwest,Enterprise,Month-to-Month,Mail,Smartphone,Email,Plan Change,4,68.16,282.74,22.65,0,False,100,3,Decent support,Neutral,0.5659,60.0,0,70.69,0.0,Bronze,0.75,2023-06-24
CUST01563,West,Enterprise,2-Year,In-Store,Smartphone,App,Billing Dispute,33,221.53,7141.71,116.67,10,False,0,3,Issue eventually resolved,Neutral,0.5702,100.0,1,216.42,0.2941,Silver,0.575,2023-11-06
CUST01564,Midwest,Enterprise,Month-to-Month,Manual-Online,Business Line,App,Device Problem,68,141.9,9186.91,87.63,12,True,8,5,Very professional support team,Positive,0.9318,42.4,0,135.1,0.1739,Platinum,0.839,2022-06-01
CUST01565,Southeast,Enterprise,2-Year,Auto-Pay,Home Internet,Phone,Network Outage,76,35.06,2311.87,12.62,6,False,-98,3,Waited longer than expected,Neutral,0.3831,100,1,30.42,0.0779,Platinum,0.4035,2024-07-04
CUST01566,Northeast,Basic,Month-to-Month,Auto-Pay,Tablet,Email,Billing Dispute,33,218.49,6880.02,95.92,10,True,43,2,Will consider switching providers,Negative,0.087,100,1,208.49,0.2941,Silver,0.6002,2022-05-31
CUST01567,Southwest,Basic,1-Year,Mail,Business Line,Chat,Speed Issue,30,97.67,2565.68,29.48,11,True,88,4,Seamless experience overall,Positive,0.686,54.4,0,85.52,0.3548,Silver,0.879,2022-04-26
CUST01568,Southwest,Premium,2-Year,Manual-Online,Tablet,In-Store,Device Problem,2,207.71,374.36,61.75,12,False,-16,4,Agent was very helpful,Positive,0.8372,77.2,1,187.18,4.0,Bronze,0.647,2022-12-08
CUST01569,Midwest,Standard,Month-to-Month,Manual-Online,Business Line,Chat,No Issue,15,145.92,1928.01,45.45,1,False,30,5,Highly satisfied with resolution,Positive,0.7708,16.0,0,128.53,0.0625,Silver,0.8275,2023-09-03
CUST01570,West,Enterprise,1-Year,Mail,Business Line,Chat,Plan Change,52,91.27,4795.12,27.04,8,True,47,3,Could be improved,Neutral,0.4004,86.6,1,92.21,0.1509,Gold,0.7072,2022-06-12
CUST01571,Southeast,Premium,2-Year,Manual-Online,Smartphone,In-Store,Speed Issue,45,180.4,8051.63,72.36,5,False,-30,5,Seamless experience overall,Positive,0.9861,36.0,0,178.93,0.1087,Gold,0.7225,2022-06-28
CUST01572,Northeast,Premium,2-Year,Mail,Tablet,In-Store,Device Problem,42,197.32,8435.01,78.58,15,False,-35,3,Waited longer than expected,Neutral,0.4219,100,1,200.83,0.3488,Gold,0.5137,2023-10-14
CUST01573,Northeast,Premium,2-Year,Mail,Hotspot,Chat,Plan Change,52,126.92,6400.33,29.27,0,True,44,2,No accountability at all,Negative,0.2455,100,1,123.08,0.0,Gold,0.602,2022-05-05
CUST01574,Northeast,Enterprise,Month-to-Month,Auto-Pay,Smartphone,Email,Plan Change,61,173.48,9323.48,110.71,4,True,34,3,Expected better response time,Neutral,0.3916,81.2,1,152.84,0.0645,Platinum,0.6845,2022-12-09
CUST01575,West,Enterprise,1-Year,Auto-Pay,Business Line,App,No Issue,33,125.89,4107.97,114.64,1,True,-98,2,Billing overcharge not fixed,Negative,0.1661,100,1,124.48,0.0294,Silver,0.3535,2022-05-28
CUST01576,Midwest,Standard,1-Year,Manual-Online,Hotspot,App,Device Problem,52,247.08,12169.7,111.5,10,True,-31,4,Highly satisfied with resolution,Positive,0.698,76.2,1,234.03,0.1887,Gold,0.6707,2022-11-12
CUST01577,West,Basic,2-Year,Mail,Home Internet,Email,Contract Issue,52,169.25,7723.38,17.19,10,True,1,3,Issue eventually resolved,Neutral,0.3321,99.8,1,148.53,0.1887,Gold,0.6268,2022-11-10
CUST01578,Southwest,Premium,1-Year,Mail,Tablet,App,Speed Issue,6,67.55,351.43,105.87,11,True,84,2,Very disappointed with service,Negative,0.2021,100,1,58.57,1.5714,Bronze,0.672,2024-07-18
CUST01579,Midwest,Premium,2-Year,Manual-Online,Smartphone,Phone,Device Problem,24,121.68,2609.33,73.27,12,False,64,5,Outstanding customer care,Positive,0.7154,31.2,0,108.72,0.48,Silver,0.887,2024-03-20
CUST01580,Northeast,Enterprise,2-Year,Auto-Pay,Home Internet,Email,Billing Dispute,73,183.32,13885.96,73.25,2,False,23,3,Average experience,Neutral,0.4718,79.4,1,190.22,0.027,Platinum,0.6153,2023-07-22
CUST01581,Midwest,Basic,1-Year,Manual-Online,Hotspot,Phone,Contract Issue,13,124.47,1464.58,65.44,7,True,69,5,Seamless experience overall,Positive,0.7088,20.2,0,112.66,0.5,Silver,0.9457,2024-06-30
CUST01582,West,Premium,1-Year,In-Store,Business Line,Chat,Device Problem,3,109.55,299.27,73.92,6,True,-44,4,Seamless experience overall,Positive,0.6407,70.8,1,99.76,1.5,Bronze,0.648,2024-04-20
CUST01583,Southwest,Standard,Month-to-Month,Auto-Pay,Business Line,Email,No Issue,79,218.88,14883.74,49.18,7,True,-72,3,Waited longer than expected,Neutral,0.4391,100,1,188.4,0.0875,Platinum,0.499,2022-09-13
CUST01584,Northeast,Basic,Month-to-Month,Auto-Pay,Hotspot,Email,Device Problem,59,218.93,12959.5,74.13,8,True,69,1,Billing overcharge not fixed,Negative,0.2083,100,1,219.65,0.1333,Gold,0.5457,2024-09-17
CUST01585,Southeast,Standard,1-Year,In-Store,Home Internet,App,Speed Issue,52,85.99,4000.41,33.17,15,True,-76,4,Highly satisfied with resolution,Positive,0.787,95.2,1,76.93,0.283,Gold,0.592,2023-10-06
CUST01586,Southeast,Standard,Month-to-Month,In-Store,Hotspot,Email,Plan Change,3,213.47,630.7,70.27,11,False,91,5,Outstanding customer care,Positive,0.9331,23.8,0,210.23,2.75,Bronze,0.9343,2024-01-12
CUST01587,Southwest,Basic,2-Year,Mail,Home Internet,Chat,Network Outage,68,200.14,12282.57,77.19,6,False,-58,2,Billing overcharge not fixed,Negative,0.1332,100,1,180.63,0.087,Platinum,0.3735,2023-09-08
CUST01588,Northeast,Enterprise,Month-to-Month,In-Store,Home Internet,App,Device Problem,82,187.58,13857.2,117.51,15,True,-26,1,Terrible wait times,Negative,0.1716,100,1,168.99,0.1807,Platinum,0.3795,2022-03-27
CUST01589,Southwest,Standard,1-Year,In-Store,Hotspot,In-Store,Billing Dispute,16,131.52,1869.04,99.13,3,True,-81,4,Very happy with service,Positive,0.8636,72.2,1,116.81,0.1765,Silver,0.5833,2022-03-22
CUST01590,Northeast,Enterprise,2-Year,Auto-Pay,Home Internet,In-Store,Plan Change,83,89.33,6351.82,65.62,5,True,-20,1,Poor network reliability,Negative,0.033,100,1,76.53,0.0595,Platinum,0.39,2024-01-18
CUST01591,Southwest,Standard,2-Year,Mail,Home Internet,In-Store,Contract Issue,32,107.64,3064.17,51.98,7,True,72,3,Waited longer than expected,Neutral,0.4223,79.6,1,95.76,0.2121,Silver,0.751,2024-09-28
CUST01592,Northeast,Enterprise,Month-to-Month,Manual-Online,Business Line,App,Network Outage,35,201.39,7354.62,28.43,11,True,92,2,Issue still not resolved,Negative,0.0816,100,1,210.13,0.3056,Silver,0.686,2022-04-07
CUST01593,Southwest,Enterprise,1-Year,Manual-Online,Home Internet,Email,Plan Change,30,125.08,3828.25,110.82,10,False,82,5,Agent went above and beyond,Positive,0.7767,23.6,0,127.61,0.3226,Silver,0.9185,2022-05-09
CUST01594,Midwest,Basic,Month-to-Month,Auto-Pay,Smartphone,In-Store,Contract Issue,30,207.0,6240.03,53.0,11,True,-1,1,Terrible wait times,Negative,0.0544,100,1,208.0,0.3548,Silver,0.4233,2024-04-30
CUST01595,Southeast,Enterprise,2-Year,In-Store,Smartphone,Phone,Plan Change,67,115.86,8056.01,13.34,4,True,-50,2,Poor network reliability,Negative,0.0967,100,1,120.24,0.0588,Platinum,0.4375,2022-11-22
CUST01596,West,Basic,Month-to-Month,Mail,Business Line,App,No Issue,19,215.43,4142.3,103.95,12,True,15,3,Decent support,Neutral,0.4133,100,1,218.02,0.6,Silver,0.6512,2024-02-02
CUST01597,Southeast,Standard,1-Year,In-Store,Hotspot,Email,Billing Dispute,15,144.56,2188.91,82.82,10,True,-46,4,Problem resolved quickly,Positive,0.8045,79.2,1,145.93,0.625,Silver,0.6445,2022-02-07
CUST01598,Midwest,Standard,Month-to-Month,Manual-Online,Business Line,App,Billing Dispute,76,77.6,6000.81,86.95,9,True,37,3,Issue eventually resolved,Neutral,0.3781,90.6,1,78.96,0.1169,Platinum,0.6897,2022-10-03
CUST01599,Southeast,Basic,Month-to-Month,In-Store,Business Line,Phone,Network Outage,32,101.19,3383.65,108.03,3,True,13,2,Worst customer service experience,Negative,0.0034,100,1,105.74,0.0909,Silver,0.5477,2022-01-04
CUST01600,Southwest,Enterprise,1-Year,In-Store,Home Internet,In-Store,Billing Dispute,74,32.31,2233.99,80.14,13,True,39,2,Worst customer service experience,Negative,0.0433,100,1,30.19,0.1733,Platinum,0.5932,2024-02-04
CUST01601,Northeast,Enterprise,1-Year,Mail,Smartphone,In-Store,Network Outage,13,139.77,1559.65,65.93,12,True,68,3,Got what I needed but took a while,Neutral,0.5442,90.4,1,119.97,0.8571,Silver,0.744,2023-04-01
CUST01602,Northeast,Standard,2-Year,Manual-Online,Home Internet,Email,Contract Issue,43,205.08,7948.42,52.1,9,True,50,5,Excellent support experience,Positive,0.7605,28.0,0,184.85,0.2045,Gold,0.9125,2023-10-24
CUST01603,Southeast,Basic,1-Year,In-Store,Business Line,Chat,Plan Change,63,171.93,9703.95,16.55,3,False,74,1,Issue still not resolved,Negative,0.2212,100,1,154.03,0.0469,Platinum,0.5045,2024-02-05
CUST01604,Southwest,Basic,Month-to-Month,Mail,Business Line,Phone,Plan Change,51,132.19,5744.96,34.0,3,True,-37,1,Worst customer service experience,Negative,0.2186,100,1,112.65,0.0577,Gold,0.3602,2023-11-30
CUST01605,Southeast,Enterprise,Month-to-Month,Manual-Online,Tablet,Chat,Device Problem,74,191.68,14203.42,66.5,14,True,-30,5,Very happy with service,Positive,0.6566,54.0,0,191.94,0.1867,Platinum,0.7725,2023-04-20
CUST01606,Southeast,Premium,2-Year,Manual-Online,Business Line,Email,Network Outage,80,170.52,11606.99,44.09,7,True,-79,4,Outstanding customer care,Positive,0.751,79.8,1,145.09,0.0864,Platinum,0.5868,2023-03-22
CUST01607,Midwest,Basic,Month-to-Month,Manual-Online,Smartphone,Email,Billing Dispute,12,63.11,725.98,23.54,10,True,31,5,Seamless experience overall,Positive,0.8265,33.8,0,60.5,0.7692,Silver,0.8792,2022-01-25
CUST01608,Southeast,Premium,2-Year,Mail,Smartphone,In-Store,Device Problem,11,218.53,2379.44,23.88,11,False,28,4,Very professional support team,Positive,0.7214,66.4,1,216.31,0.9167,Bronze,0.724,2022-09-23
CUST01609,Midwest,Enterprise,Month-to-Month,In-Store,Smartphone,In-Store,Speed Issue,70,208.0,14591.35,76.11,10,True,-39,4,Outstanding customer care,Positive,0.6461,77.8,1,208.45,0.1408,Platinum,0.6568,2024-07-17
CUST01610,West,Enterprise,1-Year,Mail,Smartphone,Chat,Device Problem,36,79.37,2614.22,114.55,14,True,-80,4,Very happy with service,Positive,0.6911,94.0,1,72.62,0.3784,Gold,0.585,2022-12-29
CUST01611,Midwest,Enterprise,2-Year,Mail,Hotspot,In-Store,Speed Issue,44,55.58,2078.85,65.6,1,True,79,4,Problem resolved quickly,Positive,0.9375,36.2,0,47.25,0.0222,Gold,0.8633,2022-07-09
CUST01612,Midwest,Enterprise,Month-to-Month,In-Store,Hotspot,Phone,Device Problem,7,130.09,915.99,70.46,11,True,22,4,Excellent support experience,Positive,0.643,67.6,1,130.86,1.375,Bronze,0.7635,2024-09-18
CUST01613,Southwest,Enterprise,1-Year,In-Store,Home Internet,Email,Speed Issue,45,122.02,5173.89,61.9,14,True,-58,4,Problem resolved quickly,Positive,0.7184,89.6,1,114.98,0.3043,Gold,0.6235,2023-11-23
CUST01614,Midwest,Basic,Month-to-Month,Auto-Pay,Business Line,App,Speed Issue,49,146.24,6590.89,50.61,13,False,85,5,Very professional support team,Positive,0.6728,29.0,0,134.51,0.26,Gold,0.9238,2024-04-15
CUST01615,Northeast,Standard,2-Year,Manual-Online,Home Internet,App,Device Problem,5,167.45,856.05,106.1,14,False,52,3,Expected better response time,Neutral,0.4709,97.6,1,171.21,2.3333,Bronze,0.666,2024-04-12
CUST01616,Southeast,Enterprise,Month-to-Month,Mail,Home Internet,App,Network Outage,57,45.34,2602.64,7.57,14,True,-9,1,Will consider switching providers,Negative,0.1258,100,1,45.66,0.2414,Gold,0.4093,2023-01-19
CUST01617,Northeast,Enterprise,2-Year,Manual-Online,Hotspot,Phone,Network Outage,30,72.36,2254.0,29.78,4,True,57,5,Problem resolved quickly,Positive,0.7009,16.6,0,75.13,0.129,Silver,0.9247,2024-02-16
CUST01618,Northeast,Enterprise,2-Year,Auto-Pay,Home Internet,App,Speed Issue,30,179.6,4582.29,73.82,4,True,-13,4,Great network coverage,Positive,0.952,60.6,0,152.74,0.129,Silver,0.7023,2023-10-24
CUST01619,Southeast,Premium,Month-to-Month,Manual-Online,Business Line,Email,Network Outage,62,187.38,9987.76,94.47,8,True,35,5,Highly satisfied with resolution,Positive,0.7149,29.0,0,161.09,0.127,Platinum,0.8862,2024-09-07
CUST01620,Midwest,Standard,Month-to-Month,Auto-Pay,Business Line,App,No Issue,2,86.29,159.19,115.61,4,True,-18,2,Worst customer service experience,Negative,0.228,100,1,79.59,1.3333,Bronze,0.4935,2023-09-12
CUST01621,Southeast,Premium,1-Year,Auto-Pay,Home Internet,App,No Issue,55,151.13,8125.2,54.15,12,True,73,2,Will consider switching providers,Negative,0.2853,100,1,147.73,0.2143,Gold,0.6527,2022-12-12
CUST01622,Northeast,Standard,Month-to-Month,Mail,Smartphone,Chat,Plan Change,42,153.23,6711.7,110.78,4,False,44,5,Seamless experience overall,Positive,0.6638,19.2,0,159.8,0.093,Gold,0.852,2024-11-29
CUST01623,West,Standard,2-Year,Auto-Pay,Hotspot,Phone,No Issue,40,154.81,6250.86,21.67,3,False,70,5,Agent went above and beyond,Positive,0.7239,12.0,0,156.27,0.0732,Gold,0.8975,2022-08-24
CUST01624,West,Basic,Month-to-Month,Manual-Online,Tablet,App,Plan Change,65,31.45,1739.45,39.58,1,True,34,4,Outstanding customer care,Positive,0.7354,45.2,0,26.76,0.0152,Platinum,0.7845,2022-06-12
CUST01625,Southeast,Basic,Month-to-Month,Manual-Online,Smartphone,Chat,Contract Issue,63,109.38,6362.51,33.32,12,True,35,4,Excellent support experience,Positive,0.6222,67.0,1,100.99,0.1875,Platinum,0.7863,2023-07-06
CUST01626,West,Enterprise,Month-to-Month,Mail,Hotspot,Chat,No Issue,13,108.2,1309.76,81.98,14,True,-30,2,Agent was unhelpful,Negative,0.2603,100,1,100.75,1.0,Silver,0.4725,2024-03-26
CUST01627,Northeast,Enterprise,2-Year,In-Store,Hotspot,App,No Issue,25,74.36,1793.14,45.32,15,True,-40,5,Problem resolved quickly,Positive,0.7592,58.0,0,71.73,0.5769,Silver,0.755,2022-01-22
CUST01628,West,Basic,Month-to-Month,In-Store,Hotspot,In-Store,Plan Change,20,80.4,1495.87,9.98,10,True,58,4,Very happy with service,Positive,0.6383,58.4,0,74.79,0.4762,Silver,0.8265,2022-04-01
CUST01629,Northeast,Enterprise,1-Year,Mail,Tablet,Chat,Plan Change,17,107.08,1755.36,6.5,4,True,-68,2,Poor network reliability,Negative,0.2909,100,1,103.26,0.2222,Silver,0.406,2024-07-10
CUST01630,Northeast,Premium,2-Year,Manual-Online,Home Internet,App,Speed Issue,65,65.53,4395.32,41.9,11,True,-69,1,Agent was unhelpful,Negative,0.2406,100,1,67.62,0.1667,Platinum,0.3043,2024-06-27
CUST01631,Northeast,Premium,2-Year,Manual-Online,Smartphone,In-Store,Speed Issue,59,96.58,5822.68,119.4,9,True,-24,5,Seamless experience overall,Positive,0.9307,42.8,0,98.69,0.15,Gold,0.783,2024-04-23
CUST01632,Southeast,Enterprise,Month-to-Month,In-Store,Business Line,Chat,Plan Change,70,82.29,4977.0,36.75,15,False,-40,4,Seamless experience overall,Positive,0.792,88.0,1,71.1,0.2113,Platinum,0.605,2023-06-13
CUST01633,Midwest,Standard,2-Year,In-Store,Tablet,Email,No Issue,39,166.97,6137.32,59.95,12,True,21,1,Worst customer service experience,Negative,0.2258,100,1,157.37,0.3,Gold,0.4617,2023-09-22
CUST01634,Southeast,Basic,Month-to-Month,Auto-Pay,Tablet,Email,Plan Change,83,34.12,2575.29,35.87,13,True,60,1,Will consider switching providers,Negative,0.0861,100,1,31.03,0.1548,Platinum,0.53,2022-05-15
CUST01635,West,Premium,1-Year,Manual-Online,Home Internet,In-Store,Network Outage,37,223.37,7695.28,83.65,4,True,-7,3,Service was okay,Neutral,0.3662,89.4,1,207.98,0.1053,Gold,0.6128,2023-04-18
CUST01636,Northeast,Basic,2-Year,In-Store,Smartphone,Chat,Contract Issue,43,62.62,2418.94,113.36,3,False,-53,2,Issue still not resolved,Negative,0.0776,100,1,56.25,0.0682,Gold,0.3822,2023-11-04
CUST01637,West,Basic,Month-to-Month,Auto-Pay,Business Line,Email,Network Outage,79,205.37,14496.11,40.27,8,False,-22,2,No accountability at all,Negative,0.1912,100,1,183.5,0.1,Platinum,0.4365,2023-10-24
CUST01638,Southwest,Enterprise,2-Year,Mail,Home Internet,In-Store,No Issue,11,246.24,2437.34,71.82,5,True,10,2,Problem kept recurring,Negative,0.2186,100,1,221.58,0.4167,Bronze,0.5425,2023-04-29
CUST01639,West,Premium,Month-to-Month,Auto-Pay,Tablet,Phone,Plan Change,73,33.49,2096.6,116.6,1,False,-24,4,Agent went above and beyond,Positive,0.627,56.8,0,28.72,0.0135,Platinum,0.633,2023-10-01
CUST01640,Midwest,Standard,1-Year,Mail,Tablet,Email,Speed Issue,34,174.89,5116.75,110.61,5,True,-69,4,Very professional support team,Positive,0.6574,73.8,1,150.49,0.1429,Silver,0.6043,2022-05-06
CUST01641,West,Enterprise,1-Year,In-Store,Business Line,Phone,Plan Change,26,97.26,2266.37,69.37,0,True,-19,2,Will consider switching providers,Negative,0.2595,100,1,87.17,0.0,Silver,0.4918,2023-12-12
CUST01642,Southeast,Enterprise,2-Year,Manual-Online,Hotspot,In-Store,Network Outage,32,211.98,6886.46,12.73,7,True,-95,4,Highly satisfied with resolution,Positive,0.6994,83.0,1,215.2,0.2121,Silver,0.5588,2023-03-03
CUST01643,Northeast,Standard,Month-to-Month,Mail,Hotspot,Chat,No Issue,23,63.55,1464.03,112.08,0,True,-52,4,Agent was very helpful,Positive,0.622,60.4,0,63.65,0.0,Silver,0.634,2023-04-17
CUST01644,Midwest,Basic,1-Year,Auto-Pay,Home Internet,Chat,Network Outage,32,210.72,6172.11,98.44,15,True,-7,3,Could be improved,Neutral,0.3162,100,1,192.88,0.4545,Silver,0.6128,2023-07-01
CUST01645,Northeast,Premium,Month-to-Month,Manual-Online,Hotspot,Email,Device Problem,40,45.66,1769.32,19.6,11,True,-67,3,Service was okay,Neutral,0.5824,100,1,44.23,0.2683,Gold,0.5078,2024-11-24
CUST01646,Northeast,Basic,Month-to-Month,In-Store,Smartphone,Email,Contract Issue,29,190.42,5036.29,115.36,2,False,-72,3,Nothing exceptional,Neutral,0.4074,98.4,1,173.67,0.0667,Silver,0.449,2022-09-06
CUST01647,West,Enterprise,Month-to-Month,Manual-Online,Business Line,Phone,Speed Issue,53,84.12,4538.52,52.24,13,True,-81,5,Highly satisfied with resolution,Positive,0.9567,62.2,0,85.63,0.2407,Gold,0.6833,2024-06-04
CUST01648,Southeast,Premium,Month-to-Month,Auto-Pay,Smartphone,In-Store,Device Problem,10,98.78,896.76,7.51,12,True,70,4,Very professional support team,Positive,0.7782,60.0,0,89.68,1.0909,Bronze,0.8475,2022-06-08
CUST01649,Midwest,Standard,2-Year,Manual-Online,Home Internet,Chat,Plan Change,6,193.93,1127.01,14.01,2,True,95,4,Excellent support experience,Positive,0.9398,35.0,0,187.84,0.2857,Bronze,0.8913,2023-03-20
CUST01650,Southwest,Standard,1-Year,Auto-Pay,Business Line,App,Network Outage,5,91.82,479.65,47.5,3,False,-38,5,Great network coverage,Positive,0.6456,33.6,0,95.93,0.5,Bronze,0.7085,2024-11-06
CUST01651,West,Premium,Month-to-Month,In-Store,Home Internet,App,Billing Dispute,45,168.09,7429.17,46.44,12,True,-3,4,Very happy with service,Positive,0.6048,74.6,0,165.09,0.2609,Gold,0.7198,2022-11-16
CUST01652,West,Standard,Month-to-Month,Auto-Pay,Hotspot,In-Store,Network Outage,81,72.48,5237.74,50.98,0,False,32,2,Very disappointed with service,Negative,0.2878,100,1,64.66,0.0,Platinum,0.531,2023-03-31
CUST01653,Northeast,Enterprise,2-Year,Mail,Business Line,App,Plan Change,81,247.49,18528.07,77.34,11,True,55,5,Problem resolved quickly,Positive,0.7647,31.0,0,228.74,0.1341,Platinum,0.9213,2022-06-12
CUST01654,Midwest,Enterprise,1-Year,In-Store,Business Line,Chat,Device Problem,49,145.9,7110.81,54.48,2,True,95,4,Excellent support experience,Positive,0.6336,35.0,0,145.12,0.04,Gold,0.8913,2023-09-16
CUST01655,Midwest,Enterprise,Month-to-Month,In-Store,Business Line,Email,No Issue,52,75.58,3579.33,111.21,2,True,60,4,Problem resolved quickly,Positive,0.8354,42.0,0,68.83,0.0377,Gold,0.83,2022-10-28
CUST01656,Northeast,Basic,Month-to-Month,In-Store,Business Line,Email,Device Problem,43,196.84,7556.64,92.69,15,False,-39,1,Issue still not resolved,Negative,0.1136,100,1,175.74,0.3409,Gold,0.3068,2024-09-12
CUST01657,Northeast,Standard,1-Year,Auto-Pay,Hotspot,Email,Plan Change,62,178.12,9414.79,13.32,8,True,-65,3,Decent support,Neutral,0.4011,100,1,151.85,0.127,Platinum,0.5112,2022-02-18
CUST01658,Northeast,Premium,1-Year,Auto-Pay,Business Line,Chat,Contract Issue,73,158.94,11139.82,25.84,15,False,61,4,Great network coverage,Positive,0.7913,67.8,0,152.6,0.2027,Platinum,0.7817,2023-09-27
CUST01659,West,Basic,1-Year,Manual-Online,Smartphone,Phone,No Issue,37,84.71,2801.89,80.88,0,True,48,1,Terrible wait times,Negative,0.0472,100,1,75.73,0.0,Gold,0.509,2023-09-22
CUST01660,Southwest,Standard,Month-to-Month,Mail,Hotspot,Chat,Device Problem,73,154.6,11046.13,38.38,8,False,93,4,Agent was very helpful,Positive,0.8048,47.4,0,151.32,0.1081,Platinum,0.8377,2024-10-13
CUST01661,Southeast,Premium,Month-to-Month,Mail,Tablet,Phone,Speed Issue,20,129.51,2371.23,49.1,0,True,-68,2,Agent was unhelpful,Negative,0.269,100,1,118.56,0.0,Silver,0.406,2023-08-11
CUST01662,Northeast,Premium,1-Year,Mail,Home Internet,Chat,Network Outage,47,47.33,2054.99,68.1,1,True,-74,5,Agent was very helpful,Positive,0.9089,36.8,0,43.72,0.0208,Gold,0.6955,2024-11-04
CUST01663,Northeast,Premium,Month-to-Month,Mail,Home Internet,In-Store,Billing Dispute,70,206.22,14723.53,26.88,4,False,34,5,Outstanding customer care,Positive,0.9085,21.2,0,210.34,0.0563,Platinum,0.8345,2024-09-22
CUST01664,Southwest,Basic,2-Year,Mail,Tablet,In-Store,Billing Dispute,42,60.91,2374.49,39.43,9,True,-23,2,Poor network reliability,Negative,0.2398,100,1,56.54,0.2093,Gold,0.4848,2023-06-16
CUST01665,Southwest,Standard,1-Year,Mail,Tablet,Chat,Network Outage,60,81.63,4238.37,44.67,7,True,-72,5,Very happy with service,Positive,0.8782,48.4,0,70.64,0.1148,Platinum,0.699,2024-02-18
CUST01666,West,Basic,1-Year,Auto-Pay,Business Line,Phone,Contract Issue,74,119.92,8223.14,3.92,14,True,28,5,Excellent support experience,Positive,0.9323,42.4,0,111.12,0.1867,Platinum,0.874,2022-09-14
CUST01667,Midwest,Enterprise,2-Year,Manual-Online,Hotspot,In-Store,Device Problem,72,151.48,10965.59,35.45,1,True,-33,1,Agent was unhelpful,Negative,0.2267,100,1,152.3,0.0137,Platinum,0.3672,2024-11-22
CUST01668,Northeast,Basic,2-Year,Auto-Pay,Hotspot,Chat,Speed Issue,11,183.42,1808.37,38.47,3,False,50,1,Problem kept recurring,Negative,0.0116,100,1,164.4,0.25,Bronze,0.4625,2024-01-10
CUST01669,West,Basic,2-Year,In-Store,Smartphone,In-Store,Device Problem,13,95.09,1252.87,55.59,6,True,-95,2,Terrible wait times,Negative,0.2289,100,1,96.37,0.4286,Silver,0.3588,2024-03-09
CUST01670,Midwest,Premium,1-Year,Manual-Online,Tablet,In-Store,Speed Issue,61,161.91,9956.63,55.14,8,True,-44,2,Problem kept recurring,Negative,0.0797,100,1,163.22,0.129,Platinum,0.448,2024-12-11
CUST01671,West,Basic,2-Year,Manual-Online,Tablet,App,Billing Dispute,30,116.49,3648.24,74.17,2,True,61,4,Outstanding customer care,Positive,0.6283,41.8,0,121.61,0.0645,Silver,0.8317,2024-02-29
CUST01672,Northeast,Standard,Month-to-Month,Mail,Home Internet,Email,Network Outage,9,184.61,1597.2,42.37,12,True,-78,1,No accountability at all,Negative,0.1808,100,1,177.47,1.2,Bronze,0.2885,2023-11-12
CUST01673,Midwest,Enterprise,Month-to-Month,Manual-Online,Hotspot,Phone,Device Problem,5,115.46,524.03,8.31,14,True,33,4,Outstanding customer care,Positive,0.9507,71.4,1,104.81,2.3333,Bronze,0.7828,2024-02-15
CUST01674,Southwest,Premium,2-Year,In-Store,Business Line,Chat,Device Problem,2,227.59,409.34,97.17,0,True,16,4,Very happy with service,Positive,0.9014,46.8,0,204.67,0.0,Bronze,0.753,2024-06-29
CUST01675,West,Standard,2-Year,Mail,Hotspot,App,Speed Issue,77,73.39,5031.66,118.84,1,False,35,1,Issue still not resolved,Negative,0.1327,100,1,65.35,0.0128,Platinum,0.4363,2024-05-16
CUST01676,Northeast,Basic,1-Year,Auto-Pay,Tablet,Chat,Speed Issue,37,94.61,3636.96,97.41,10,False,14,3,Expected better response time,Neutral,0.4997,97.2,1,98.3,0.2632,Gold,0.5995,2024-11-28
CUST01677,Midwest,Enterprise,2-Year,In-Store,Hotspot,Phone,Network Outage,73,246.83,17045.75,81.89,6,True,-8,2,Very disappointed with service,Negative,0.0933,100,1,233.5,0.0811,Platinum,0.511,2023-01-04
CUST01678,West,Enterprise,1-Year,Manual-Online,Home Internet,Chat,Contract Issue,79,135.07,10844.4,29.01,14,True,45,3,Average experience,Neutral,0.3819,99.0,1,137.27,0.175,Platinum,0.7037,2024-10-11
CUST01679,Southeast,Standard,2-Year,In-Store,Business Line,In-Store,No Issue,43,243.33,9403.48,74.99,15,False,41,4,Outstanding customer care,Positive,0.8805,71.8,1,218.69,0.3409,Gold,0.7468,2023-05-10
CUST01680,Midwest,Standard,Month-to-Month,Mail,Business Line,In-Store,Device Problem,5,124.68,575.43,67.55,3,False,-42,3,Average experience,Neutral,0.3355,94.4,1,115.09,0.5,Bronze,0.5015,2022-09-06
CUST01681,West,Standard,1-Year,Auto-Pay,Home Internet,App,Plan Change,79,71.35,5779.72,90.26,12,True,2,2,No accountability at all,Negative,0.2082,100,1,73.16,0.15,Platinum,0.5285,2024-07-06
CUST01682,Northeast,Basic,1-Year,In-Store,Hotspot,In-Store,Billing Dispute,30,161.84,4357.38,79.71,15,True,85,5,Agent went above and beyond,Positive,0.759,33.0,0,145.25,0.4839,Silver,0.9738,2022-11-06
CUST01683,Midwest,Premium,Month-to-Month,Auto-Pay,Hotspot,Chat,Plan Change,23,115.66,2289.67,6.7,2,True,70,1,Terrible wait times,Negative,0.1272,100,1,99.55,0.0833,Silver,0.5475,2024-04-30
CUST01684,Northeast,Enterprise,Month-to-Month,In-Store,Hotspot,App,Contract Issue,66,48.01,3293.86,102.79,0,True,72,5,Great network coverage,Positive,0.656,5.6,0,49.91,0.0,Platinum,0.951,2023-01-31
CUST01685,Southwest,Premium,2-Year,Mail,Business Line,App,Billing Dispute,72,217.58,14813.77,24.4,6,True,-85,3,Acceptable service,Neutral,0.3375,100,1,205.75,0.0822,Platinum,0.4763,2024-08-12
CUST01686,Southeast,Enterprise,1-Year,In-Store,Home Internet,Chat,Plan Change,18,57.81,899.44,118.97,4,True,-95,4,Excellent support experience,Positive,0.8105,77.0,0,49.97,0.2105,Silver,0.5588,2024-03-25
CUST01687,Midwest,Basic,1-Year,Mail,Smartphone,Phone,No Issue,4,64.21,239.55,91.98,13,True,8,5,Problem resolved quickly,Positive,0.7267,44.4,0,59.89,2.6,Bronze,0.839,2022-05-16
CUST01688,West,Enterprise,1-Year,In-Store,Smartphone,Phone,Network Outage,29,201.93,5758.09,85.85,7,True,-13,2,No accountability at all,Negative,0.0448,100,1,198.55,0.2333,Silver,0.5022,2024-04-03
CUST01689,West,Basic,Month-to-Month,Mail,Business Line,Phone,Device Problem,75,87.2,6665.19,68.55,5,True,-20,2,Worst customer service experience,Negative,0.2285,100,1,88.87,0.0658,Platinum,0.49,2023-06-13
CUST01690,Midwest,Premium,Month-to-Month,Mail,Business Line,In-Store,Plan Change,15,221.85,3416.8,9.85,7,True,-89,4,Very professional support team,Positive,0.883,81.8,1,227.79,0.4375,Silver,0.5693,2022-02-20
CUST01691,Midwest,Enterprise,1-Year,Auto-Pay,Hotspot,Email,Contract Issue,45,160.63,7098.13,83.62,12,True,99,4,Great network coverage,Positive,0.7916,54.2,0,157.74,0.2609,Gold,0.8982,2022-04-17
CUST01692,Southeast,Premium,2-Year,Auto-Pay,Tablet,Chat,Contract Issue,35,239.99,8741.88,56.69,3,False,-55,4,Very happy with service,Positive,0.6865,67.0,1,249.77,0.0833,Silver,0.5788,2023-01-25
CUST01693,Midwest,Premium,Month-to-Month,Auto-Pay,Tablet,App,Speed Issue,45,174.73,7610.35,114.22,14,True,84,4,Very professional support team,Positive,0.6782,61.2,0,169.12,0.3043,Gold,0.872,2024-01-06
CUST01694,West,Premium,1-Year,Auto-Pay,Business Line,Phone,Speed Issue,58,89.27,4489.38,8.66,6,False,16,1,No accountability at all,Negative,0.1277,100,1,77.4,0.1017,Gold,0.403,2023-12-29
CUST01695,West,Enterprise,1-Year,Auto-Pay,Smartphone,Phone,Speed Issue,72,94.16,6915.33,25.43,0,True,39,1,Agent was unhelpful,Negative,0.0096,100,1,96.05,0.0,Platinum,0.4932,2024-11-06
CUST01696,Southeast,Standard,2-Year,In-Store,Business Line,Phone,Plan Change,60,79.09,4896.41,103.87,3,True,20,5,Great network coverage,Positive,0.6811,22.0,0,81.61,0.0492,Platinum,0.86,2022-12-18
CUST01697,West,Standard,2-Year,Mail,Hotspot,Email,Plan Change,45,62.85,2405.52,16.91,2,False,-95,5,Outstanding customer care,Positive,0.6551,43.0,0,53.46,0.0435,Gold,0.6088,2024-08-20
CUST01698,Midwest,Basic,1-Year,Manual-Online,Home Internet,App,Contract Issue,56,197.64,9871.05,48.07,2,True,59,3,Issue eventually resolved,Neutral,0.5053,72.2,1,176.27,0.0351,Gold,0.7283,2022-02-09
CUST01699,Northeast,Premium,Month-to-Month,Auto-Pay,Business Line,Chat,Plan Change,39,181.49,7104.42,85.49,4,False,-56,2,Very disappointed with service,Negative,0.0629,100,1,182.16,0.1,Gold,0.377,2022-01-22
CUST01700,West,Standard,Month-to-Month,Manual-Online,Hotspot,Chat,Network Outage,84,146.36,10457.04,108.63,8,True,63,3,Could be improved,Neutral,0.3993,83.4,1,124.49,0.0941,Platinum,0.7352,2023-02-24
CUST01701,Southwest,Basic,1-Year,Manual-Online,Business Line,Chat,No Issue,78,54.6,3973.92,48.17,3,False,100,4,Very professional support team,Positive,0.7542,36.0,0,50.95,0.038,Platinum,0.85,2024-08-23
CUST01702,Midwest,Basic,Month-to-Month,Manual-Online,Smartphone,Email,Speed Issue,36,230.16,7149.41,3.24,3,False,0,3,Service was okay,Neutral,0.3092,86.0,1,198.59,0.0811,Gold,0.575,2023-08-12
CUST01703,Midwest,Premium,2-Year,Auto-Pay,Smartphone,Email,Contract Issue,84,50.89,3981.7,17.98,13,True,32,1,Billing overcharge not fixed,Negative,0.0288,100,1,47.4,0.1529,Platinum,0.481,2024-01-05
CUST01704,Northeast,Premium,Month-to-Month,Mail,Business Line,App,Contract Issue,54,51.71,2774.94,24.22,10,True,81,3,Expected better response time,Neutral,0.5089,83.8,1,51.39,0.1818,Gold,0.7668,2022-09-30
CUST01705,Southwest,Basic,1-Year,Manual-Online,Home Internet,In-Store,Contract Issue,39,81.69,3295.02,89.08,9,False,3,2,Agent was unhelpful,Negative,0.1787,100,1,84.49,0.225,Gold,0.4803,2022-04-06
CUST01706,Northeast,Basic,Month-to-Month,In-Store,Tablet,Email,Speed Issue,65,180.87,11956.0,56.1,5,False,-90,2,Problem kept recurring,Negative,0.0829,100,1,183.94,0.0758,Platinum,0.3175,2022-02-08
CUST01707,Southeast,Basic,1-Year,In-Store,Business Line,App,Billing Dispute,76,133.59,10329.03,52.38,9,True,-55,5,Problem resolved quickly,Positive,0.7472,49.0,0,135.91,0.1169,Platinum,0.7288,2023-11-04
CUST01708,Midwest,Premium,2-Year,Manual-Online,Smartphone,Email,Contract Issue,46,153.97,6647.68,53.95,2,True,74,2,Will consider switching providers,Negative,0.2392,99.2,1,144.51,0.0426,Gold,0.6545,2023-04-03
CUST01709,Northeast,Premium,1-Year,Mail,Home Internet,Phone,Device Problem,33,101.52,3429.21,13.39,12,True,40,5,Highly satisfied with resolution,Positive,0.9872,36.0,0,103.92,0.3529,Silver,0.895,2024-08-09
CUST01710,Northeast,Basic,1-Year,Manual-Online,Tablet,Chat,No Issue,27,74.3,1989.78,71.82,12,True,-99,5,Problem resolved quickly,Positive,0.7089,63.8,0,73.7,0.4286,Silver,0.6518,2024-06-05
CUST01711,Northeast,Standard,2-Year,Manual-Online,Smartphone,In-Store,Speed Issue,50,228.54,11405.23,89.98,15,True,19,1,Terrible wait times,Negative,0.2088,100,1,228.1,0.2941,Gold,0.4582,2022-04-10
CUST01712,Southeast,Standard,2-Year,Mail,Business Line,App,Contract Issue,46,224.14,9063.98,44.49,12,True,39,3,Waited longer than expected,Neutral,0.4402,96.2,1,197.04,0.2553,Gold,0.6932,2023-05-13
CUST01713,Northeast,Basic,2-Year,Auto-Pay,Home Internet,Phone,Device Problem,76,92.59,6800.95,73.79,9,True,-20,4,Outstanding customer care,Positive,0.9478,72.0,1,89.49,0.1169,Platinum,0.69,2023-09-27
CUST01714,Midwest,Basic,Month-to-Month,Mail,Home Internet,App,No Issue,22,193.63,3736.27,77.19,10,True,67,2,Problem kept recurring,Negative,0.2491,100,1,169.83,0.4348,Silver,0.6422,2022-08-12
CUST01715,West,Basic,2-Year,In-Store,Tablet,Email,Plan Change,84,232.3,17403.03,73.74,10,True,18,5,Very professional support team,Positive,0.9865,36.4,0,207.18,0.1176,Platinum,0.8565,2024-01-16
CUST01716,Southwest,Premium,1-Year,Manual-Online,Home Internet,Email,Device Problem,71,45.84,3076.9,37.82,6,True,73,1,Agent was unhelpful,Negative,0.017,100,1,43.34,0.0833,Platinum,0.5527,2024-06-25
CUST01717,Northeast,Enterprise,1-Year,Mail,Smartphone,Phone,Speed Issue,4,171.21,582.47,61.44,6,False,49,2,Agent was unhelpful,Negative,0.2146,100,1,145.62,1.2,Bronze,0.5608,2024-10-23
CUST01718,Midwest,Premium,Month-to-Month,Manual-Online,Tablet,In-Store,Plan Change,76,162.87,10842.98,66.96,1,True,-43,1,Poor network reliability,Negative,0.2789,100,1,142.67,0.013,Platinum,0.3498,2024-03-15
CUST01719,Midwest,Standard,Month-to-Month,Mail,Tablet,Email,Contract Issue,43,207.94,8109.41,54.61,8,True,-52,2,Agent was unhelpful,Negative,0.0804,100,1,188.59,0.1818,Gold,0.434,2024-09-24
CUST01720,Northeast,Premium,1-Year,In-Store,Smartphone,App,Network Outage,46,99.06,4187.37,54.73,1,True,-91,1,Problem kept recurring,Negative,0.0754,100,1,91.03,0.0213,Gold,0.2657,2023-02-03
CUST01721,West,Premium,1-Year,In-Store,Business Line,Email,No Issue,61,205.81,10950.35,20.05,7,True,62,2,Very disappointed with service,Negative,0.2528,100,1,179.51,0.1129,Platinum,0.6335,2023-10-28
CUST01722,Northeast,Enterprise,2-Year,Mail,Smartphone,Phone,Network Outage,20,229.39,4396.05,29.19,0,True,-2,3,Acceptable service,Neutral,0.5085,80.4,1,219.8,0.0,Silver,0.6215,2023-05-24
CUST01723,Northeast,Premium,1-Year,In-Store,Hotspot,Email,Plan Change,43,41.22,1850.28,26.26,10,False,-99,4,Great network coverage,Positive,0.8423,89.8,1,43.03,0.2273,Gold,0.5018,2023-10-01
CUST01724,Southeast,Standard,2-Year,Manual-Online,Home Internet,In-Store,No Issue,25,156.83,3803.6,32.28,13,True,-93,5,Agent was very helpful,Positive,0.8777,64.6,0,152.14,0.5,Silver,0.6623,2023-05-16
CUST01725,West,Enterprise,2-Year,Manual-Online,Home Internet,App,Billing Dispute,24,238.32,5071.94,8.39,14,True,-14,1,Problem kept recurring,Negative,0.232,100,1,211.33,0.56,Silver,0.4005,2022-03-18
CUST01726,West,Enterprise,Month-to-Month,Auto-Pay,Hotspot,Chat,Network Outage,5,42.27,204.33,25.85,9,True,17,4,Very professional support team,Positive,0.7902,64.6,0,40.87,1.5,Bronze,0.7548,2022-12-02
CUST01727,Northeast,Enterprise,Month-to-Month,Auto-Pay,Business Line,Phone,Contract Issue,31,196.07,6160.71,70.99,2,True,47,4,Very professional support team,Positive,0.6587,44.6,0,198.73,0.0625,Silver,0.8073,2022-01-06
CUST01728,Midwest,Standard,Month-to-Month,Mail,Smartphone,Phone,Network Outage,54,39.26,1825.63,67.55,4,True,67,4,Seamless experience overall,Positive,0.8994,44.6,0,33.81,0.0727,Gold,0.8422,2023-01-08
CUST01729,West,Basic,1-Year,In-Store,Business Line,App,Speed Issue,63,191.76,11562.48,53.94,5,True,-85,4,Agent was very helpful,Positive,0.8772,77.0,0,183.53,0.0781,Platinum,0.5763,2024-11-27
CUST01730,Northeast,Basic,Month-to-Month,Mail,Business Line,App,Billing Dispute,38,86.9,3271.61,44.52,10,True,89,3,Service was okay,Neutral,0.5534,82.2,1,86.09,0.2564,Gold,0.7808,2024-05-03
CUST01731,Northeast,Enterprise,1-Year,Mail,Tablet,Email,No Issue,44,68.9,2856.39,54.91,14,True,20,4,Great network coverage,Positive,0.7043,74.0,1,64.92,0.3111,Gold,0.76,2024-06-23
CUST01732,Northeast,Premium,1-Year,In-Store,Home Internet,In-Store,Device Problem,7,248.67,1509.67,108.68,14,True,39,3,Acceptable service,Neutral,0.3184,100,1,215.67,1.75,Bronze,0.6932,2022-10-07
CUST01733,Southwest,Standard,1-Year,Auto-Pay,Home Internet,Email,Billing Dispute,57,35.9,1879.16,104.02,2,False,-92,3,Got what I needed but took a while,Neutral,0.4628,100,1,32.97,0.0345,Gold,0.414,2022-01-22
CUST01734,Southeast,Basic,2-Year,Mail,Home Internet,Email,Device Problem,74,214.38,15502.35,18.18,6,True,-56,3,Nothing exceptional,Neutral,0.3715,100,1,209.49,0.08,Platinum,0.527,2024-02-04
CUST01735,Midwest,Basic,1-Year,Auto-Pay,Smartphone,App,Plan Change,11,244.95,2590.1,32.14,0,False,-100,1,No accountability at all,Negative,0.2338,100,1,235.46,0.0,Bronze,0.2,2024-03-30
CUST01736,West,Basic,1-Year,Manual-Online,Smartphone,In-Store,Device Problem,84,52.75,4607.4,57.08,9,True,-28,2,No accountability at all,Negative,0.1737,100,1,54.85,0.1059,Platinum,0.476,2024-06-25
CUST01737,Southwest,Enterprise,1-Year,Manual-Online,Hotspot,In-Store,Billing Dispute,7,102.05,616.82,5.16,0,True,73,4,Very happy with service,Positive,0.9261,35.4,0,88.12,0.0,Bronze,0.8528,2024-10-13
CUST01738,Southwest,Premium,Month-to-Month,Manual-Online,Smartphone,Email,Billing Dispute,20,106.55,1934.55,57.35,7,True,-92,1,Poor network reliability,Negative,0.186,100,1,96.73,0.3333,Silver,0.264,2024-08-21
CUST01739,Midwest,Enterprise,1-Year,Mail,Hotspot,Phone,No Issue,77,122.89,9169.2,90.07,14,True,-35,2,Worst customer service experience,Negative,0.1989,100,1,119.08,0.1795,Platinum,0.4637,2023-06-13
CUST01740,Southeast,Basic,1-Year,Auto-Pay,Home Internet,Email,Billing Dispute,45,201.27,8081.13,35.71,11,True,-52,2,Will consider switching providers,Negative,0.2302,100,1,179.58,0.2391,Gold,0.434,2024-06-28
CUST01741,West,Enterprise,2-Year,Mail,Home Internet,App,Billing Dispute,49,198.76,8287.7,64.09,10,False,96,1,Problem kept recurring,Negative,0.0904,100,1,169.14,0.2,Gold,0.543,2022-04-06
CUST01742,Midwest,Premium,2-Year,Mail,Business Line,App,Billing Dispute,36,90.02,3151.45,62.35,6,True,28,4,Agent was very helpful,Positive,0.7133,56.4,0,87.54,0.1622,Gold,0.774,2022-04-03
CUST01743,Midwest,Enterprise,1-Year,In-Store,Hotspot,Chat,Plan Change,80,157.05,11776.81,22.74,11,True,-19,2,Will consider switching providers,Negative,0.0328,100,1,147.21,0.1358,Platinum,0.4918,2022-08-27
CUST01744,Northeast,Basic,2-Year,In-Store,Smartphone,App,Speed Issue,53,179.02,9767.14,73.55,10,True,-58,1,Will consider switching providers,Negative,0.1236,100,1,184.29,0.1852,Gold,0.3235,2024-10-21
CUST01745,Southeast,Basic,2-Year,Mail,Tablet,Email,Contract Issue,69,31.82,2199.69,106.29,4,False,-33,2,Problem kept recurring,Negative,0.1988,100,1,31.88,0.0571,Platinum,0.4173,2022-10-02
CUST01746,Northeast,Premium,1-Year,In-Store,Business Line,Phone,No Issue,74,143.74,10922.61,58.63,3,True,-84,3,Decent support,Neutral,0.4827,100,1,147.6,0.04,Platinum,0.478,2023-07-28
CUST01747,West,Premium,1-Year,Auto-Pay,Hotspot,Phone,Plan Change,32,235.79,7859.78,58.33,8,False,-54,1,Issue still not resolved,Negative,0.1374,100,1,245.62,0.2424,Silver,0.2805,2024-10-19
CUST01748,Midwest,Basic,1-Year,In-Store,Tablet,App,No Issue,24,123.23,3025.11,100.83,14,False,20,3,Nothing exceptional,Neutral,0.4538,100,1,126.05,0.56,Silver,0.61,2024-07-14
CUST01749,Midwest,Basic,Month-to-Month,In-Store,Smartphone,Chat,Plan Change,18,188.84,3284.4,83.34,6,False,-100,3,Got what I needed but took a while,Neutral,0.3546,100,1,182.47,0.3158,Silver,0.4,2024-07-18
CUST01750,Midwest,Basic,2-Year,Manual-Online,Hotspot,In-Store,Network Outage,67,162.61,9502.24,101.0,9,True,22,5,Problem resolved quickly,Positive,0.7688,33.6,0,141.82,0.1324,Platinum,0.8635,2023-12-17
CUST01751,West,Basic,Month-to-Month,In-Store,Home Internet,App,No Issue,52,59.93,2731.37,110.67,1,False,-93,4,Outstanding customer care,Positive,0.8074,70.6,1,52.53,0.0189,Gold,0.5123,2023-10-10
CUST01752,Southeast,Basic,1-Year,Auto-Pay,Tablet,Phone,Device Problem,82,233.23,17178.99,7.29,14,True,66,4,Excellent support experience,Positive,0.8148,64.8,0,209.5,0.1687,Platinum,0.8405,2022-11-28
CUST01753,Midwest,Premium,1-Year,In-Store,Home Internet,Phone,No Issue,9,205.95,1614.49,75.44,6,True,25,5,Agent was very helpful,Positive,0.823,27.0,0,179.39,0.6,Bronze,0.8688,2024-09-26
CUST01754,Southwest,Basic,1-Year,Mail,Smartphone,Email,Contract Issue,39,106.27,4237.17,40.43,12,False,-41,3,Decent support,Neutral,0.324,100,1,108.65,0.3,Gold,0.5032,2022-02-28
CUST01755,Southeast,Standard,1-Year,Manual-Online,Smartphone,Phone,Contract Issue,67,185.07,11485.15,70.5,10,True,-1,5,Very professional support team,Positive,0.8104,40.2,0,171.42,0.1471,Platinum,0.8233,2023-09-28
CUST01756,Southeast,Standard,2-Year,In-Store,Home Internet,Chat,Speed Issue,20,39.77,688.7,27.21,5,False,-77,2,Poor network reliability,Negative,0.2754,100,1,34.44,0.2381,Silver,0.3403,2023-03-02
CUST01757,West,Enterprise,2-Year,Mail,Hotspot,Phone,No Issue,57,234.47,13362.04,65.87,4,False,38,3,Average experience,Neutral,0.4588,80.4,1,234.42,0.069,Gold,0.6415,2024-02-15
CUST01758,Northeast,Standard,Month-to-Month,Auto-Pay,Business Line,In-Store,Device Problem,72,79.82,5193.76,116.42,0,False,-54,5,Problem resolved quickly,Positive,0.9296,30.8,0,72.14,0.0,Platinum,0.6805,2023-06-29
CUST01759,Midwest,Premium,1-Year,Manual-Online,Hotspot,In-Store,Network Outage,25,239.88,5252.25,96.7,14,False,64,1,Terrible wait times,Negative,0.0639,100,1,210.09,0.5385,Silver,0.487,2024-12-22
CUST01760,Midwest,Enterprise,Month-to-Month,Auto-Pay,Tablet,In-Store,Network Outage,82,177.21,12719.36,66.54,14,True,-21,2,Very disappointed with service,Negative,0.229,100,1,155.11,0.1687,Platinum,0.4882,2022-11-09
CUST01761,Midwest,Premium,1-Year,In-Store,Home Internet,App,Plan Change,29,245.83,7194.32,107.19,14,True,-25,1,Problem kept recurring,Negative,0.2913,100,1,248.08,0.4667,Silver,0.3812,2022-05-22
CUST01762,Midwest,Enterprise,2-Year,In-Store,Home Internet,In-Store,Network Outage,68,116.0,7946.01,104.98,12,True,-24,3,Decent support,Neutral,0.5238,100,1,116.85,0.1739,Platinum,0.583,2024-06-02
CUST01763,West,Standard,Month-to-Month,Manual-Online,Tablet,App,No Issue,10,242.26,2138.2,65.78,10,True,36,4,Seamless experience overall,Positive,0.6116,62.8,0,213.82,0.9091,Bronze,0.788,2024-05-16
CUST01764,Southeast,Standard,2-Year,In-Store,Hotspot,App,No Issue,76,179.04,12325.39,20.0,8,True,24,4,Very happy with service,Positive,0.8545,61.2,0,162.18,0.1039,Platinum,0.767,2023-10-24
CUST01765,Southeast,Basic,Month-to-Month,Manual-Online,Smartphone,Phone,No Issue,32,156.69,4290.99,14.96,15,True,94,4,Agent was very helpful,Positive,0.8177,61.2,0,134.09,0.4545,Silver,0.8895,2023-05-23
CUST01766,Midwest,Enterprise,2-Year,Auto-Pay,Hotspot,App,No Issue,10,38.39,378.04,113.65,11,True,-48,4,Problem resolved quickly,Positive,0.7304,81.6,1,37.8,1.0,Bronze,0.641,2024-07-27
CUST01767,Northeast,Standard,2-Year,Mail,Home Internet,Phone,Plan Change,59,45.58,2457.29,46.34,13,True,18,5,Outstanding customer care,Positive,0.7414,42.4,0,41.65,0.2167,Gold,0.8565,2024-10-10
CUST01768,Midwest,Premium,2-Year,In-Store,Hotspot,Chat,Speed Issue,42,227.23,8570.19,75.87,4,True,13,1,Terrible wait times,Negative,0.2626,100,1,204.05,0.093,Gold,0.4477,2023-08-10
CUST01769,Northeast,Standard,2-Year,In-Store,Tablet,Email,Network Outage,47,61.54,2998.26,113.15,5,True,0,3,Issue eventually resolved,Neutral,0.4831,90.0,1,63.79,0.1042,Gold,0.625,2023-01-14
CUST01770,Northeast,Premium,1-Year,Mail,Hotspot,Email,Speed Issue,20,43.2,769.74,94.95,4,False,61,4,Very professional support team,Positive,0.9527,45.8,0,38.49,0.1905,Silver,0.7817,2024-08-06
CUST01771,Southeast,Basic,2-Year,Manual-Online,Hotspot,Chat,Network Outage,47,180.29,7612.66,87.1,2,True,88,3,Decent support,Neutral,0.3029,66.4,1,161.97,0.0417,Gold,0.779,2022-12-21
CUST01772,Southwest,Standard,1-Year,Manual-Online,Hotspot,Chat,Plan Change,33,49.85,1660.58,11.54,1,True,83,2,Will consider switching providers,Negative,0.0951,95.4,1,50.32,0.0294,Silver,0.6703,2022-05-06
CUST01773,Northeast,Premium,1-Year,In-Store,Smartphone,Phone,No Issue,84,82.06,6071.2,37.0,0,True,41,5,Excellent support experience,Positive,0.9819,11.8,0,72.28,0.0,Platinum,0.8967,2022-08-22
CUST01774,Southeast,Premium,2-Year,Manual-Online,Hotspot,App,Contract Issue,47,134.05,5609.99,72.5,13,True,18,4,Excellent support experience,Positive,0.6743,72.4,1,119.36,0.2708,Gold,0.7565,2023-05-05
CUST01775,Midwest,Standard,Month-to-Month,Auto-Pay,Tablet,Chat,No Issue,22,166.22,3754.0,85.22,2,True,-90,1,Billing overcharge not fixed,Negative,0.1681,100,1,170.64,0.087,Silver,0.2675,2022-11-30
CUST01776,Southwest,Basic,2-Year,Auto-Pay,Business Line,In-Store,Contract Issue,53,96.43,4712.62,23.4,3,True,31,2,Agent was unhelpful,Negative,0.0577,100,1,88.92,0.0556,Gold,0.5793,2024-03-14
CUST01777,Southwest,Standard,Month-to-Month,Mail,Tablet,Phone,No Issue,56,223.81,12222.62,59.2,9,True,23,1,Agent was unhelpful,Negative,0.2072,100,1,218.26,0.1579,Gold,0.4652,2022-07-08
CUST01778,Southwest,Basic,2-Year,Mail,Hotspot,Chat,Speed Issue,4,54.63,217.3,94.02,0,True,-31,3,Got what I needed but took a while,Neutral,0.3083,86.2,1,54.33,0.0,Bronze,0.5707,2024-10-06
CUST01779,Northeast,Premium,2-Year,Mail,Home Internet,Email,Billing Dispute,64,129.82,8310.36,19.27,14,True,-43,1,Agent was unhelpful,Negative,0.0353,100,1,129.85,0.2154,Platinum,0.3498,2022-02-23
CUST01780,Southeast,Enterprise,2-Year,Auto-Pay,Smartphone,Chat,Speed Issue,57,244.83,14572.26,114.54,12,True,-85,4,Seamless experience overall,Positive,0.6091,91.0,1,255.65,0.2069,Gold,0.5763,2023-12-09
CUST01781,Southwest,Premium,1-Year,Mail,Home Internet,App,Network Outage,18,247.09,4000.92,83.11,1,True,26,1,Terrible wait times,Negative,0.1569,100,1,222.27,0.0526,Silver,0.4705,2022-01-19
CUST01782,Northeast,Enterprise,Month-to-Month,In-Store,Smartphone,App,Device Problem,26,84.91,1971.97,26.64,0,False,-14,5,Seamless experience overall,Positive,0.7173,22.8,0,75.84,0.0,Silver,0.7505,2024-12-13
CUST01783,Southwest,Standard,2-Year,Manual-Online,Tablet,In-Store,Speed Issue,77,191.08,14980.14,59.65,4,True,38,2,No accountability at all,Negative,0.2837,100,1,194.55,0.0513,Platinum,0.5915,2023-07-16
CUST01784,Midwest,Premium,Month-to-Month,Manual-Online,Business Line,Chat,Plan Change,54,201.97,11372.86,110.4,5,True,9,4,Great network coverage,Positive,0.8243,58.2,0,210.61,0.0909,Gold,0.7408,2023-02-27
CUST01785,Southwest,Enterprise,Month-to-Month,Mail,Business Line,Phone,Network Outage,31,147.01,3903.37,83.69,13,True,12,3,Got what I needed but took a while,Neutral,0.4263,100,1,125.92,0.4062,Silver,0.646,2023-07-15
CUST01786,Southwest,Enterprise,2-Year,Mail,Hotspot,Chat,Device Problem,30,138.03,3592.92,5.59,7,True,17,3,Average experience,Neutral,0.4725,90.6,1,119.76,0.2258,Silver,0.6547,2024-09-11
CUST01787,West,Basic,Month-to-Month,In-Store,Hotspot,App,Speed Issue,1,142.82,124.56,93.37,8,True,-6,4,Excellent support experience,Positive,0.8827,67.2,0,124.56,4.0,Bronze,0.7145,2023-03-15
CUST01788,West,Basic,Month-to-Month,Mail,Business Line,In-Store,Billing Dispute,14,97.51,1410.85,103.31,12,True,-78,5,Very professional support team,Positive,0.6666,59.6,0,100.77,0.8,Silver,0.6885,2022-02-15
CUST01789,Midwest,Premium,1-Year,In-Store,Home Internet,Email,Speed Issue,23,193.12,4220.36,30.37,8,True,27,4,Excellent support experience,Positive,0.9955,60.6,0,183.49,0.3333,Silver,0.7722,2022-02-25
CUST01790,Southeast,Premium,2-Year,In-Store,Hotspot,Email,Speed Issue,73,107.91,7342.19,51.45,0,True,-99,1,Worst customer service experience,Negative,0.1931,100,1,100.58,0.0,Platinum,0.2517,2022-10-09
CUST01791,Southeast,Enterprise,Month-to-Month,Manual-Online,Business Line,In-Store,No Issue,76,133.74,9182.49,15.96,3,False,90,2,No accountability at all,Negative,0.0695,98.0,1,120.82,0.039,Platinum,0.6325,2024-01-23
CUST01792,Northeast,Premium,2-Year,Mail,Smartphone,App,Network Outage,34,36.45,1230.91,69.26,13,True,-92,5,Excellent support experience,Positive,0.6279,64.4,0,36.2,0.3714,Silver,0.664,2024-04-23
CUST01793,Midwest,Basic,Month-to-Month,In-Store,Business Line,Email,Plan Change,35,71.53,2501.3,57.39,14,True,-97,4,Seamless experience overall,Positive,0.9712,97.4,1,71.47,0.3889,Silver,0.5553,2023-11-09
CUST01794,Southwest,Premium,2-Year,Auto-Pay,Hotspot,Phone,Plan Change,46,86.11,3852.57,47.08,10,True,-65,1,Problem kept recurring,Negative,0.2528,100,1,83.75,0.2128,Gold,0.3112,2023-12-26
CUST01795,West,Standard,1-Year,In-Store,Tablet,App,Billing Dispute,2,54.68,114.1,89.36,2,False,-48,3,Waited longer than expected,Neutral,0.4987,93.6,1,57.05,0.6667,Bronze,0.491,2023-08-06
CUST01796,Midwest,Standard,Month-to-Month,In-Store,Smartphone,In-Store,Contract Issue,28,151.17,4294.82,51.28,15,True,75,1,Problem kept recurring,Negative,0.0038,100,1,153.39,0.5172,Silver,0.5562,2022-07-31
CUST01797,Southeast,Premium,2-Year,In-Store,Home Internet,In-Store,Billing Dispute,31,39.0,1093.08,119.89,9,True,-77,3,Expected better response time,Neutral,0.394,100,1,35.26,0.2812,Silver,0.4903,2023-12-20
CUST01798,Southeast,Standard,2-Year,Manual-Online,Home Internet,Phone,Contract Issue,69,208.12,14253.85,103.27,15,True,68,2,Poor network reliability,Negative,0.1244,100,1,206.58,0.2143,Platinum,0.644,2023-10-30
CUST01799,West,Premium,2-Year,Mail,Home Internet,Chat,No Issue,11,105.15,1112.78,106.14,2,False,-91,5,Very professional support team,Positive,0.711,42.2,0,101.16,0.1667,Bronze,0.6158,2022-01-05
CUST01800,West,Basic,Month-to-Month,Mail,Smartphone,Chat,Speed Issue,52,86.7,4176.42,78.31,3,True,-85,5,Seamless experience overall,Positive,0.7453,43.0,0,80.32,0.0566,Gold,0.6763,2023-09-14
CUST01801,Southeast,Premium,1-Year,Manual-Online,Business Line,App,No Issue,84,198.38,17397.36,22.98,15,False,-26,5,Seamless experience overall,Positive,0.7834,55.2,0,207.11,0.1765,Platinum,0.7295,2022-04-26
CUST01802,West,Basic,2-Year,Manual-Online,Hotspot,Phone,Network Outage,43,234.9,8902.4,90.36,0,True,93,2,Will consider switching providers,Negative,0.2915,91.4,1,207.03,0.0,Gold,0.6877,2022-05-04
CUST01803,Southwest,Enterprise,2-Year,Mail,Home Internet,Chat,Network Outage,70,124.67,9007.15,101.39,6,True,17,1,Worst customer service experience,Negative,0.2274,100,1,128.67,0.0845,Platinum,0.4547,2024-12-20
CUST01804,Southeast,Basic,2-Year,Auto-Pay,Smartphone,Phone,Contract Issue,61,32.11,1961.46,71.65,0,False,-89,2,Very disappointed with service,Negative,0.1583,100,1,32.16,0.0,Platinum,0.3193,2024-11-14
CUST01805,West,Enterprise,2-Year,Manual-Online,Tablet,Chat,Device Problem,5,155.53,799.32,62.27,8,True,52,2,Worst customer service experience,Negative,0.1475,100,1,159.86,1.3333,Bronze,0.616,2023-09-16
CUST01806,Southwest,Enterprise,1-Year,Manual-Online,Business Line,In-Store,Speed Issue,8,217.52,1757.02,81.11,8,True,1,3,Got what I needed but took a while,Neutral,0.4413,95.8,1,219.63,0.8889,Bronze,0.6268,2024-01-09
CUST01807,Midwest,Basic,2-Year,Manual-Online,Business Line,Chat,Device Problem,76,89.71,6445.19,42.65,1,True,-22,3,Average experience,Neutral,0.3183,86.4,1,84.81,0.013,Platinum,0.5865,2024-06-14
CUST01808,Southeast,Enterprise,2-Year,Manual-Online,Smartphone,Phone,Network Outage,50,175.92,9066.97,42.09,11,False,-43,2,Very disappointed with service,Negative,0.2997,100,1,181.34,0.2157,Gold,0.3997,2024-08-03
CUST01809,Midwest,Basic,2-Year,Mail,Tablet,Email,Billing Dispute,56,143.28,7055.44,18.67,14,False,90,4,Highly satisfied with resolution,Positive,0.6489,60.0,0,125.99,0.2456,Gold,0.8325,2023-12-03
CUST01810,Southwest,Standard,1-Year,Auto-Pay,Smartphone,Email,No Issue,27,117.87,3293.34,49.58,6,True,-66,4,Problem resolved quickly,Positive,0.9972,75.2,1,121.98,0.2143,Silver,0.6095,2022-09-23
CUST01811,Southeast,Premium,2-Year,Mail,Tablet,App,Network Outage,60,60.75,3671.63,102.73,7,False,72,2,Will consider switching providers,Negative,0.0624,100,1,61.19,0.1148,Platinum,0.601,2022-03-14
CUST01812,Southeast,Standard,2-Year,Mail,Smartphone,Chat,Plan Change,75,98.67,7259.62,30.87,1,True,90,4,Very happy with service,Positive,0.7068,34.0,0,96.79,0.0132,Platinum,0.8825,2023-01-27
CUST01813,Southeast,Standard,2-Year,Auto-Pay,Business Line,App,Network Outage,69,91.79,5888.42,92.16,2,True,-8,4,Great network coverage,Positive,0.8504,55.6,0,85.34,0.0286,Platinum,0.711,2022-01-26
CUST01814,Midwest,Enterprise,Month-to-Month,Mail,Smartphone,App,Plan Change,83,167.78,13933.37,82.76,3,False,7,5,Agent went above and beyond,Positive,0.8161,24.6,0,167.87,0.0357,Platinum,0.7873,2024-03-01
CUST01815,Midwest,Premium,2-Year,In-Store,Hotspot,Email,Contract Issue,19,51.08,919.95,83.91,7,False,58,2,Very disappointed with service,Negative,0.097,100,1,48.42,0.35,Silver,0.5765,2022-10-25
CUST01816,West,Standard,2-Year,Mail,Business Line,App,Speed Issue,79,74.91,5889.28,16.8,6,True,-44,5,Seamless experience overall,Positive,0.8454,40.8,0,74.55,0.075,Platinum,0.748,2024-08-17
CUST01817,Southwest,Standard,2-Year,Manual-Online,Smartphone,Email,Billing Dispute,31,66.29,1990.82,45.52,13,True,-8,1,Very disappointed with service,Negative,0.0383,100,1,64.22,0.4062,Silver,0.411,2022-01-24
CUST01818,West,Enterprise,1-Year,Mail,Smartphone,In-Store,Contract Issue,59,79.08,4243.63,50.69,2,True,45,5,Great network coverage,Positive,0.7714,15.0,0,71.93,0.0333,Gold,0.9038,2022-10-19
CUST01819,Southwest,Premium,2-Year,Auto-Pay,Smartphone,Phone,Plan Change,43,70.73,2674.38,56.89,5,True,-74,3,Got what I needed but took a while,Neutral,0.3726,100,1,62.19,0.1136,Gold,0.4955,2024-06-23
CUST01820,Midwest,Standard,2-Year,Mail,Tablet,App,Plan Change,33,165.31,5637.38,35.39,6,True,-18,3,Got what I needed but took a while,Neutral,0.5336,95.6,1,170.83,0.1765,Silver,0.5935,2024-01-24
CUST01821,Southeast,Basic,1-Year,Auto-Pay,Business Line,In-Store,Network Outage,5,41.78,208.41,11.83,4,False,-48,4,Problem resolved quickly,Positive,0.8732,67.6,1,41.68,0.6667,Bronze,0.591,2022-12-10
CUST01822,Midwest,Enterprise,2-Year,Mail,Tablet,Phone,Network Outage,27,92.71,2380.51,32.88,6,True,9,4,Very happy with service,Positive,0.9188,60.2,0,88.17,0.2143,Silver,0.7408,2022-09-11
CUST01823,Northeast,Basic,1-Year,Mail,Home Internet,Chat,Contract Issue,57,75.72,4410.01,19.36,9,True,93,4,Great network coverage,Positive,0.9546,49.4,0,77.37,0.1552,Gold,0.8878,2023-02-09
CUST01824,West,Premium,2-Year,In-Store,Hotspot,Chat,Device Problem,56,204.88,11557.93,74.35,0,True,26,1,Billing overcharge not fixed,Negative,0.2746,100,1,206.39,0.0,Gold,0.4705,2024-01-20
CUST01825,Southwest,Basic,Month-to-Month,In-Store,Hotspot,In-Store,No Issue,32,187.46,5600.97,115.4,9,True,26,2,Agent was unhelpful,Negative,0.1619,100,1,175.03,0.2727,Silver,0.5705,2022-04-27
CUST01826,Midwest,Standard,2-Year,Auto-Pay,Hotspot,In-Store,Device Problem,45,232.04,9059.05,23.77,9,False,13,1,No accountability at all,Negative,0.1507,100,1,201.31,0.1957,Gold,0.3977,2024-06-30
CUST01827,Midwest,Standard,1-Year,In-Store,Smartphone,App,No Issue,52,141.77,7178.85,60.9,12,True,91,3,Expected better response time,Neutral,0.3135,85.8,1,138.05,0.2264,Gold,0.7843,2024-03-09
CUST01828,Midwest,Enterprise,2-Year,Manual-Online,Hotspot,Phone,Speed Issue,30,108.82,3119.91,71.79,5,True,-53,1,Worst customer service experience,Negative,0.0097,100,1,104.0,0.1613,Silver,0.3322,2023-04-27
CUST01829,Southwest,Enterprise,Month-to-Month,Auto-Pay,Business Line,App,Billing Dispute,27,102.62,2527.1,75.01,12,False,-100,3,Service was okay,Neutral,0.3636,100,1,93.6,0.4286,Silver,0.4,2024-04-04
CUST01830,Midwest,Enterprise,1-Year,Mail,Home Internet,App,Billing Dispute,11,123.72,1207.48,14.78,10,True,93,2,Worst customer service experience,Negative,0.2096,100,1,109.77,0.8333,Bronze,0.6877,2023-12-21
CUST01831,Southwest,Enterprise,2-Year,Auto-Pay,Business Line,Chat,Billing Dispute,39,56.97,2120.13,27.37,6,True,-67,5,Agent went above and beyond,Positive,0.8859,45.4,0,54.36,0.15,Gold,0.7077,2024-04-01
CUST01832,Northeast,Basic,Month-to-Month,In-Store,Hotspot,Chat,No Issue,4,66.81,245.26,102.7,6,True,-73,1,Billing overcharge not fixed,Negative,0.2432,100,1,61.31,1.2,Bronze,0.2973,2024-08-11
CUST01833,Northeast,Basic,1-Year,Auto-Pay,Home Internet,Chat,Plan Change,38,163.66,6244.86,14.8,12,True,-91,3,Waited longer than expected,Neutral,0.3285,100,1,164.34,0.3077,Gold,0.4657,2023-04-01
CUST01834,Southwest,Enterprise,2-Year,Mail,Smartphone,App,Device Problem,64,46.89,2555.49,2.36,9,True,52,2,No accountability at all,Negative,0.2722,100,1,39.93,0.1385,Platinum,0.616,2024-01-19
CUST01835,Northeast,Enterprise,2-Year,Auto-Pay,Business Line,In-Store,Billing Dispute,20,241.81,4323.57,97.72,2,True,-29,5,Highly satisfied with resolution,Positive,0.6653,29.8,0,216.18,0.0952,Silver,0.7742,2022-10-04
CUST01836,Northeast,Premium,Month-to-Month,Auto-Pay,Tablet,In-Store,No Issue,10,235.83,2226.79,44.22,11,False,-61,4,Very happy with service,Positive,0.7555,84.2,1,222.68,1.0,Bronze,0.5683,2022-08-06
CUST01837,Northeast,Standard,1-Year,Manual-Online,Smartphone,Phone,Billing Dispute,50,160.21,8138.94,113.24,13,True,25,1,Issue still not resolved,Negative,0.1663,100,1,162.78,0.2549,Gold,0.4688,2022-04-09
CUST01838,Northeast,Basic,Month-to-Month,Manual-Online,Tablet,App,No Issue,78,233.75,16211.12,22.67,11,False,48,2,Poor network reliability,Negative,0.0663,100,1,207.83,0.1392,Platinum,0.559,2023-08-06
CUST01839,Midwest,Enterprise,2-Year,Auto-Pay,Smartphone,App,Contract Issue,50,169.31,8161.96,49.14,1,True,-9,1,Issue still not resolved,Negative,0.0195,100,1,163.24,0.0196,Gold,0.4093,2022-04-11
CUST01840,Southeast,Enterprise,Month-to-Month,Auto-Pay,Home Internet,Email,No Issue,14,237.1,3412.31,92.47,8,True,91,4,Very happy with service,Positive,0.9506,47.8,0,243.74,0.5333,Silver,0.8842,2022-06-04
CUST01841,Southwest,Enterprise,Month-to-Month,In-Store,Smartphone,App,No Issue,31,90.09,2688.86,32.37,11,True,3,1,Terrible wait times,Negative,0.2486,100,1,86.74,0.3438,Silver,0.4303,2024-10-24
CUST01842,Northeast,Enterprise,Month-to-Month,Mail,Hotspot,Email,Device Problem,56,160.7,8046.07,74.57,11,True,24,3,Decent support,Neutral,0.3235,97.2,1,143.68,0.193,Gold,0.667,2022-10-21
CUST01843,Southwest,Basic,1-Year,In-Store,Home Internet,In-Store,Device Problem,23,99.55,2033.45,91.57,9,False,3,4,Very professional support team,Positive,0.9226,67.4,1,88.41,0.375,Silver,0.6803,2023-02-04
CUST01844,Northeast,Basic,1-Year,In-Store,Home Internet,Phone,Plan Change,81,118.18,9035.39,35.93,12,True,49,1,Worst customer service experience,Negative,0.0388,100,1,111.55,0.1463,Platinum,0.5108,2024-07-02
CUST01845,West,Basic,Month-to-Month,Mail,Home Internet,Phone,No Issue,70,117.77,7020.3,23.57,4,True,2,5,Very professional support team,Positive,0.967,27.6,0,100.29,0.0563,Platinum,0.8285,2024-04-25
CUST01846,West,Basic,Month-to-Month,Mail,Hotspot,In-Store,Network Outage,64,194.11,12600.74,36.15,5,True,-7,4,Agent was very helpful,Positive,0.6825,61.4,0,196.89,0.0769,Platinum,0.7127,2022-10-30
CUST01847,Midwest,Standard,1-Year,Manual-Online,Tablet,Email,Network Outage,44,212.11,8661.4,5.03,10,True,53,4,Excellent support experience,Positive,0.781,59.4,0,196.85,0.2222,Gold,0.8177,2022-08-10
CUST01848,Midwest,Basic,1-Year,Manual-Online,Smartphone,Email,Contract Issue,30,102.69,3091.51,23.42,3,True,-5,4,Very happy with service,Positive,0.7318,57.0,0,103.05,0.0968,Silver,0.7163,2023-04-16
CUST01849,Midwest,Standard,Month-to-Month,Manual-Online,Tablet,Chat,Billing Dispute,78,48.73,3342.46,105.5,8,True,90,2,Billing overcharge not fixed,Negative,0.2726,100,1,42.85,0.1013,Platinum,0.6825,2022-06-03
CUST01850,Midwest,Basic,2-Year,Mail,Business Line,Phone,Speed Issue,26,179.79,4567.19,105.24,15,True,76,3,Average experience,Neutral,0.329,94.8,1,175.66,0.5556,Silver,0.758,2022-08-24
CUST01851,West,Standard,Month-to-Month,Auto-Pay,Tablet,In-Store,Plan Change,73,220.4,16575.74,62.53,3,True,-90,5,Agent went above and beyond,Positive,0.6602,44.0,0,227.06,0.0405,Platinum,0.6675,2023-09-29
CUST01852,Southeast,Enterprise,1-Year,Mail,Business Line,App,No Issue,56,208.36,11503.13,44.03,15,False,-28,3,Got what I needed but took a while,Neutral,0.364,100,1,205.41,0.2632,Gold,0.526,2023-09-08
CUST01853,Southwest,Standard,Month-to-Month,Mail,Tablet,Email,Speed Issue,38,194.52,6472.61,39.31,10,True,-83,4,Great network coverage,Positive,0.9029,86.6,1,170.33,0.2564,Gold,0.5797,2022-02-21
CUST01854,Midwest,Basic,Month-to-Month,In-Store,Hotspot,Email,Network Outage,71,191.96,12093.67,115.5,5,True,-33,4,Agent went above and beyond,Positive,0.7519,66.6,1,170.33,0.0694,Platinum,0.6673,2024-02-15
CUST01855,Northeast,Standard,2-Year,Mail,Hotspot,Email,Contract Issue,65,128.27,8292.46,16.4,15,True,-47,1,Agent was unhelpful,Negative,0.215,100,1,127.58,0.2273,Platinum,0.3427,2024-03-09
CUST01856,Southwest,Premium,2-Year,Manual-Online,Smartphone,Email,No Issue,18,117.14,1832.42,78.93,15,True,82,1,Billing overcharge not fixed,Negative,0.066,100,1,101.8,0.7895,Silver,0.5685,2022-09-07
CUST01857,Northeast,Enterprise,Month-to-Month,In-Store,Hotspot,Email,Network Outage,76,203.45,14990.61,111.83,11,False,-21,3,Expected better response time,Neutral,0.3207,100,1,197.24,0.1429,Platinum,0.5383,2024-09-07
CUST01858,Northeast,Basic,2-Year,In-Store,Tablet,Phone,No Issue,32,225.17,7256.59,112.01,5,False,57,4,Very happy with service,Positive,0.6369,48.6,0,226.77,0.1515,Silver,0.7748,2022-04-04
CUST01859,Southeast,Premium,Month-to-Month,In-Store,Hotspot,App,Plan Change,64,110.14,6994.6,84.42,13,True,87,5,Great network coverage,Positive,0.8026,28.6,0,109.29,0.2,Platinum,0.9772,2024-09-02
CUST01860,Southwest,Enterprise,Month-to-Month,Manual-Online,Smartphone,Email,Plan Change,76,63.75,4706.44,26.86,13,True,31,2,Billing overcharge not fixed,Negative,0.175,100,1,61.93,0.1688,Platinum,0.5793,2022-04-03
CUST01861,Southeast,Standard,Month-to-Month,Manual-Online,Tablet,Phone,Network Outage,78,100.72,7552.52,111.6,14,True,-26,4,Excellent support experience,Positive,0.9922,83.2,1,96.83,0.1772,Platinum,0.6795,2024-12-11
CUST01862,Southeast,Enterprise,2-Year,Mail,Hotspot,In-Store,Device Problem,64,86.27,5199.99,27.32,12,False,95,3,Service was okay,Neutral,0.5017,85.0,1,81.25,0.1846,Platinum,0.7412,2024-07-09
CUST01863,West,Standard,Month-to-Month,Manual-Online,Smartphone,Phone,No Issue,83,148.52,10776.21,99.65,6,False,37,2,Billing overcharge not fixed,Negative,0.2288,100,1,129.83,0.0714,Platinum,0.5397,2022-10-01
CUST01864,West,Premium,2-Year,Manual-Online,Business Line,Phone,Network Outage,2,229.38,456.18,43.86,13,True,69,1,Worst customer service experience,Negative,0.198,100,1,228.09,4.3333,Bronze,0.5457,2024-03-24
CUST01865,Northeast,Premium,2-Year,In-Store,Tablet,Chat,Network Outage,26,85.51,2296.25,25.46,10,True,48,5,Excellent support experience,Positive,0.645,30.4,0,88.32,0.3704,Silver,0.909,2024-12-02
CUST01866,Midwest,Enterprise,1-Year,Auto-Pay,Tablet,Email,Network Outage,16,36.39,540.18,28.97,2,False,93,1,Agent was unhelpful,Negative,0.2368,100,1,33.76,0.1176,Silver,0.5377,2023-06-01
CUST01867,Southwest,Basic,Month-to-Month,Mail,Hotspot,App,Speed Issue,47,192.37,9168.45,96.97,11,True,-58,1,Problem kept recurring,Negative,0.1721,100,1,195.07,0.2292,Gold,0.3235,2023-02-09
CUST01868,Northeast,Standard,1-Year,Manual-Online,Home Internet,Email,Plan Change,64,68.99,4106.06,51.89,15,False,24,3,Nothing exceptional,Neutral,0.5365,100,1,64.16,0.2308,Platinum,0.617,2024-05-20
CUST01869,Northeast,Standard,1-Year,Auto-Pay,Home Internet,Email,Plan Change,10,158.65,1418.35,97.87,0,True,-55,4,Seamless experience overall,Positive,0.942,61.0,0,141.83,0.0,Bronze,0.6288,2023-01-29
CUST01870,Southeast,Basic,2-Year,Mail,Home Internet,Chat,Speed Issue,4,37.28,128.99,27.65,3,True,-22,5,Very happy with service,Positive,0.7231,30.4,0,32.25,0.6,Bronze,0.7865,2023-01-11
CUST01871,Southeast,Enterprise,1-Year,Mail,Business Line,Phone,No Issue,10,87.53,846.42,2.52,0,False,-76,4,Outstanding customer care,Positive,0.9302,65.2,1,84.64,0.0,Bronze,0.542,2022-02-07
CUST01872,Midwest,Basic,1-Year,Mail,Tablet,App,Contract Issue,4,113.9,443.13,69.1,14,True,-1,4,Very happy with service,Positive,0.8336,78.2,0,110.78,2.8,Bronze,0.7233,2024-03-18
CUST01873,Northeast,Basic,Month-to-Month,Manual-Online,Home Internet,Phone,Device Problem,40,79.21,2803.05,44.3,12,False,-60,3,Waited longer than expected,Neutral,0.5953,100,1,70.08,0.2927,Gold,0.47,2022-08-01
CUST01874,Midwest,Premium,2-Year,Mail,Business Line,Phone,Network Outage,63,132.71,7304.85,82.07,9,True,19,4,Problem resolved quickly,Positive,0.8501,64.2,0,115.95,0.1406,Platinum,0.7583,2023-01-10
CUST01875,West,Basic,2-Year,Mail,Business Line,Email,Device Problem,66,151.39,9564.17,77.26,13,True,-92,5,Highly satisfied with resolution,Positive,0.8694,64.4,0,144.91,0.194,Platinum,0.664,2024-08-29
CUST01876,Southeast,Premium,2-Year,Mail,Home Internet,App,Speed Issue,28,238.75,6906.68,119.15,13,True,-31,4,Agent went above and beyond,Positive,0.6803,82.2,1,246.67,0.4483,Silver,0.6707,2024-09-30
CUST01877,West,Enterprise,2-Year,Mail,Hotspot,App,Device Problem,34,191.77,6217.96,79.04,12,False,58,3,Decent support,Neutral,0.5917,92.4,1,182.88,0.3429,Silver,0.6765,2022-06-10
CUST01878,Midwest,Premium,2-Year,Manual-Online,Hotspot,In-Store,Speed Issue,41,172.5,7025.68,16.44,0,True,-39,4,Seamless experience overall,Positive,0.6679,57.8,0,171.36,0.0,Gold,0.6568,2022-01-12
CUST01879,Southwest,Premium,2-Year,Mail,Hotspot,Phone,Contract Issue,80,86.9,7129.32,29.21,11,True,41,1,Problem kept recurring,Negative,0.1575,100,1,89.12,0.1358,Platinum,0.4967,2024-02-07
CUST01880,Southeast,Standard,Month-to-Month,In-Store,Home Internet,App,Network Outage,24,188.75,3960.0,49.44,12,True,89,5,Very happy with service,Positive,0.8787,26.2,0,165.0,0.48,Silver,0.9808,2023-07-21
CUST01881,Northeast,Enterprise,Month-to-Month,Mail,Tablet,Chat,No Issue,36,49.21,1506.29,105.71,6,True,80,3,Nothing exceptional,Neutral,0.331,76.0,1,41.84,0.1622,Gold,0.765,2022-10-17
CUST01882,West,Premium,2-Year,Manual-Online,Business Line,In-Store,Contract Issue,75,125.0,8347.67,35.67,12,False,-29,4,Agent went above and beyond,Positive,0.9455,79.8,0,111.3,0.1579,Platinum,0.6242,2022-03-18
CUST01883,Southeast,Standard,Month-to-Month,Mail,Tablet,App,Plan Change,61,88.17,4932.69,18.45,1,True,-83,1,Very disappointed with service,Negative,0.0537,100,1,80.86,0.0161,Platinum,0.2797,2024-09-28
CUST01884,West,Basic,1-Year,Auto-Pay,Business Line,Email,Billing Dispute,51,95.78,4657.88,71.44,14,False,44,4,Problem resolved quickly,Positive,0.9983,69.2,0,91.33,0.2692,Gold,0.752,2022-02-14
CUST01885,West,Basic,1-Year,In-Store,Tablet,Email,Device Problem,84,111.66,9296.55,57.29,6,True,-95,3,Average experience,Neutral,0.423,100,1,110.67,0.0706,Platinum,0.4587,2023-01-16
CUST01886,West,Basic,2-Year,Mail,Business Line,In-Store,Speed Issue,56,196.36,9479.71,11.14,3,True,53,2,Worst customer service experience,Negative,0.2767,100,1,169.28,0.0526,Gold,0.6178,2023-03-24
CUST01887,Southwest,Basic,Month-to-Month,Manual-Online,Home Internet,In-Store,Speed Issue,47,161.6,7349.49,115.88,3,True,-37,4,Agent went above and beyond,Positive,0.9741,63.4,0,156.37,0.0625,Gold,0.6603,2024-07-02
CUST01888,Northeast,Premium,2-Year,Auto-Pay,Home Internet,App,Billing Dispute,6,168.14,1009.61,101.56,11,True,-93,4,Seamless experience overall,Positive,0.6143,90.6,1,168.27,1.5714,Bronze,0.5623,2024-07-20
CUST01889,Southwest,Standard,2-Year,In-Store,Home Internet,App,Contract Issue,35,142.69,4441.08,2.26,8,True,18,2,Terrible wait times,Negative,0.198,100,1,126.89,0.2222,Silver,0.5565,2022-01-15
CUST01890,Midwest,Premium,2-Year,Manual-Online,Home Internet,Phone,Plan Change,8,165.14,1172.93,104.16,7,False,-35,2,Issue still not resolved,Negative,0.1284,100,1,146.62,0.7778,Bronze,0.4138,2024-11-29
CUST01891,Midwest,Premium,1-Year,In-Store,Smartphone,App,Plan Change,74,228.21,17720.15,70.93,0,True,-53,1,Terrible wait times,Negative,0.1307,100,1,239.46,0.0,Platinum,0.3322,2023-12-02
CUST01892,Southeast,Enterprise,2-Year,Auto-Pay,Smartphone,Email,Network Outage,27,213.34,5643.79,107.97,12,False,-50,2,Will consider switching providers,Negative,0.2468,100,1,209.03,0.4286,Silver,0.3875,2022-12-05
CUST01893,Southeast,Premium,1-Year,In-Store,Hotspot,Chat,Network Outage,4,126.83,496.43,14.96,11,True,-85,2,Agent was unhelpful,Negative,0.2773,100,1,124.11,2.2,Bronze,0.3762,2022-02-22
CUST01894,Northeast,Standard,2-Year,In-Store,Tablet,Chat,Plan Change,42,30.95,1180.88,24.86,4,True,94,4,Great network coverage,Positive,0.6505,39.2,0,28.12,0.093,Gold,0.8895,2022-04-24
CUST01895,Midwest,Basic,2-Year,Auto-Pay,Business Line,Phone,Billing Dispute,45,95.4,3896.23,54.35,11,False,93,4,Very professional support team,Positive,0.7788,53.4,0,86.58,0.2391,Gold,0.8377,2023-02-23
CUST01896,Southwest,Standard,1-Year,In-Store,Hotspot,Phone,Plan Change,14,112.43,1364.56,19.66,4,True,95,5,Agent was very helpful,Positive,0.7746,9.0,0,97.47,0.2667,Silver,0.9912,2023-07-17
CUST01897,Southeast,Premium,Month-to-Month,In-Store,Tablet,Email,Speed Issue,83,132.74,10287.63,63.82,2,True,-14,5,Very happy with service,Positive,0.6975,26.8,0,123.95,0.0238,Platinum,0.8005,2024-11-17
CUST01898,Northeast,Enterprise,2-Year,In-Store,Hotspot,Email,Contract Issue,65,129.76,7343.52,96.11,0,True,31,5,Outstanding customer care,Positive,0.8341,13.8,0,112.98,0.0,Platinum,0.8792,2022-08-24
CUST01899,Midwest,Basic,2-Year,Manual-Online,Hotspot,Email,Device Problem,38,39.03,1532.81,4.18,13,True,-12,3,Expected better response time,Neutral,0.4105,100,1,40.34,0.3333,Gold,0.604,2023-11-13
CUST01900,Southwest,Basic,Month-to-Month,Manual-Online,Tablet,In-Store,Device Problem,43,96.0,4142.56,54.79,15,False,-31,3,Average experience,Neutral,0.411,100,1,96.34,0.3409,Gold,0.5208,2022-08-29
CUST01901,Southeast,Standard,2-Year,Mail,Tablet,Email,Contract Issue,76,208.68,14268.38,71.94,1,True,26,1,Terrible wait times,Negative,0.2678,100,1,187.74,0.013,Platinum,0.4705,2023-08-06
CUST01902,Southwest,Premium,2-Year,Mail,Home Internet,Email,Contract Issue,14,125.99,1546.05,81.65,10,False,68,4,Excellent support experience,Positive,0.6616,56.4,0,110.43,0.6667,Silver,0.794,2024-01-16
CUST01903,Southwest,Standard,1-Year,Auto-Pay,Tablet,In-Store,Device Problem,58,87.96,5085.6,3.48,9,True,100,2,Poor network reliability,Negative,0.1472,100,1,87.68,0.1525,Gold,0.7,2024-09-15
CUST01904,West,Premium,Month-to-Month,Auto-Pay,Hotspot,Email,Billing Dispute,81,74.42,5248.26,108.86,1,True,-14,3,Nothing exceptional,Neutral,0.4667,84.8,1,64.79,0.0122,Platinum,0.6005,2023-08-17
CUST01905,Midwest,Premium,2-Year,In-Store,Hotspot,In-Store,No Issue,24,240.8,5402.35,67.43,6,True,-5,4,Agent went above and beyond,Positive,0.7659,63.0,0,225.1,0.24,Silver,0.7163,2022-04-21
CUST01906,Southwest,Premium,Month-to-Month,In-Store,Business Line,Chat,Billing Dispute,65,121.81,7866.25,35.95,2,False,-78,3,Could be improved,Neutral,0.4677,99.6,1,121.02,0.0303,Platinum,0.4385,2022-11-21
CUST01907,Northeast,Enterprise,2-Year,Manual-Online,Tablet,In-Store,Plan Change,50,225.17,11322.53,74.31,7,True,71,4,Very happy with service,Positive,0.8094,49.8,0,226.45,0.1373,Gold,0.8493,2024-11-26
CUST01908,Southwest,Premium,2-Year,Auto-Pay,Smartphone,Chat,Speed Issue,48,203.8,9394.76,72.07,2,True,-6,2,Poor network reliability,Negative,0.1218,100,1,195.72,0.0408,Gold,0.5145,2022-04-10
CUST01909,Northeast,Standard,2-Year,Manual-Online,Tablet,App,Device Problem,32,139.94,3844.49,109.25,7,False,32,2,Issue still not resolved,Negative,0.1679,100,1,120.14,0.2121,Silver,0.531,2023-03-09
CUST01910,Southwest,Premium,1-Year,Mail,Business Line,Chat,No Issue,53,200.03,9927.92,30.57,8,True,89,1,Billing overcharge not fixed,Negative,0.1538,100,1,187.32,0.1481,Gold,0.5807,2022-07-09
CUST01911,Southeast,Premium,Month-to-Month,Mail,Home Internet,Email,Device Problem,36,62.75,2288.9,37.53,0,True,18,5,Problem resolved quickly,Positive,0.9066,16.4,0,63.58,0.0,Gold,0.8565,2022-12-07
CUST01912,West,Enterprise,1-Year,Manual-Online,Home Internet,App,No Issue,84,101.99,7441.31,83.47,15,False,-23,3,Average experience,Neutral,0.3933,100,1,88.59,0.1765,Platinum,0.5348,2024-12-14
CUST01913,West,Basic,1-Year,In-Store,Home Internet,App,Network Outage,73,165.64,11088.01,11.93,10,True,11,4,Agent was very helpful,Positive,0.6784,67.8,1,151.89,0.1351,Platinum,0.7443,2023-07-26
CUST01914,Northeast,Standard,2-Year,Mail,Business Line,Chat,No Issue,72,236.51,17216.73,32.92,12,False,7,5,Excellent support experience,Positive,0.9835,42.6,0,239.12,0.1644,Platinum,0.7873,2022-09-07
CUST01915,Southwest,Standard,Month-to-Month,Manual-Online,Tablet,Phone,Speed Issue,50,153.23,6722.77,108.49,7,False,-47,2,No accountability at all,Negative,0.2321,100,1,134.46,0.1373,Gold,0.3928,2022-04-20
CUST01916,West,Basic,Month-to-Month,Mail,Home Internet,Email,Contract Issue,67,242.0,15389.59,30.11,8,True,-17,5,Agent went above and beyond,Positive,0.8746,39.4,0,229.7,0.1176,Platinum,0.7953,2023-10-29
CUST01917,West,Enterprise,2-Year,In-Store,Home Internet,App,Device Problem,72,178.93,11089.94,42.95,2,True,1,4,Agent went above and beyond,Positive,0.7045,53.8,0,154.03,0.0274,Platinum,0.7268,2023-06-08
CUST01918,Southwest,Premium,Month-to-Month,Mail,Tablet,Phone,Device Problem,5,110.87,483.1,115.49,11,True,-36,3,Service was okay,Neutral,0.3876,100,1,96.62,1.8333,Bronze,0.562,2022-06-29
CUST01919,Southwest,Enterprise,1-Year,In-Store,Home Internet,Chat,No Issue,48,60.19,2599.95,10.86,2,True,71,1,Worst customer service experience,Negative,0.1122,100,1,54.17,0.0408,Gold,0.5493,2022-07-27
CUST01920,Southeast,Standard,1-Year,In-Store,Smartphone,App,Billing Dispute,81,87.87,6316.81,23.09,5,False,8,4,Problem resolved quickly,Positive,0.6745,58.4,0,77.99,0.061,Platinum,0.689,2024-09-30
CUST01921,Southwest,Basic,1-Year,Manual-Online,Tablet,Phone,Plan Change,13,30.33,338.34,117.82,2,False,-89,1,Poor network reliability,Negative,0.1809,100,1,26.03,0.1429,Silver,0.2193,2024-12-18
CUST01922,Midwest,Premium,1-Year,In-Store,Business Line,In-Store,Speed Issue,80,161.68,11857.62,16.79,0,True,-11,5,Very professional support team,Positive,0.7717,22.2,0,148.22,0.0,Platinum,0.8057,2022-08-20
CUST01923,Midwest,Standard,1-Year,Manual-Online,Smartphone,Email,No Issue,1,168.04,158.94,107.73,11,True,-44,1,Very disappointed with service,Negative,0.1786,100,1,158.94,5.5,Bronze,0.348,2022-11-10
CUST01924,Southeast,Basic,1-Year,Mail,Hotspot,Email,No Issue,26,211.07,4785.63,119.8,7,True,-89,3,Waited longer than expected,Neutral,0.3379,100,1,184.06,0.2593,Silver,0.4693,2023-08-01
CUST01925,Southeast,Basic,Month-to-Month,Mail,Home Internet,In-Store,Speed Issue,51,218.29,9853.71,24.95,2,False,-9,3,Got what I needed but took a while,Neutral,0.5289,85.8,1,193.21,0.0385,Gold,0.5593,2023-05-29
CUST01926,West,Premium,1-Year,In-Store,Tablet,In-Store,Device Problem,18,226.72,4019.3,49.22,15,True,-64,4,Excellent support experience,Positive,0.6031,92.8,1,223.29,0.7895,Silver,0.613,2023-12-31
CUST01927,West,Enterprise,Month-to-Month,Mail,Business Line,Chat,Speed Issue,60,240.52,14496.43,116.61,2,True,-2,4,Very professional support team,Positive,0.681,54.4,0,241.61,0.0328,Platinum,0.7215,2023-01-05
CUST01928,Southeast,Premium,Month-to-Month,Manual-Online,Tablet,Chat,Contract Issue,48,89.97,3914.24,70.35,10,True,7,3,Service was okay,Neutral,0.5689,98.6,1,81.55,0.2041,Gold,0.6372,2023-08-31
CUST01929,Southeast,Standard,Month-to-Month,Manual-Online,Smartphone,Phone,Speed Issue,23,117.1,2432.09,90.24,10,True,89,1,Poor network reliability,Negative,0.2162,100,1,105.74,0.4167,Silver,0.5807,2023-09-16
CUST01930,Northeast,Basic,1-Year,In-Store,Business Line,App,Billing Dispute,41,51.67,2057.79,23.65,12,True,85,2,Worst customer service experience,Negative,0.0609,100,1,50.19,0.2857,Gold,0.6737,2023-05-03
CUST01931,Northeast,Premium,1-Year,In-Store,Hotspot,Phone,Device Problem,7,30.63,217.4,108.07,3,False,97,3,Could be improved,Neutral,0.3099,66.6,0,31.06,0.375,Bronze,0.7448,2022-10-28
CUST01932,Northeast,Enterprise,Month-to-Month,In-Store,Home Internet,Chat,Billing Dispute,24,105.01,2495.07,75.07,7,True,60,5,Seamless experience overall,Positive,0.637,22.0,0,103.96,0.28,Silver,0.93,2024-02-06
CUST01933,West,Basic,1-Year,Mail,Business Line,In-Store,Speed Issue,5,108.0,469.19,114.27,7,True,-93,1,Terrible wait times,Negative,0.2163,100,1,93.84,1.1667,Bronze,0.2622,2022-06-21
CUST01934,West,Standard,Month-to-Month,Auto-Pay,Home Internet,App,Network Outage,49,93.24,4339.93,62.78,8,True,-89,4,Outstanding customer care,Positive,0.9712,83.8,1,88.57,0.16,Gold,0.5693,2023-12-28
CUST01935,Southeast,Premium,2-Year,Manual-Online,Hotspot,In-Store,Billing Dispute,64,217.54,14592.15,103.94,0,True,0,2,Problem kept recurring,Negative,0.1614,100,1,228.0,0.0,Platinum,0.525,2023-10-19
CUST01936,West,Standard,2-Year,Manual-Online,Home Internet,Chat,Plan Change,21,120.34,2532.24,117.4,12,True,-69,5,Agent went above and beyond,Positive,0.805,57.8,0,120.58,0.5455,Silver,0.7043,2022-02-10
CUST01937,Northeast,Basic,2-Year,Manual-Online,Home Internet,Chat,Plan Change,84,44.95,3419.62,69.04,2,False,-88,1,Poor network reliability,Negative,0.1499,100,1,40.71,0.0235,Platinum,0.221,2024-04-11
CUST01938,Southeast,Basic,1-Year,Mail,Home Internet,In-Store,No Issue,64,202.67,11244.78,80.85,14,True,78,4,Great network coverage,Positive,0.6518,62.4,0,175.7,0.2154,Platinum,0.8615,2022-07-25
CUST01939,Northeast,Premium,1-Year,Mail,Hotspot,In-Store,Billing Dispute,63,128.9,7935.13,115.45,11,False,78,5,Excellent support experience,Positive,0.9962,26.4,0,125.95,0.1719,Platinum,0.9115,2022-12-09
CUST01940,Southeast,Basic,1-Year,Auto-Pay,Tablet,Email,Device Problem,31,218.2,6736.24,68.7,14,True,87,5,Very professional support team,Positive,0.6699,30.6,0,217.3,0.4375,Silver,0.9772,2022-04-02
CUST01941,Northeast,Enterprise,1-Year,Auto-Pay,Home Internet,In-Store,Contract Issue,35,223.43,7777.01,50.51,15,True,-8,5,Excellent support experience,Positive,0.8204,51.6,0,222.2,0.4167,Silver,0.811,2022-08-20
CUST01942,West,Enterprise,1-Year,Mail,Hotspot,In-Store,Device Problem,78,82.52,6582.43,74.09,10,True,-45,5,Problem resolved quickly,Positive,0.7491,49.0,0,84.39,0.1266,Platinum,0.7463,2024-08-19
CUST01943,Northeast,Standard,1-Year,Manual-Online,Smartphone,Chat,Plan Change,26,43.54,1048.26,31.25,3,True,-3,4,Excellent support experience,Positive,0.8309,56.6,0,40.32,0.1111,Silver,0.7198,2024-05-10
CUST01944,Southwest,Standard,Month-to-Month,In-Store,Tablet,Chat,Network Outage,81,46.78,3800.29,57.93,6,True,-18,4,Great network coverage,Positive,0.9191,65.6,1,46.92,0.0732,Platinum,0.6935,2024-09-04
CUST01945,Midwest,Standard,Month-to-Month,In-Store,Hotspot,Phone,Device Problem,22,41.71,889.77,33.94,15,True,22,5,Excellent support experience,Positive,0.6455,45.6,0,40.44,0.6522,Silver,0.8635,2022-11-19
CUST01946,West,Standard,1-Year,In-Store,Smartphone,In-Store,Network Outage,74,244.17,18251.59,17.36,7,True,12,4,Great network coverage,Positive,0.7726,61.6,0,246.64,0.0933,Platinum,0.746,2022-01-17
CUST01947,Southeast,Premium,2-Year,Mail,Hotspot,Chat,Speed Issue,42,242.39,10063.76,59.9,15,True,17,3,Average experience,Neutral,0.5008,100,1,239.61,0.3488,Gold,0.6547,2023-03-10
CUST01948,Midwest,Premium,Month-to-Month,In-Store,Tablet,App,Contract Issue,10,45.11,413.25,42.85,4,False,-60,1,No accountability at all,Negative,0.0104,100,1,41.33,0.3636,Bronze,0.27,2023-01-21
CUST01949,West,Premium,1-Year,In-Store,Home Internet,Phone,Plan Change,33,73.35,2336.61,49.43,12,False,-99,5,Great network coverage,Positive,0.7262,63.8,0,70.81,0.3529,Silver,0.6018,2022-02-03
CUST01950,West,Premium,Month-to-Month,In-Store,Hotspot,Chat,Billing Dispute,9,33.43,264.52,58.93,15,True,59,2,Will consider switching providers,Negative,0.0451,100,1,29.39,1.5,Bronze,0.6282,2022-01-03
CUST01951,Northeast,Basic,2-Year,Mail,Business Line,App,Contract Issue,15,77.1,1019.02,101.86,7,True,14,3,Decent support,Neutral,0.539,91.2,1,67.93,0.4375,Silver,0.6495,2022-06-08
CUST01952,Northeast,Basic,1-Year,Mail,Smartphone,Phone,Speed Issue,59,111.26,5649.55,12.01,13,True,75,2,Billing overcharge not fixed,Negative,0.2497,100,1,95.76,0.2167,Gold,0.6562,2023-11-16
CUST01953,Midwest,Premium,1-Year,Manual-Online,Smartphone,Phone,Billing Dispute,30,105.16,2839.74,47.34,5,True,69,2,Very disappointed with service,Negative,0.1471,100,1,94.66,0.1613,Silver,0.6457,2022-06-20
CUST01954,West,Standard,2-Year,In-Store,Tablet,Email,Device Problem,50,230.87,11932.12,96.37,10,True,20,1,Very disappointed with service,Negative,0.1251,100,1,238.64,0.1961,Gold,0.46,2023-05-27
CUST01955,Southwest,Basic,Month-to-Month,Mail,Business Line,Email,Billing Dispute,51,71.76,3208.48,31.91,2,True,-100,2,Issue still not resolved,Negative,0.1463,100,1,62.91,0.0385,Gold,0.35,2024-03-28
CUST01956,Northeast,Enterprise,2-Year,Auto-Pay,Business Line,Email,Device Problem,33,176.17,5041.44,88.1,10,True,-69,2,Agent was unhelpful,Negative,0.1304,100,1,152.77,0.2941,Silver,0.4042,2024-01-07
CUST01957,Northeast,Standard,2-Year,In-Store,Business Line,Chat,Speed Issue,56,183.25,10527.31,66.68,14,True,70,3,Acceptable service,Neutral,0.3511,94.0,1,187.99,0.2456,Gold,0.7475,2022-05-02
CUST01958,Midwest,Standard,2-Year,In-Store,Business Line,Phone,Network Outage,11,209.17,2352.77,77.53,3,True,-60,5,Very professional support team,Positive,0.9642,38.0,0,213.89,0.25,Bronze,0.72,2023-07-08
CUST01959,Southwest,Basic,1-Year,Auto-Pay,Hotspot,Chat,No Issue,11,77.6,813.18,44.06,12,True,48,1,Poor network reliability,Negative,0.1237,100,1,73.93,1.0,Bronze,0.509,2022-11-12
CUST01960,Northeast,Basic,Month-to-Month,Auto-Pay,Smartphone,In-Store,Speed Issue,6,63.46,370.81,61.22,9,True,11,5,Great network coverage,Positive,0.8054,35.8,0,61.8,1.2857,Bronze,0.8443,2024-12-02
CUST01961,West,Enterprise,1-Year,In-Store,Business Line,Chat,Contract Issue,70,62.3,3869.62,96.12,3,True,69,4,Seamless experience overall,Positive,0.9548,42.2,0,55.28,0.0423,Platinum,0.8458,2023-11-01
CUST01962,Southwest,Basic,1-Year,In-Store,Hotspot,App,Billing Dispute,41,72.1,2601.09,14.53,0,True,-75,2,Terrible wait times,Negative,0.2648,100,1,63.44,0.0,Gold,0.3937,2023-03-22
CUST01963,Northeast,Premium,1-Year,Manual-Online,Tablet,Email,Network Outage,70,85.15,5919.09,2.47,4,True,85,3,Got what I needed but took a while,Neutral,0.443,71.0,1,84.56,0.0563,Platinum,0.7737,2022-06-17
CUST01964,Southeast,Standard,Month-to-Month,Manual-Online,Hotspot,Phone,No Issue,33,64.95,2052.0,53.48,1,False,21,4,Very happy with service,Positive,0.7244,47.8,0,62.18,0.0294,Silver,0.7118,2022-10-03
CUST01965,Southwest,Standard,2-Year,Mail,Home Internet,In-Store,Device Problem,39,41.39,1546.12,105.31,15,False,-66,1,Terrible wait times,Negative,0.0535,100,1,39.64,0.375,Gold,0.2595,2023-08-22
CUST01966,Northeast,Basic,Month-to-Month,Manual-Online,Smartphone,Email,No Issue,10,34.1,335.76,96.66,15,True,-28,4,Agent was very helpful,Positive,0.7379,85.6,1,33.58,1.3636,Bronze,0.676,2023-01-10
CUST01967,West,Premium,1-Year,Auto-Pay,Home Internet,App,Plan Change,27,160.57,4105.96,101.44,7,True,79,2,Issue still not resolved,Negative,0.2415,100,1,152.07,0.25,Silver,0.6633,2022-12-13
CUST01968,Southwest,Standard,1-Year,Manual-Online,Tablet,In-Store,Plan Change,84,123.82,8885.14,106.27,1,True,-54,2,Problem kept recurring,Negative,0.232,100,1,105.78,0.0118,Platinum,0.4305,2023-04-19
CUST01969,Northeast,Premium,2-Year,Manual-Online,Smartphone,Chat,Contract Issue,55,179.96,9587.35,81.26,6,True,-37,3,Service was okay,Neutral,0.4039,99.4,1,174.32,0.1071,Gold,0.5603,2024-08-19
CUST01970,Northeast,Enterprise,1-Year,In-Store,Smartphone,App,Plan Change,39,154.59,5918.83,73.52,12,True,100,3,Acceptable service,Neutral,0.4248,84.0,1,151.76,0.3,Gold,0.8,2024-04-29
CUST01971,Southeast,Basic,Month-to-Month,Auto-Pay,Hotspot,App,Speed Issue,10,164.39,1667.97,66.74,11,True,91,2,Terrible wait times,Negative,0.1748,100,1,166.8,1.0,Bronze,0.6843,2023-11-21
CUST01972,Northeast,Standard,Month-to-Month,Auto-Pay,Hotspot,App,Billing Dispute,45,94.7,4118.17,25.77,11,True,91,1,Worst customer service experience,Negative,0.1494,100,1,91.51,0.2391,Gold,0.5842,2023-12-03
CUST01973,Northeast,Standard,1-Year,Manual-Online,Home Internet,Email,Contract Issue,78,32.15,2559.61,88.34,8,True,25,2,Poor network reliability,Negative,0.0422,100,1,32.82,0.1013,Platinum,0.5687,2023-06-19
CUST01974,Southeast,Enterprise,2-Year,Mail,Business Line,In-Store,No Issue,6,248.46,1326.4,114.75,5,True,62,5,Excellent support experience,Positive,0.656,17.6,0,221.07,0.7143,Bronze,0.9335,2022-06-14
CUST01975,West,Basic,2-Year,Manual-Online,Hotspot,Email,Contract Issue,57,193.17,11234.45,39.1,4,True,-82,2,Terrible wait times,Negative,0.2844,100,1,197.1,0.069,Gold,0.3815,2024-05-16
CUST01976,Southeast,Enterprise,Month-to-Month,Auto-Pay,Smartphone,Email,Plan Change,27,82.48,2332.97,107.82,12,True,-39,1,Terrible wait times,Negative,0.2344,100,1,86.41,0.4286,Silver,0.3568,2023-06-16
CUST01977,Northeast,Basic,Month-to-Month,Auto-Pay,Business Line,Chat,Network Outage,54,95.51,5365.73,86.12,1,True,-67,1,Billing overcharge not fixed,Negative,0.0227,100,1,99.37,0.0182,Gold,0.3077,2023-06-02
CUST01978,Northeast,Basic,1-Year,Auto-Pay,Tablet,App,Speed Issue,55,43.78,2352.23,57.0,14,True,-53,1,Will consider switching providers,Negative,0.1722,100,1,42.77,0.25,Gold,0.3322,2022-01-23
CUST01979,Southeast,Standard,Month-to-Month,In-Store,Tablet,Email,Contract Issue,64,86.27,5492.83,37.51,4,True,-89,4,Very happy with service,Positive,0.9219,75.8,1,85.83,0.0615,Platinum,0.5693,2023-08-26
CUST01980,West,Basic,Month-to-Month,Auto-Pay,Hotspot,Chat,Network Outage,16,81.56,1204.84,115.25,14,True,-66,1,Poor network reliability,Negative,0.2054,100,1,75.3,0.8235,Silver,0.3095,2022-09-19
CUST01981,Southeast,Premium,1-Year,Mail,Tablet,Chat,Device Problem,49,204.87,8686.94,63.21,15,False,25,4,Seamless experience overall,Positive,0.9671,75.0,1,177.28,0.3,Gold,0.7188,2022-05-11
CUST01982,Southeast,Enterprise,1-Year,Auto-Pay,Tablet,Phone,Plan Change,69,48.48,3492.95,27.56,14,True,-90,3,Expected better response time,Neutral,0.3117,100,1,50.62,0.2,Platinum,0.4675,2024-01-10
CUST01983,Northeast,Premium,1-Year,In-Store,Business Line,In-Store,Plan Change,11,171.93,1906.5,99.57,7,True,-71,5,Great network coverage,Positive,0.9595,48.2,0,173.32,0.5833,Bronze,0.7007,2022-03-04
CUST01984,West,Enterprise,1-Year,Auto-Pay,Tablet,Chat,Speed Issue,63,207.06,12418.63,74.76,3,True,-39,4,Agent was very helpful,Positive,0.6132,63.8,0,197.12,0.0469,Platinum,0.6568,2023-07-26
CUST01985,Midwest,Standard,Month-to-Month,Manual-Online,Home Internet,Chat,Contract Issue,73,99.55,6222.27,49.86,10,False,16,1,Very disappointed with service,Negative,0.2217,100,1,85.24,0.1351,Platinum,0.403,2022-06-02
CUST01986,Midwest,Standard,1-Year,In-Store,Tablet,Chat,Contract Issue,45,108.98,4804.92,86.56,7,True,-32,3,Service was okay,Neutral,0.4351,100,1,106.78,0.1522,Gold,0.569,2024-11-23
CUST01987,Southwest,Enterprise,1-Year,Mail,Business Line,App,Plan Change,76,233.96,15699.67,86.18,4,True,95,1,Problem kept recurring,Negative,0.2339,100,1,206.57,0.0519,Platinum,0.5913,2022-01-19
CUST01988,Midwest,Basic,2-Year,In-Store,Home Internet,Chat,Billing Dispute,23,94.9,1901.42,53.79,15,True,-29,1,Very disappointed with service,Negative,0.2858,100,1,82.67,0.625,Silver,0.3742,2023-09-29
CUST01989,Southwest,Enterprise,1-Year,Mail,Smartphone,App,Device Problem,33,239.22,6945.27,52.58,9,True,27,1,Will consider switching providers,Negative,0.1646,100,1,210.46,0.2647,Silver,0.4722,2024-08-20
CUST01990,Northeast,Basic,Month-to-Month,Auto-Pay,Business Line,In-Store,Device Problem,2,80.79,142.42,56.13,1,True,68,3,Service was okay,Neutral,0.4391,68.4,0,71.21,0.3333,Bronze,0.744,2022-10-03
CUST01991,Midwest,Enterprise,2-Year,Mail,Business Line,App,Plan Change,62,174.59,9755.91,97.54,1,True,63,1,Agent was unhelpful,Negative,0.154,100,1,157.35,0.0159,Platinum,0.5353,2022-07-27
CUST01992,West,Enterprise,2-Year,Manual-Online,Hotspot,In-Store,No Issue,74,65.38,4564.39,34.62,3,True,74,2,No accountability at all,Negative,0.1278,100,1,61.68,0.04,Platinum,0.6545,2023-08-14
CUST01993,Southeast,Standard,Month-to-Month,Auto-Pay,Hotspot,Email,Contract Issue,49,209.42,8921.21,94.67,5,False,-6,5,Excellent support experience,Positive,0.959,31.2,0,182.07,0.1,Gold,0.7645,2024-08-30
CUST01994,Northeast,Basic,Month-to-Month,In-Store,Tablet,In-Store,Speed Issue,26,190.33,4359.26,106.71,15,True,-93,3,Average experience,Neutral,0.3946,100,1,167.66,0.5556,Silver,0.4623,2022-11-14
CUST01995,Southeast,Basic,Month-to-Month,In-Store,Hotspot,Chat,Contract Issue,9,54.97,503.24,108.22,4,True,-3,1,Agent was unhelpful,Negative,0.2211,100,1,55.92,0.4,Bronze,0.4197,2023-02-22
CUST01996,Northeast,Basic,1-Year,Manual-Online,Tablet,Chat,Contract Issue,40,88.24,3456.7,51.44,14,True,91,3,Acceptable service,Neutral,0.3797,89.8,1,86.42,0.3415,Gold,0.7843,2022-10-06
CUST01997,Midwest,Enterprise,Month-to-Month,Auto-Pay,Home Internet,Chat,Contract Issue,41,176.97,7068.82,86.14,9,True,88,2,Issue still not resolved,Negative,0.1602,100,1,172.41,0.2143,Gold,0.679,2023-11-06
CUST01998,Midwest,Standard,1-Year,In-Store,Business Line,Phone,Device Problem,68,57.99,3857.48,44.88,3,True,56,5,Outstanding customer care,Positive,0.987,14.8,0,56.73,0.0435,Platinum,0.923,2023-01-10
CUST01999,Southeast,Standard,Month-to-Month,In-Store,Business Line,Email,Plan Change,30,211.59,6044.5,83.55,10,True,30,5,Very happy with service,Positive,0.7344,34.0,0,201.48,0.3226,Silver,0.8775,2024-10-12
CUST02000,Midwest,Basic,1-Year,Auto-Pay,Business Line,In-Store,No Issue,28,109.35,3085.29,98.87,4,True,-54,3,Could be improved,Neutral,0.4477,98.8,1,110.19,0.1379,Silver,0.5305,2024-09-15
CUST02001,Midwest,Premium,1-Year,Mail,Hotspot,App,Network Outage,5,97.34,441.18,7.29,13,True,-2,5,Great network coverage,Positive,0.9495,46.4,0,88.24,2.1667,Bronze,0.8215,2022-10-05
CUST02002,West,Premium,2-Year,Mail,Tablet,In-Store,Speed Issue,47,206.5,9214.09,71.65,11,True,67,4,Very happy with service,Positive,0.8331,58.6,0,196.04,0.2292,Gold,0.8422,2022-10-14
CUST02003,Northeast,Basic,1-Year,Auto-Pay,Home Internet,Phone,No Issue,47,85.71,4211.87,88.01,13,True,-77,4,Very professional support team,Positive,0.9418,91.4,1,89.61,0.2708,Gold,0.5903,2023-04-01
CUST02004,Southeast,Premium,1-Year,Auto-Pay,Home Internet,App,Network Outage,51,239.47,11261.75,112.63,3,False,-25,2,Worst customer service experience,Negative,0.2322,100,1,220.82,0.0577,Gold,0.4313,2023-03-22
CUST02005,Southeast,Premium,Month-to-Month,Manual-Online,Business Line,Email,Network Outage,82,161.44,13726.36,31.78,8,True,17,5,Very professional support team,Positive,0.743,32.6,0,167.39,0.0964,Platinum,0.8548,2023-05-13
CUST02006,West,Basic,1-Year,In-Store,Business Line,In-Store,Contract Issue,34,103.94,3568.2,72.94,11,True,16,5,Excellent support experience,Positive,0.6693,38.8,0,104.95,0.3143,Silver,0.853,2023-01-31
CUST02007,Northeast,Enterprise,2-Year,In-Store,Tablet,In-Store,Contract Issue,14,146.39,1796.44,18.26,8,True,-59,2,Agent was unhelpful,Negative,0.1182,100,1,128.32,0.5333,Silver,0.4218,2022-09-22
CUST02008,West,Enterprise,Month-to-Month,Mail,Home Internet,Email,Contract Issue,4,198.61,719.25,5.81,12,True,69,3,Average experience,Neutral,0.4657,90.2,1,179.81,2.4,Bronze,0.7457,2023-04-19
CUST02009,Southwest,Basic,Month-to-Month,Auto-Pay,Hotspot,Chat,Network Outage,17,147.01,2425.74,5.51,9,True,50,3,Acceptable service,Neutral,0.5932,88.0,1,142.69,0.5,Silver,0.7125,2022-10-04
CUST02010,West,Enterprise,1-Year,Mail,Hotspot,Phone,Network Outage,80,76.23,6036.45,26.83,7,False,-51,2,No accountability at all,Negative,0.289,100,1,75.46,0.0864,Platinum,0.3858,2024-05-06
CUST02011,Southwest,Standard,Month-to-Month,In-Store,Smartphone,Chat,Billing Dispute,18,113.45,1935.8,91.03,2,True,-51,3,Acceptable service,Neutral,0.4156,94.2,1,107.54,0.1053,Silver,0.5357,2024-02-23
CUST02012,Midwest,Standard,1-Year,Auto-Pay,Hotspot,Email,Device Problem,32,54.5,1491.59,22.6,6,True,42,4,Problem resolved quickly,Positive,0.6121,53.6,0,46.61,0.1818,Silver,0.7985,2024-01-11
CUST02013,Northeast,Enterprise,2-Year,Manual-Online,Tablet,In-Store,Device Problem,30,53.19,1397.89,57.68,6,True,-79,3,Service was okay,Neutral,0.5681,100,1,46.6,0.1935,Silver,0.4868,2022-11-24
CUST02014,West,Premium,2-Year,Auto-Pay,Business Line,Phone,Device Problem,70,187.55,11159.9,8.0,4,True,-93,5,Seamless experience overall,Positive,0.6342,46.6,0,159.43,0.0563,Platinum,0.6623,2022-11-17
CUST02015,Northeast,Premium,1-Year,Manual-Online,Tablet,App,Contract Issue,42,155.44,6557.76,16.64,6,True,-17,5,Very professional support team,Positive,0.8064,35.4,0,156.14,0.1395,Gold,0.7953,2024-08-09
CUST02016,Midwest,Basic,1-Year,In-Store,Home Internet,App,Billing Dispute,26,66.81,1481.28,112.38,1,False,-100,5,Outstanding customer care,Positive,0.9756,42.0,0,56.97,0.037,Silver,0.6,2024-08-10
CUST02017,Midwest,Basic,Month-to-Month,In-Store,Smartphone,Phone,Billing Dispute,7,127.6,870.92,51.36,11,False,-17,3,Nothing exceptional,Neutral,0.5848,100,1,124.42,1.375,Bronze,0.5453,2022-01-11
CUST02018,Southwest,Premium,2-Year,Auto-Pay,Hotspot,Email,Billing Dispute,38,166.08,6511.39,21.94,7,False,5,5,Outstanding customer care,Positive,0.8709,33.0,0,171.35,0.1795,Gold,0.7837,2022-09-20
CUST02019,West,Standard,2-Year,Mail,Hotspot,Chat,Plan Change,16,93.36,1475.77,5.68,7,True,95,3,Decent support,Neutral,0.572,75.0,1,92.24,0.4118,Silver,0.7913,2022-10-27
CUST02020,Northeast,Enterprise,1-Year,In-Store,Tablet,Email,Plan Change,26,218.82,5864.84,13.69,12,False,-35,1,No accountability at all,Negative,0.2016,100,1,225.57,0.4444,Silver,0.3137,2024-05-09
CUST02021,Southwest,Premium,2-Year,In-Store,Home Internet,Email,Plan Change,10,240.69,2087.28,48.04,13,False,64,2,Billing overcharge not fixed,Negative,0.2849,100,1,208.73,1.1818,Bronze,0.587,2024-10-29
CUST02022,West,Standard,2-Year,Mail,Business Line,App,Speed Issue,28,129.98,3131.65,116.07,8,True,-72,4,Highly satisfied with resolution,Positive,0.8703,80.4,1,111.84,0.2759,Silver,0.599,2024-12-04
CUST02023,Southeast,Premium,Month-to-Month,Mail,Business Line,Chat,Speed Issue,57,30.59,1495.78,75.76,6,False,-12,1,Problem kept recurring,Negative,0.112,100,1,26.24,0.1034,Gold,0.354,2023-01-01
CUST02024,West,Standard,Month-to-Month,Manual-Online,Tablet,In-Store,Network Outage,44,200.78,7717.33,44.34,15,True,-82,2,Very disappointed with service,Negative,0.0081,100,1,175.39,0.3333,Gold,0.3815,2023-12-01
CUST02025,West,Premium,2-Year,Auto-Pay,Hotspot,Phone,Network Outage,40,69.95,2812.32,46.3,0,True,-15,4,Great network coverage,Positive,0.6851,53.0,0,70.31,0.0,Gold,0.6987,2022-04-05
CUST02026,Southeast,Basic,Month-to-Month,In-Store,Smartphone,Phone,No Issue,82,119.24,9590.41,15.88,10,False,87,5,Outstanding customer care,Positive,0.8466,22.6,0,116.96,0.1205,Platinum,0.9272,2024-06-27
CUST02027,West,Basic,2-Year,Mail,Smartphone,In-Store,Billing Dispute,4,139.71,579.92,12.82,8,True,-37,4,Very happy with service,Positive,0.9136,73.4,0,144.98,1.6,Bronze,0.6603,2022-06-12
CUST02028,West,Premium,1-Year,Manual-Online,Home Internet,App,Device Problem,11,175.26,1884.26,101.86,12,True,28,4,Excellent support experience,Positive,0.9626,68.4,1,171.3,1.0,Bronze,0.774,2024-09-05
CUST02029,West,Premium,Month-to-Month,In-Store,Hotspot,Email,No Issue,65,126.16,7170.33,18.76,15,True,-83,3,Acceptable service,Neutral,0.4085,100,1,110.31,0.2273,Platinum,0.4798,2023-04-24
CUST02030,Northeast,Premium,Month-to-Month,Mail,Tablet,In-Store,Network Outage,34,180.92,5440.22,76.33,4,True,82,2,Will consider switching providers,Negative,0.2503,100,1,160.01,0.1143,Silver,0.6685,2024-12-09
CUST02031,Southeast,Basic,1-Year,Auto-Pay,Smartphone,In-Store,Contract Issue,16,76.55,1278.65,79.76,0,True,83,3,Acceptable service,Neutral,0.3776,63.4,0,79.92,0.0,Silver,0.7702,2023-12-21
CUST02032,West,Enterprise,1-Year,Auto-Pay,Hotspot,Email,Billing Dispute,60,172.97,9609.94,1.84,10,False,40,5,Problem resolved quickly,Positive,0.8307,32.0,0,160.17,0.1639,Platinum,0.845,2022-07-22
CUST02033,West,Premium,1-Year,Mail,Home Internet,In-Store,No Issue,58,195.39,10538.2,45.32,15,False,-2,4,Seamless experience overall,Positive,0.9891,80.4,1,181.69,0.2542,Gold,0.6715,2022-04-06
CUST02034,Southwest,Premium,Month-to-Month,Auto-Pay,Business Line,Email,No Issue,83,60.72,4723.05,40.21,10,True,-82,4,Outstanding customer care,Positive,0.8293,86.4,1,56.9,0.119,Platinum,0.5815,2024-11-29
CUST02035,West,Standard,2-Year,Mail,Tablet,In-Store,Speed Issue,39,192.88,6607.22,1.59,2,True,77,1,Will consider switching providers,Negative,0.0511,100,1,169.42,0.05,Gold,0.5597,2024-08-15
CUST02036,Southeast,Enterprise,2-Year,In-Store,Smartphone,Chat,Device Problem,62,60.72,3512.32,115.25,6,True,-38,2,Issue still not resolved,Negative,0.0771,100,1,56.65,0.0952,Platinum,0.4585,2022-04-24
CUST02037,Southeast,Basic,2-Year,Manual-Online,Business Line,Phone,Network Outage,3,227.29,594.39,14.33,8,True,2,3,Acceptable service,Neutral,0.397,95.6,1,198.13,2.0,Bronze,0.6285,2024-12-07
CUST02038,West,Premium,1-Year,Manual-Online,Hotspot,Email,Network Outage,73,116.38,7805.21,33.9,13,False,-36,3,Acceptable service,Neutral,0.3633,100,1,106.92,0.1757,Platinum,0.512,2022-05-30
CUST02039,West,Standard,2-Year,Mail,Smartphone,Phone,Speed Issue,45,243.14,11390.42,109.75,13,True,68,2,No accountability at all,Negative,0.2136,100,1,253.12,0.2826,Gold,0.644,2023-12-29
CUST02040,Southwest,Enterprise,2-Year,In-Store,Smartphone,In-Store,Contract Issue,69,233.14,14725.8,82.22,1,True,53,5,Very professional support team,Positive,0.9973,11.4,0,213.42,0.0143,Platinum,0.9178,2024-06-04
CUST02041,Southeast,Premium,1-Year,In-Store,Home Internet,In-Store,Contract Issue,22,160.21,3273.2,106.35,9,True,10,5,Highly satisfied with resolution,Positive,0.9346,36.0,0,148.78,0.3913,Silver,0.8425,2024-09-20
CUST02042,Southwest,Enterprise,Month-to-Month,Mail,Home Internet,App,Contract Issue,78,225.01,15088.8,97.71,0,True,67,4,Excellent support experience,Positive,0.8427,36.6,0,193.45,0.0,Platinum,0.8422,2022-04-30
CUST02043,Southwest,Premium,2-Year,Manual-Online,Smartphone,Phone,Plan Change,59,64.94,3957.98,15.78,11,True,46,1,Terrible wait times,Negative,0.2193,100,1,67.08,0.1833,Gold,0.5055,2024-02-23
CUST02044,Southeast,Premium,2-Year,In-Store,Home Internet,Phone,Network Outage,5,50.64,232.26,49.56,7,True,73,3,Average experience,Neutral,0.3864,79.4,0,46.45,1.1667,Bronze,0.7528,2022-09-27
CUST02045,West,Standard,1-Year,Manual-Online,Business Line,Chat,Speed Issue,2,81.69,159.89,38.35,9,True,72,3,Service was okay,Neutral,0.3423,83.6,1,79.94,3.0,Bronze,0.751,2023-08-03
CUST02046,Southwest,Premium,Month-to-Month,In-Store,Smartphone,In-Store,Speed Issue,48,33.18,1657.86,72.43,7,True,31,1,Will consider switching providers,Negative,0.1824,100,1,34.54,0.1429,Gold,0.4792,2024-08-11
CUST02047,Northeast,Standard,1-Year,In-Store,Smartphone,Email,No Issue,26,48.92,1311.93,2.43,15,True,71,5,Agent was very helpful,Positive,0.6942,35.8,0,50.46,0.5556,Silver,0.9492,2023-11-04
CUST02048,Southeast,Standard,1-Year,Mail,Tablet,In-Store,Device Problem,46,105.48,4552.06,8.72,4,False,-9,4,Problem resolved quickly,Positive,0.735,59.8,0,98.96,0.0851,Gold,0.6593,2023-09-27
CUST02049,Southwest,Basic,1-Year,Mail,Smartphone,Phone,Device Problem,53,124.15,6039.85,82.32,6,True,55,3,Service was okay,Neutral,0.5497,81.0,1,113.96,0.1111,Gold,0.7212,2022-05-22
CUST02050,Midwest,Basic,2-Year,Auto-Pay,Tablet,Email,No Issue,29,170.04,4753.04,52.96,15,True,29,2,Problem kept recurring,Negative,0.1419,100,1,163.9,0.5,Silver,0.5757,2023-03-17
CUST02051,Southwest,Basic,Month-to-Month,Auto-Pay,Tablet,In-Store,Billing Dispute,77,54.11,4363.46,42.25,7,True,-20,4,Excellent support experience,Positive,0.9796,68.0,1,56.67,0.0897,Platinum,0.69,2023-01-06
CUST02052,Northeast,Basic,1-Year,Manual-Online,Tablet,Chat,No Issue,51,218.39,11074.73,39.7,2,True,-100,3,Expected better response time,Neutral,0.4182,100,1,217.15,0.0385,Gold,0.45,2023-03-18
CUST02053,West,Premium,1-Year,In-Store,Tablet,Phone,Contract Issue,73,207.83,14165.42,12.06,4,True,76,1,Problem kept recurring,Negative,0.1888,100,1,194.05,0.0541,Platinum,0.558,2022-12-05
CUST02054,West,Enterprise,2-Year,Manual-Online,Hotspot,Phone,Device Problem,66,40.32,2595.76,108.39,14,True,71,4,Excellent support experience,Positive,0.6226,63.8,0,39.33,0.209,Platinum,0.8493,2023-03-24
CUST02055,Southeast,Premium,Month-to-Month,Auto-Pay,Smartphone,Chat,Plan Change,6,227.88,1344.2,26.19,4,True,31,4,Seamless experience overall,Positive,0.9727,51.8,0,224.03,0.5714,Bronze,0.7792,2023-11-09
CUST02056,Midwest,Enterprise,1-Year,Mail,Smartphone,In-Store,Network Outage,71,174.77,12939.58,78.85,7,True,-30,4,Problem resolved quickly,Positive,0.6735,70.0,1,182.25,0.0972,Platinum,0.6725,2023-08-11
CUST02057,West,Premium,2-Year,Mail,Business Line,Email,No Issue,9,103.51,931.32,88.45,10,True,19,3,Nothing exceptional,Neutral,0.5919,96.2,1,103.48,1.0,Bronze,0.6583,2022-05-20
CUST02058,Southwest,Premium,Month-to-Month,Mail,Home Internet,App,Contract Issue,50,108.96,5521.02,43.95,13,True,5,1,Agent was unhelpful,Negative,0.2116,100,1,110.42,0.2549,Gold,0.4337,2024-07-05
CUST02059,Midwest,Standard,Month-to-Month,Mail,Hotspot,App,Speed Issue,82,60.72,4240.85,20.01,4,True,-77,3,Could be improved,Neutral,0.5753,100,1,51.72,0.0482,Platinum,0.4903,2024-01-25
CUST02060,Southeast,Enterprise,2-Year,Manual-Online,Tablet,In-Store,Device Problem,53,39.91,1827.6,18.13,13,True,-46,1,Problem kept recurring,Negative,0.0139,100,1,34.48,0.2407,Gold,0.3445,2022-06-08
CUST02061,Southeast,Enterprise,Month-to-Month,Manual-Online,Business Line,App,Network Outage,16,33.54,539.77,44.04,4,True,71,2,Poor network reliability,Negative,0.1822,100,1,33.74,0.2353,Silver,0.6492,2024-01-27
CUST02062,Northeast,Basic,2-Year,In-Store,Business Line,In-Store,Network Outage,72,87.26,5919.41,52.47,10,True,54,1,Problem kept recurring,Negative,0.1615,100,1,82.21,0.137,Platinum,0.5195,2023-03-12
CUST02063,Midwest,Enterprise,1-Year,Mail,Business Line,Chat,Billing Dispute,57,141.26,7344.39,48.51,12,False,55,3,Expected better response time,Neutral,0.4294,93.0,1,128.85,0.2069,Gold,0.6713,2022-01-10
CUST02064,Southwest,Premium,Month-to-Month,Mail,Business Line,Phone,Contract Issue,46,229.18,8995.52,39.91,5,True,62,4,Agent was very helpful,Positive,0.8283,47.6,0,195.55,0.1064,Gold,0.8335,2023-01-13
CUST02065,West,Enterprise,2-Year,Manual-Online,Tablet,Phone,Speed Issue,58,191.56,9796.86,30.16,9,False,38,5,Agent was very helpful,Positive,0.7894,30.4,0,168.91,0.1525,Gold,0.8415,2022-04-23
CUST02066,Midwest,Enterprise,Month-to-Month,Manual-Online,Tablet,Email,Contract Issue,33,222.54,7678.91,50.53,3,True,-10,1,Billing overcharge not fixed,Negative,0.1798,100,1,232.69,0.0882,Silver,0.4075,2024-03-02
CUST02067,Northeast,Basic,1-Year,Mail,Tablet,App,No Issue,71,114.93,8141.79,62.87,15,True,-31,3,Decent support,Neutral,0.5668,100,1,114.67,0.2083,Platinum,0.5707,2023-05-19
CUST02068,Southwest,Premium,Month-to-Month,Mail,Business Line,Email,Device Problem,12,80.49,878.89,6.6,7,True,-75,5,Problem resolved quickly,Positive,0.8178,49.0,0,73.24,0.5385,Silver,0.6938,2022-09-06
CUST02069,West,Standard,1-Year,Mail,Home Internet,App,Billing Dispute,18,171.98,3120.4,25.22,15,True,61,5,Great network coverage,Positive,0.9228,37.8,0,173.36,0.7895,Silver,0.9318,2022-07-06
CUST02070,Southeast,Standard,Month-to-Month,Auto-Pay,Home Internet,Phone,Billing Dispute,65,198.15,11412.44,1.7,4,True,48,1,Agent was unhelpful,Negative,0.022,100,1,175.58,0.0606,Platinum,0.509,2023-02-04
CUST02071,Southeast,Enterprise,2-Year,Manual-Online,Smartphone,Email,No Issue,1,160.59,142.2,20.99,1,True,-38,1,Worst customer service experience,Negative,0.1452,100,1,142.2,0.5,Bronze,0.3585,2022-03-13
CUST02072,Northeast,Standard,2-Year,In-Store,Business Line,Chat,No Issue,32,51.48,1655.03,58.83,10,False,47,1,Very disappointed with service,Negative,0.2071,100,1,51.72,0.303,Silver,0.4572,2022-06-12
CUST02073,West,Enterprise,1-Year,Manual-Online,Tablet,Email,No Issue,40,146.5,5282.41,27.03,15,True,-5,1,Problem kept recurring,Negative,0.0913,100,1,132.06,0.3659,Gold,0.4163,2022-08-25
CUST02074,Northeast,Enterprise,2-Year,Auto-Pay,Business Line,In-Store,Billing Dispute,18,136.17,2344.7,23.18,1,True,-87,1,No accountability at all,Negative,0.0029,100,1,130.26,0.0526,Silver,0.2727,2023-02-18
CUST02075,Midwest,Basic,Month-to-Month,Manual-Online,Tablet,Chat,Device Problem,2,35.49,72.56,104.58,6,True,-33,1,Poor network reliability,Negative,0.205,100,1,36.28,2.0,Bronze,0.3672,2023-12-19
CUST02076,Southeast,Enterprise,1-Year,Manual-Online,Hotspot,Phone,Contract Issue,6,224.48,1168.62,14.29,13,False,44,3,Average experience,Neutral,0.4587,97.2,1,194.77,1.8571,Bronze,0.652,2023-03-17
CUST02077,Southeast,Enterprise,1-Year,Auto-Pay,Smartphone,Chat,Device Problem,58,141.21,7146.65,52.53,14,False,88,2,Very disappointed with service,Negative,0.0539,100,1,123.22,0.2373,Gold,0.629,2022-07-16
CUST02078,Midwest,Standard,2-Year,Mail,Hotspot,Phone,Device Problem,57,81.44,3960.38,21.36,9,True,23,3,Service was okay,Neutral,0.3849,93.4,1,69.48,0.1552,Gold,0.6653,2022-01-25
CUST02079,Midwest,Standard,Month-to-Month,In-Store,Smartphone,Chat,Contract Issue,44,36.03,1449.73,39.05,8,True,-59,5,Outstanding customer care,Positive,0.7651,47.8,0,32.95,0.1778,Gold,0.7218,2024-09-29
CUST02080,West,Basic,Month-to-Month,Mail,Business Line,Email,Device Problem,58,164.18,8188.37,1.83,7,True,66,4,Agent went above and beyond,Positive,0.709,50.8,0,141.18,0.1186,Gold,0.8405,2023-08-26
CUST02081,Northeast,Premium,2-Year,Manual-Online,Hotspot,Email,Contract Issue,1,48.52,50.0,53.58,14,False,-38,2,Will consider switching providers,Negative,0.0077,100,1,50.0,7.0,Bronze,0.4085,2023-04-29
CUST02082,Southeast,Basic,1-Year,Auto-Pay,Smartphone,Phone,Billing Dispute,25,86.23,2016.57,24.26,12,True,-82,5,Very professional support team,Positive,0.6158,60.4,0,80.66,0.4615,Silver,0.6815,2022-03-02
CUST02083,Southeast,Premium,Month-to-Month,Mail,Hotspot,Chat,Billing Dispute,61,170.36,10562.22,102.85,15,True,84,1,Worst customer service experience,Negative,0.0815,100,1,173.15,0.2419,Platinum,0.572,2023-12-22
CUST02084,West,Enterprise,2-Year,Mail,Tablet,Chat,Network Outage,33,212.47,6587.78,79.57,0,True,62,3,Issue eventually resolved,Neutral,0.582,67.6,1,199.63,0.0,Silver,0.7335,2024-12-03
CUST02085,Northeast,Basic,Month-to-Month,Auto-Pay,Hotspot,Email,Contract Issue,53,139.96,7336.58,56.3,13,True,49,3,Waited longer than expected,Neutral,0.4197,96.2,1,138.43,0.2407,Gold,0.7107,2022-03-01
CUST02086,Northeast,Enterprise,Month-to-Month,Manual-Online,Smartphone,In-Store,Device Problem,40,102.83,4262.91,58.5,14,True,-67,2,No accountability at all,Negative,0.0013,100,1,106.57,0.3415,Gold,0.4078,2023-12-18
CUST02087,Southeast,Premium,1-Year,Manual-Online,Home Internet,In-Store,Contract Issue,18,100.96,1613.6,18.7,11,True,36,3,Acceptable service,Neutral,0.4423,94.8,1,89.64,0.5789,Silver,0.688,2023-04-28
CUST02088,Midwest,Enterprise,Month-to-Month,Mail,Tablet,App,Plan Change,25,77.28,1922.24,84.37,0,True,79,3,Service was okay,Neutral,0.5683,64.2,0,76.89,0.0,Silver,0.7632,2023-05-13
CUST02089,Southwest,Enterprise,2-Year,Mail,Tablet,App,No Issue,68,97.82,6165.02,64.51,8,True,73,4,Problem resolved quickly,Positive,0.8342,51.4,0,90.66,0.1159,Platinum,0.8528,2023-04-22
CUST02090,Midwest,Enterprise,2-Year,In-Store,Tablet,Phone,Plan Change,10,151.67,1456.9,79.72,12,True,-61,4,Problem resolved quickly,Positive,0.9322,86.2,1,145.69,1.0909,Bronze,0.6182,2023-10-01
CUST02091,Northeast,Enterprise,2-Year,Manual-Online,Smartphone,Chat,Device Problem,55,72.76,3617.76,8.03,8,True,-77,3,Expected better response time,Neutral,0.3766,100,1,65.78,0.1429,Gold,0.4903,2023-12-05
CUST02092,Southeast,Enterprise,Month-to-Month,Mail,Tablet,App,Plan Change,54,70.02,3378.13,44.37,1,True,-30,3,Issue eventually resolved,Neutral,0.5221,88.0,1,62.56,0.0182,Gold,0.5725,2023-09-20
CUST02093,Southeast,Premium,1-Year,Manual-Online,Smartphone,Chat,Billing Dispute,60,104.69,6456.54,32.53,10,False,64,3,Issue eventually resolved,Neutral,0.4895,87.2,1,107.61,0.1639,Platinum,0.687,2024-12-24
CUST02094,Midwest,Standard,2-Year,In-Store,Home Internet,Phone,Plan Change,15,227.82,2955.69,75.26,3,False,-31,4,Very professional support team,Positive,0.6695,62.2,0,197.05,0.1875,Silver,0.6208,2023-05-31
CUST02095,West,Premium,Month-to-Month,Mail,Tablet,Email,Device Problem,27,101.1,2676.1,74.99,15,True,95,5,Excellent support experience,Positive,0.7441,31.0,0,99.11,0.5357,Silver,0.9912,2022-01-05
CUST02096,Northeast,Enterprise,1-Year,Auto-Pay,Hotspot,Email,Contract Issue,10,205.32,1835.66,34.08,5,True,-88,3,Acceptable service,Neutral,0.3515,100,1,183.57,0.4545,Bronze,0.471,2023-10-27
CUST02097,Southeast,Basic,Month-to-Month,Auto-Pay,Tablet,Email,Device Problem,39,228.89,8013.71,57.93,12,True,-22,2,Issue still not resolved,Negative,0.2763,100,1,205.48,0.3,Gold,0.4865,2024-05-01
CUST02098,Northeast,Enterprise,1-Year,Mail,Smartphone,Chat,Device Problem,77,167.85,11612.22,54.06,9,True,-63,1,Problem kept recurring,Negative,0.1793,100,1,150.81,0.1154,Platinum,0.3147,2022-03-17
CUST02099,West,Premium,Month-to-Month,Mail,Smartphone,Email,Device Problem,11,106.99,1002.47,13.79,5,True,-100,2,Agent was unhelpful,Negative,0.0244,100,1,91.13,0.4167,Bronze,0.35,2022-04-01
CUST02100,Northeast,Premium,Month-to-Month,Manual-Online,Home Internet,Phone,Plan Change,80,149.04,12016.68,115.51,7,True,-72,2,Worst customer service experience,Negative,0.2666,100,1,150.21,0.0864,Platinum,0.399,2023-06-26
CUST02101,Southwest,Premium,Month-to-Month,In-Store,Smartphone,In-Store,Plan Change,51,197.82,9822.25,97.92,14,True,-59,1,Issue still not resolved,Negative,0.0858,100,1,192.59,0.2692,Gold,0.3217,2023-07-24
CUST02102,Midwest,Standard,1-Year,Mail,Smartphone,In-Store,Network Outage,63,67.3,4202.21,64.46,13,True,83,3,Average experience,Neutral,0.4556,89.4,1,66.7,0.2031,Platinum,0.7702,2023-10-22
CUST02103,Southwest,Premium,1-Year,In-Store,Home Internet,In-Store,Network Outage,63,184.5,11295.26,21.28,7,True,-13,3,Waited longer than expected,Neutral,0.4408,96.6,1,179.29,0.1094,Platinum,0.6022,2024-12-30
CUST02104,Southeast,Enterprise,1-Year,Mail,Smartphone,In-Store,Speed Issue,81,51.93,3885.78,26.99,8,True,-19,1,Agent was unhelpful,Negative,0.1709,100,1,47.97,0.0976,Platinum,0.3917,2023-04-30
CUST02105,Midwest,Enterprise,2-Year,Auto-Pay,Tablet,App,Speed Issue,71,169.18,11697.0,115.7,13,True,58,4,Problem resolved quickly,Positive,0.7429,64.4,0,164.75,0.1806,Platinum,0.8265,2024-08-16
CUST02106,West,Basic,1-Year,In-Store,Smartphone,Phone,Billing Dispute,8,49.48,359.5,47.34,4,False,-21,3,Acceptable service,Neutral,0.307,92.2,1,44.94,0.4444,Bronze,0.5383,2022-09-25
CUST02107,Midwest,Premium,2-Year,In-Store,Smartphone,App,Speed Issue,78,169.29,12073.38,45.45,10,True,-30,2,Problem kept recurring,Negative,0.2291,100,1,154.79,0.1266,Platinum,0.4725,2023-11-09
CUST02108,Northeast,Enterprise,2-Year,Mail,Hotspot,Email,Device Problem,29,136.87,4056.33,67.66,11,True,-16,1,Terrible wait times,Negative,0.2815,100,1,139.87,0.3667,Silver,0.397,2023-08-18
CUST02109,West,Enterprise,2-Year,Auto-Pay,Smartphone,In-Store,No Issue,42,200.02,8572.39,102.38,5,True,44,4,Highly satisfied with resolution,Positive,0.9509,51.2,0,204.1,0.1163,Gold,0.802,2023-03-05
CUST02110,Southwest,Enterprise,1-Year,In-Store,Business Line,App,Plan Change,7,61.28,434.96,80.11,10,True,-91,4,Great network coverage,Positive,0.7049,88.2,1,62.14,1.25,Bronze,0.5657,2022-07-03
CUST02111,Midwest,Basic,Month-to-Month,In-Store,Tablet,In-Store,Plan Change,41,133.34,4996.96,100.62,10,True,81,2,Will consider switching providers,Negative,0.2612,100,1,121.88,0.2381,Gold,0.6667,2024-02-08
CUST02112,Southeast,Premium,Month-to-Month,In-Store,Home Internet,Chat,Speed Issue,17,189.05,3212.46,3.59,1,True,-64,1,Agent was unhelpful,Negative,0.0613,100,1,188.97,0.0556,Silver,0.313,2024-04-14
CUST02113,Northeast,Basic,2-Year,Mail,Business Line,In-Store,Network Outage,58,61.65,3167.75,46.51,11,True,68,2,Very disappointed with service,Negative,0.0861,100,1,54.62,0.1864,Gold,0.644,2022-05-16
CUST02114,West,Basic,1-Year,Auto-Pay,Tablet,Phone,No Issue,30,43.44,1320.19,35.73,2,True,-37,4,Agent went above and beyond,Positive,0.6217,61.4,0,44.01,0.0645,Silver,0.6603,2023-01-06
CUST02115,Northeast,Standard,Month-to-Month,Manual-Online,Home Internet,App,Plan Change,7,190.85,1318.36,8.95,7,False,24,4,Seamless experience overall,Positive,0.9758,59.2,0,188.34,0.875,Bronze,0.717,2024-08-07
CUST02116,West,Standard,1-Year,In-Store,Home Internet,In-Store,Speed Issue,46,106.68,4495.88,106.39,6,True,29,1,Billing overcharge not fixed,Negative,0.0606,100,1,97.74,0.1277,Gold,0.4758,2022-08-16
CUST02117,Northeast,Basic,Month-to-Month,Mail,Business Line,Phone,Plan Change,41,111.71,4108.39,6.87,4,True,76,2,Issue still not resolved,Negative,0.0617,100,1,100.2,0.0952,Gold,0.658,2022-05-24
CUST02118,Midwest,Premium,1-Year,Auto-Pay,Home Internet,Chat,Network Outage,49,85.08,3903.91,96.23,13,True,-2,4,Excellent support experience,Positive,0.7279,76.4,0,79.67,0.26,Gold,0.7215,2022-09-10
CUST02119,Midwest,Premium,2-Year,Mail,Home Internet,Phone,Billing Dispute,54,241.01,12526.46,30.12,8,True,16,5,Seamless experience overall,Positive,0.6997,32.8,0,231.97,0.1455,Gold,0.853,2022-12-23
CUST02120,Southwest,Premium,Month-to-Month,Mail,Business Line,Email,No Issue,62,232.0,13218.54,80.34,5,True,89,3,Expected better response time,Neutral,0.4362,72.2,1,213.2,0.0794,Platinum,0.7808,2022-08-17
CUST02121,Southeast,Premium,2-Year,Manual-Online,Business Line,Email,Plan Change,72,162.56,10146.78,80.72,9,True,-79,4,Highly satisfied with resolution,Positive,0.85,83.8,1,140.93,0.1233,Platinum,0.5868,2022-05-18
CUST02122,Southwest,Premium,1-Year,Mail,Hotspot,Email,Device Problem,33,198.83,5766.65,99.14,0,True,-34,1,Poor network reliability,Negative,0.0909,100,1,174.75,0.0,Silver,0.3655,2022-11-16
CUST02123,Southwest,Enterprise,1-Year,In-Store,Hotspot,Email,Device Problem,2,203.23,386.31,56.92,15,True,95,1,Billing overcharge not fixed,Negative,0.1127,100,1,193.16,5.0,Bronze,0.5913,2022-03-31
CUST02124,Southwest,Standard,1-Year,Mail,Tablet,Email,Billing Dispute,17,229.66,3863.37,7.82,9,True,18,4,Very happy with service,Positive,0.9315,64.4,0,227.26,0.5,Silver,0.7565,2024-10-11
CUST02125,Southeast,Premium,2-Year,Mail,Smartphone,Phone,Billing Dispute,53,51.49,2681.83,2.5,15,True,75,1,Billing overcharge not fixed,Negative,0.105,100,1,50.6,0.2778,Gold,0.5562,2023-10-25
CUST02126,Southeast,Enterprise,1-Year,In-Store,Tablet,App,Contract Issue,26,221.21,5763.29,90.78,15,True,-77,3,Got what I needed but took a while,Neutral,0.5722,100,1,221.66,0.5556,Silver,0.4903,2024-03-12
CUST02127,Southwest,Basic,1-Year,In-Store,Home Internet,Chat,Contract Issue,42,110.25,4321.07,50.55,13,False,43,5,Outstanding customer care,Positive,0.9921,37.4,0,102.88,0.3023,Gold,0.8502,2023-05-06
CUST02128,West,Standard,1-Year,In-Store,Home Internet,Chat,Speed Issue,73,224.16,14935.4,83.78,3,True,-44,2,Worst customer service experience,Negative,0.2952,100,1,204.59,0.0405,Platinum,0.448,2023-01-19
CUST02129,Southeast,Premium,1-Year,Auto-Pay,Business Line,Phone,Speed Issue,51,163.53,7201.41,16.31,4,False,45,4,Outstanding customer care,Positive,0.8232,49.0,0,141.2,0.0769,Gold,0.7537,2024-03-05
CUST02130,Southwest,Enterprise,2-Year,In-Store,Business Line,In-Store,Plan Change,65,168.03,11447.08,89.0,2,False,-43,1,Problem kept recurring,Negative,0.1881,100,1,176.11,0.0303,Platinum,0.2998,2023-06-17
CUST02131,Southeast,Enterprise,2-Year,Manual-Online,Tablet,Email,No Issue,73,190.98,13026.85,16.84,0,True,-66,4,Outstanding customer care,Positive,0.7621,63.2,0,178.45,0.0,Platinum,0.6095,2022-01-21
CUST02132,Northeast,Enterprise,1-Year,Manual-Online,Smartphone,App,Billing Dispute,74,211.6,16009.96,30.0,0,True,70,3,Got what I needed but took a while,Neutral,0.3013,66.0,0,216.35,0.0,Platinum,0.7475,2022-11-04
CUST02133,Southeast,Standard,Month-to-Month,Mail,Tablet,Email,Device Problem,61,75.33,4583.1,59.35,11,False,58,3,Waited longer than expected,Neutral,0.4563,90.4,1,75.13,0.1774,Platinum,0.6765,2022-05-13
CUST02134,Northeast,Premium,Month-to-Month,Auto-Pay,Tablet,Phone,Device Problem,27,34.05,919.79,37.72,5,False,-23,4,Problem resolved quickly,Positive,0.8993,64.6,0,34.07,0.1786,Silver,0.6348,2023-10-28
CUST02135,Southeast,Standard,1-Year,Mail,Smartphone,Chat,Plan Change,66,181.9,10567.75,115.88,0,False,72,5,Highly satisfied with resolution,Positive,0.8022,5.6,0,160.12,0.0,Platinum,0.901,2024-04-25
CUST02136,Southeast,Basic,2-Year,In-Store,Tablet,Chat,Contract Issue,14,50.65,734.64,60.8,2,False,24,5,Very happy with service,Positive,0.9238,19.2,0,52.47,0.1333,Silver,0.817,2023-03-05
CUST02137,West,Enterprise,1-Year,Mail,Tablet,In-Store,Contract Issue,79,96.81,6768.76,9.76,7,True,6,3,Decent support,Neutral,0.4009,92.8,1,85.68,0.0875,Platinum,0.6355,2023-01-30
CUST02138,Southeast,Enterprise,2-Year,Auto-Pay,Tablet,App,Speed Issue,4,213.16,808.4,27.03,6,True,68,2,Billing overcharge not fixed,Negative,0.2219,100,1,202.1,1.2,Bronze,0.644,2022-09-16
CUST02139,West,Premium,1-Year,Mail,Smartphone,App,Contract Issue,44,40.43,1798.93,94.26,7,True,-6,4,Great network coverage,Positive,0.6246,65.2,1,40.88,0.1556,Gold,0.7145,2022-05-18
CUST02140,Southeast,Enterprise,1-Year,Manual-Online,Hotspot,App,Speed Issue,70,162.79,10826.67,20.04,7,True,-99,1,Billing overcharge not fixed,Negative,0.1761,100,1,154.67,0.0986,Platinum,0.2517,2024-06-23
CUST02141,West,Enterprise,1-Year,Auto-Pay,Tablet,In-Store,Contract Issue,11,119.8,1212.92,50.26,11,True,30,2,Worst customer service experience,Negative,0.0326,100,1,110.27,0.9167,Bronze,0.5775,2023-11-03
CUST02142,Midwest,Basic,Month-to-Month,In-Store,Business Line,Email,Plan Change,38,71.73,2781.59,97.91,10,False,22,4,Excellent support experience,Positive,0.8887,65.6,1,73.2,0.2564,Gold,0.7135,2023-05-02
CUST02143,Southwest,Enterprise,1-Year,In-Store,Smartphone,Chat,Contract Issue,75,217.17,16116.53,71.73,12,False,31,2,Agent was unhelpful,Negative,0.1693,100,1,214.89,0.1579,Platinum,0.5292,2024-01-17
CUST02144,Southwest,Standard,1-Year,Auto-Pay,Smartphone,App,No Issue,37,49.12,1776.41,4.65,12,True,43,3,Got what I needed but took a while,Neutral,0.3103,95.4,1,48.01,0.3158,Gold,0.7003,2024-12-23
CUST02145,West,Basic,1-Year,Manual-Online,Smartphone,Phone,Billing Dispute,29,233.8,6728.61,66.52,3,True,-60,1,Will consider switching providers,Negative,0.1853,100,1,232.02,0.1,Silver,0.32,2024-03-22
CUST02146,West,Enterprise,Month-to-Month,Mail,Tablet,Chat,Network Outage,83,127.63,9629.81,30.78,7,False,-8,4,Seamless experience overall,Positive,0.8562,65.6,1,116.02,0.0833,Platinum,0.661,2022-01-06
CUST02147,Midwest,Enterprise,2-Year,In-Store,Home Internet,Email,No Issue,25,159.56,3780.87,5.04,8,False,15,2,Issue still not resolved,Negative,0.1177,100,1,151.23,0.3077,Silver,0.5012,2022-01-12
CUST02148,Southwest,Premium,1-Year,Mail,Business Line,App,Device Problem,31,188.1,5014.84,43.1,13,True,-86,2,Issue still not resolved,Negative,0.041,100,1,161.77,0.4062,Silver,0.3745,2022-12-27
CUST02149,West,Enterprise,Month-to-Month,In-Store,Hotspot,In-Store,No Issue,66,226.8,14778.46,68.06,1,True,-97,1,Worst customer service experience,Negative,0.0366,100,1,223.92,0.0149,Platinum,0.2552,2023-10-09
CUST02150,Southwest,Enterprise,2-Year,Auto-Pay,Smartphone,Chat,Billing Dispute,75,177.72,13905.28,111.1,14,True,32,5,Highly satisfied with resolution,Positive,0.7031,41.6,0,185.4,0.1842,Platinum,0.881,2024-06-22
CUST02151,Southeast,Premium,2-Year,Mail,Hotspot,Phone,No Issue,52,195.7,9122.08,69.27,1,True,-74,2,No accountability at all,Negative,0.0954,100,1,175.42,0.0189,Gold,0.3955,2024-02-14
CUST02152,West,Basic,2-Year,Manual-Online,Tablet,Chat,Network Outage,2,107.02,187.32,79.58,8,True,-9,1,Will consider switching providers,Negative,0.1969,100,1,93.66,2.6667,Bronze,0.4093,2023-02-07
CUST02153,Midwest,Premium,2-Year,Auto-Pay,Business Line,Email,Network Outage,74,92.18,6924.58,38.31,14,True,86,2,Poor network reliability,Negative,0.0741,100,1,93.58,0.1867,Platinum,0.6755,2024-07-05
CUST02154,West,Enterprise,1-Year,Mail,Smartphone,In-Store,No Issue,22,215.13,4518.54,112.61,2,True,99,3,Service was okay,Neutral,0.4943,64.2,0,205.39,0.087,Silver,0.7983,2024-08-21
CUST02155,Southwest,Standard,2-Year,Mail,Hotspot,Email,Contract Issue,84,72.76,5840.53,61.75,13,True,-59,5,Problem resolved quickly,Positive,0.8535,57.8,0,69.53,0.1529,Platinum,0.7218,2024-07-05
CUST02156,Northeast,Standard,1-Year,Mail,Tablet,App,Network Outage,1,133.81,123.06,37.76,2,True,-70,2,Issue still not resolved,Negative,0.0233,100,1,123.06,1.0,Bronze,0.4025,2024-08-20
CUST02157,Southwest,Enterprise,Month-to-Month,In-Store,Home Internet,In-Store,Device Problem,58,138.51,7781.19,118.52,4,True,-42,1,No accountability at all,Negative,0.291,100,1,134.16,0.0678,Gold,0.3515,2024-06-28
CUST02158,Midwest,Enterprise,1-Year,Auto-Pay,Hotspot,App,Plan Change,24,82.4,2011.6,25.9,0,False,12,4,Great network coverage,Positive,0.7929,47.6,0,83.82,0.0,Silver,0.696,2022-12-14
CUST02159,Midwest,Enterprise,2-Year,Manual-Online,Home Internet,Email,Speed Issue,60,44.1,2737.78,34.53,13,False,-34,3,Decent support,Neutral,0.3949,100,1,45.63,0.2131,Platinum,0.5155,2024-07-15
CUST02160,Midwest,Standard,1-Year,Mail,Hotspot,Email,Contract Issue,67,147.0,10308.16,39.45,13,True,81,1,Terrible wait times,Negative,0.2845,100,1,153.85,0.1912,Platinum,0.5667,2022-07-30
CUST02161,Northeast,Premium,2-Year,Mail,Home Internet,Phone,No Issue,30,149.55,4122.48,39.05,13,True,88,4,Seamless experience overall,Positive,0.9973,58.4,0,137.42,0.4194,Silver,0.879,2024-01-25
CUST02162,Northeast,Enterprise,2-Year,Auto-Pay,Business Line,App,Network Outage,65,191.74,13067.53,103.28,7,True,11,3,Average experience,Neutral,0.5278,91.8,1,201.04,0.1061,Platinum,0.6442,2023-10-18
CUST02163,Southwest,Enterprise,Month-to-Month,Manual-Online,Hotspot,Email,Device Problem,26,181.38,4814.07,93.51,4,True,-24,5,Highly satisfied with resolution,Positive,0.6554,32.8,0,185.16,0.1481,Silver,0.783,2023-10-20
CUST02164,West,Basic,1-Year,Auto-Pay,Hotspot,Email,Contract Issue,61,217.7,13780.52,76.92,12,True,37,5,Very happy with service,Positive,0.9296,36.6,0,225.91,0.1935,Platinum,0.8898,2023-02-19
CUST02165,Southeast,Premium,2-Year,Manual-Online,Home Internet,Chat,Device Problem,15,176.31,2643.3,47.37,5,False,48,4,Outstanding customer care,Positive,0.7926,50.4,0,176.22,0.3125,Silver,0.759,2023-01-04
CUST02166,Southeast,Enterprise,Month-to-Month,Manual-Online,Business Line,Email,Contract Issue,36,133.3,4805.93,90.5,5,False,34,1,Agent was unhelpful,Negative,0.2754,100,1,133.5,0.1351,Gold,0.4345,2022-11-14
CUST02167,Southeast,Premium,Month-to-Month,Manual-Online,Tablet,Phone,Plan Change,1,220.74,221.37,102.78,5,True,-39,5,Outstanding customer care,Positive,0.947,37.8,0,221.37,2.5,Bronze,0.7568,2022-07-14
CUST02168,Southwest,Premium,1-Year,In-Store,Hotspot,Email,Billing Dispute,70,164.83,10541.89,107.81,7,True,-34,1,Agent was unhelpful,Negative,0.1041,100,1,150.6,0.0986,Platinum,0.3655,2023-04-06
CUST02169,Northeast,Standard,Month-to-Month,Manual-Online,Home Internet,In-Store,Network Outage,42,176.89,7609.29,2.08,14,False,-8,4,Great network coverage,Positive,0.8337,79.6,0,181.17,0.3256,Gold,0.661,2024-06-13
CUST02170,Southeast,Basic,Month-to-Month,Manual-Online,Hotspot,Chat,Plan Change,54,67.97,3516.15,108.96,10,False,-26,2,Worst customer service experience,Negative,0.0152,100,1,65.11,0.1818,Gold,0.4295,2024-12-08
CUST02171,Southwest,Standard,Month-to-Month,Auto-Pay,Business Line,Phone,No Issue,47,149.75,6231.8,72.16,9,False,19,2,Issue still not resolved,Negative,0.119,100,1,132.59,0.1875,Gold,0.5083,2023-05-15
CUST02172,Northeast,Premium,1-Year,Auto-Pay,Smartphone,In-Store,Network Outage,51,242.83,10903.78,92.57,7,True,79,4,Outstanding customer care,Positive,0.8435,48.2,0,213.8,0.1346,Gold,0.8633,2024-11-21
CUST02173,Midwest,Enterprise,1-Year,Auto-Pay,Smartphone,In-Store,No Issue,31,85.9,2610.71,27.49,1,True,-76,1,Issue still not resolved,Negative,0.1165,100,1,84.22,0.0312,Silver,0.292,2023-04-27
CUST02174,West,Enterprise,Month-to-Month,Manual-Online,Business Line,Email,Speed Issue,41,97.32,3623.11,1.32,10,False,57,4,Agent was very helpful,Positive,0.6651,58.6,0,88.37,0.2381,Gold,0.7748,2023-12-22
CUST02175,Northeast,Basic,2-Year,Auto-Pay,Business Line,Email,Plan Change,55,47.55,2423.11,117.91,13,True,89,1,Worst customer service experience,Negative,0.2673,100,1,44.06,0.2321,Gold,0.5807,2023-08-30
CUST02176,West,Basic,2-Year,Auto-Pay,Home Internet,Email,Plan Change,43,73.83,3225.05,75.29,12,True,-21,3,Service was okay,Neutral,0.4249,100,1,75.0,0.2727,Gold,0.5882,2024-10-03
CUST02177,Southwest,Premium,1-Year,Mail,Tablet,Phone,Billing Dispute,56,106.8,6130.14,109.43,8,True,-46,5,Very professional support team,Positive,0.678,45.2,0,109.47,0.1404,Gold,0.7445,2023-06-29
CUST02178,Midwest,Basic,1-Year,Auto-Pay,Smartphone,Chat,Contract Issue,60,196.3,11463.63,45.61,5,True,69,1,Very disappointed with service,Negative,0.2522,100,1,191.06,0.082,Platinum,0.5457,2024-06-07
CUST02179,West,Basic,1-Year,In-Store,Tablet,Phone,Contract Issue,26,200.75,4958.12,10.59,14,True,-9,3,Issue eventually resolved,Neutral,0.3512,100,1,190.7,0.5185,Silver,0.6093,2022-12-06
CUST02180,Midwest,Standard,Month-to-Month,Auto-Pay,Tablet,App,Contract Issue,71,45.88,3281.02,22.54,11,True,-72,4,Great network coverage,Positive,0.6014,86.4,1,46.21,0.1528,Platinum,0.599,2022-11-20
CUST02181,West,Enterprise,Month-to-Month,In-Store,Smartphone,Email,No Issue,8,134.98,967.1,85.78,8,True,-41,5,Outstanding customer care,Positive,0.6954,44.2,0,120.89,0.8889,Bronze,0.7532,2023-05-21
CUST02182,Southeast,Premium,Month-to-Month,Manual-Online,Home Internet,Email,Plan Change,51,209.09,10745.33,29.53,7,True,-25,1,Agent was unhelpful,Negative,0.1445,100,1,210.69,0.1346,Gold,0.3812,2024-03-15
CUST02183,Midwest,Premium,Month-to-Month,In-Store,Tablet,App,No Issue,46,192.21,7549.29,27.75,0,False,63,3,Decent support,Neutral,0.467,67.4,1,164.12,0.0,Gold,0.6852,2023-05-19
CUST02184,Southeast,Basic,2-Year,In-Store,Smartphone,Email,Billing Dispute,35,236.21,7872.43,59.97,3,True,49,1,Issue still not resolved,Negative,0.1671,100,1,224.93,0.0833,Silver,0.5108,2023-03-09
CUST02185,West,Enterprise,Month-to-Month,Auto-Pay,Smartphone,App,Billing Dispute,62,85.68,4788.55,69.11,7,True,77,1,Problem kept recurring,Negative,0.2819,100,1,77.23,0.1111,Platinum,0.5597,2022-01-21
CUST02186,Northeast,Standard,2-Year,In-Store,Hotspot,In-Store,Plan Change,65,181.31,12174.9,64.06,10,False,93,2,Billing overcharge not fixed,Negative,0.1797,100,1,187.31,0.1515,Platinum,0.6378,2024-04-09
CUST02187,West,Basic,1-Year,Manual-Online,Tablet,In-Store,Device Problem,8,198.84,1622.92,95.6,8,True,-63,1,No accountability at all,Negative,0.0005,100,1,202.87,0.8889,Bronze,0.3147,2024-06-12
CUST02188,Southwest,Standard,2-Year,Manual-Online,Hotspot,Phone,No Issue,69,179.23,11960.32,34.56,9,True,48,2,Issue still not resolved,Negative,0.1206,100,1,173.34,0.1286,Platinum,0.609,2022-10-08
CUST02189,West,Premium,1-Year,Mail,Hotspot,Phone,Contract Issue,56,122.11,6208.6,67.51,1,True,70,1,Worst customer service experience,Negative,0.141,100,1,110.87,0.0175,Gold,0.5475,2022-05-23
CUST02190,West,Premium,Month-to-Month,In-Store,Business Line,Chat,Network Outage,44,83.69,3413.9,32.85,7,True,-98,2,Terrible wait times,Negative,0.0721,100,1,77.59,0.1556,Gold,0.3535,2024-01-21
CUST02191,Southeast,Enterprise,Month-to-Month,In-Store,Tablet,Phone,Plan Change,72,214.06,15812.0,35.54,0,True,-79,3,Waited longer than expected,Neutral,0.4467,95.8,1,219.61,0.0,Platinum,0.4868,2023-09-16
CUST02192,West,Premium,1-Year,Mail,Tablet,In-Store,No Issue,60,38.12,2292.16,114.38,1,False,17,5,Excellent support experience,Positive,0.8413,18.6,0,38.2,0.0164,Platinum,0.8048,2024-01-17
CUST02193,West,Premium,2-Year,Mail,Home Internet,Phone,Plan Change,50,50.69,2625.47,79.94,8,True,-13,4,Agent went above and beyond,Positive,0.8166,68.6,0,52.51,0.1569,Gold,0.7023,2022-07-17
CUST02194,Northeast,Basic,1-Year,Auto-Pay,Home Internet,Email,Device Problem,80,170.6,14031.26,4.77,5,True,75,5,Great network coverage,Positive,0.7825,15.0,0,175.39,0.0617,Platinum,0.9563,2024-07-18
CUST02195,Northeast,Enterprise,2-Year,Auto-Pay,Home Internet,Email,Plan Change,60,69.82,3904.49,37.68,2,True,-92,3,Nothing exceptional,Neutral,0.4319,100,1,65.07,0.0328,Platinum,0.464,2024-05-09
CUST02196,West,Basic,Month-to-Month,Mail,Hotspot,In-Store,Contract Issue,21,150.82,2734.37,116.29,3,True,25,5,Very professional support team,Positive,0.8565,21.0,0,130.21,0.1364,Silver,0.8688,2024-12-29
CUST02197,Southwest,Premium,2-Year,Manual-Online,Hotspot,App,Contract Issue,75,44.07,3390.65,4.07,9,True,84,3,Acceptable service,Neutral,0.5335,81.2,1,45.21,0.1184,Platinum,0.772,2024-01-24
CUST02198,Southeast,Enterprise,2-Year,Manual-Online,Smartphone,Email,Network Outage,59,227.81,11970.91,64.02,11,False,26,1,Issue still not resolved,Negative,0.1306,100,1,202.9,0.1833,Gold,0.4205,2023-06-08
CUST02199,Midwest,Basic,1-Year,In-Store,Smartphone,Chat,Billing Dispute,35,37.96,1247.44,49.83,4,True,98,1,Worst customer service experience,Negative,0.0937,100,1,35.64,0.1111,Silver,0.5965,2022-03-24
CUST02200,West,Enterprise,Month-to-Month,Mail,Business Line,Phone,Network Outage,72,140.72,10432.5,90.15,9,True,16,2,Billing overcharge not fixed,Negative,0.2985,100,1,144.9,0.1233,Platinum,0.553,2024-09-21
CUST02201,Southwest,Standard,1-Year,Auto-Pay,Business Line,In-Store,Contract Issue,25,208.73,4861.18,99.06,10,True,14,3,Could be improved,Neutral,0.5509,97.2,1,194.45,0.3846,Silver,0.6495,2023-05-14
CUST02202,West,Basic,Month-to-Month,In-Store,Tablet,App,Contract Issue,19,108.0,2037.2,7.56,13,False,17,1,Agent was unhelpful,Negative,0.2144,100,1,107.22,0.65,Silver,0.4047,2022-01-05
CUST02203,Northeast,Enterprise,1-Year,Manual-Online,Smartphone,Email,Billing Dispute,21,107.03,2339.37,8.01,9,True,-49,1,Worst customer service experience,Negative,0.254,100,1,111.4,0.4091,Silver,0.3392,2024-08-10
CUST02204,Midwest,Standard,1-Year,Auto-Pay,Home Internet,Chat,Network Outage,58,156.63,9005.73,82.94,3,False,10,2,Terrible wait times,Negative,0.0028,100,1,155.27,0.0508,Gold,0.4925,2023-08-29
CUST02205,Southeast,Enterprise,Month-to-Month,Auto-Pay,Hotspot,Phone,Plan Change,71,168.39,11327.01,86.6,14,False,-66,2,Problem kept recurring,Negative,0.0104,100,1,159.54,0.1944,Platinum,0.3595,2023-12-14
CUST02206,Midwest,Standard,Month-to-Month,Mail,Tablet,App,Billing Dispute,41,142.25,6118.74,33.45,15,True,-15,4,Outstanding customer care,Positive,0.7536,83.0,1,149.24,0.3571,Gold,0.6987,2024-08-15
CUST02207,Southwest,Standard,2-Year,Auto-Pay,Tablet,In-Store,Plan Change,3,115.96,358.88,39.11,11,True,69,2,Issue still not resolved,Negative,0.0713,100,1,119.63,2.75,Bronze,0.6457,2022-03-02
CUST02208,Southwest,Enterprise,Month-to-Month,Auto-Pay,Tablet,Phone,No Issue,8,209.41,1662.62,46.68,13,False,-18,3,Nothing exceptional,Neutral,0.3703,100,1,207.83,1.4444,Bronze,0.5435,2023-01-02
CUST02209,Midwest,Standard,2-Year,Auto-Pay,Home Internet,App,Speed Issue,29,103.68,2977.42,113.46,13,True,19,5,Very happy with service,Positive,0.7463,42.2,0,102.67,0.4333,Silver,0.8582,2022-05-19
CUST02210,Southeast,Basic,1-Year,Mail,Tablet,Phone,Billing Dispute,29,113.19,3319.57,103.01,12,True,-9,3,Average experience,Neutral,0.4226,100,1,114.47,0.4,Silver,0.6093,2023-10-08
CUST02211,Northeast,Basic,1-Year,Auto-Pay,Hotspot,Email,Device Problem,2,110.11,229.33,75.12,11,True,43,4,Great network coverage,Positive,0.7971,63.4,0,114.67,3.6667,Bronze,0.8003,2023-07-01
CUST02212,Midwest,Basic,Month-to-Month,Manual-Online,Hotspot,App,Plan Change,70,159.64,10964.27,112.0,10,False,52,2,Agent was unhelpful,Negative,0.0941,100,1,156.63,0.1408,Platinum,0.566,2022-02-21
CUST02213,Northeast,Enterprise,2-Year,Manual-Online,Hotspot,Email,Billing Dispute,47,49.22,2336.63,114.23,14,True,-81,5,Problem resolved quickly,Positive,0.7898,64.2,0,49.72,0.2917,Gold,0.6833,2024-12-02
CUST02214,Midwest,Premium,Month-to-Month,Auto-Pay,Tablet,In-Store,No Issue,26,88.76,2362.36,97.06,10,True,71,1,Problem kept recurring,Negative,0.1269,100,1,90.86,0.3704,Silver,0.5493,2022-11-23
CUST02215,Northeast,Standard,1-Year,Mail,Smartphone,In-Store,Speed Issue,49,46.92,2022.59,84.29,13,True,-37,2,Poor network reliability,Negative,0.2541,100,1,41.28,0.26,Gold,0.4602,2023-06-20
CUST02216,West,Basic,2-Year,Auto-Pay,Smartphone,Chat,Speed Issue,68,182.01,10935.6,86.74,2,True,-89,5,Very professional support team,Positive,0.9519,41.8,0,160.82,0.029,Platinum,0.6693,2023-05-30
CUST02217,Southeast,Enterprise,1-Year,Auto-Pay,Tablet,In-Store,Plan Change,15,137.25,2131.2,30.72,0,True,-18,5,Great network coverage,Positive,0.9226,23.6,0,142.08,0.0,Silver,0.7935,2022-01-25
CUST02218,Midwest,Basic,2-Year,Auto-Pay,Hotspot,Chat,Network Outage,28,92.17,2626.88,41.45,1,True,77,1,Agent was unhelpful,Negative,0.1024,100,1,93.82,0.0345,Silver,0.5597,2024-11-27
CUST02219,West,Basic,2-Year,Manual-Online,Smartphone,Phone,Billing Dispute,13,120.4,1460.28,37.11,0,True,62,1,Billing overcharge not fixed,Negative,0.2717,100,1,112.33,0.0,Silver,0.5335,2024-07-06
CUST02220,West,Premium,Month-to-Month,Auto-Pay,Tablet,Email,Plan Change,68,220.06,13906.24,19.88,14,True,59,5,Great network coverage,Positive,0.9134,36.2,0,204.5,0.2029,Platinum,0.9283,2023-06-24
CUST02221,Southwest,Premium,2-Year,Auto-Pay,Tablet,In-Store,Billing Dispute,75,62.69,4226.58,10.41,8,False,-6,4,Highly satisfied with resolution,Positive,0.7982,67.2,1,56.35,0.1053,Platinum,0.6645,2022-09-03
CUST02222,West,Enterprise,1-Year,Mail,Business Line,Chat,Network Outage,3,92.78,268.58,42.1,1,True,-40,5,Very professional support team,Positive,0.8702,30.0,0,89.53,0.25,Bronze,0.755,2024-03-22
CUST02223,Midwest,Basic,1-Year,In-Store,Hotspot,Chat,Plan Change,50,61.71,3069.52,111.92,10,True,-67,2,Very disappointed with service,Negative,0.1415,100,1,61.39,0.1961,Gold,0.4078,2022-10-30
CUST02224,Midwest,Enterprise,1-Year,In-Store,Smartphone,Phone,Device Problem,13,226.36,2895.3,68.65,11,False,-36,3,Issue eventually resolved,Neutral,0.4512,100,1,222.72,0.7857,Silver,0.512,2022-01-28
CUST02225,Midwest,Standard,2-Year,Manual-Online,Hotspot,Chat,Plan Change,29,111.17,3148.81,111.14,4,False,31,5,Highly satisfied with resolution,Positive,0.8258,21.8,0,108.58,0.1333,Silver,0.8293,2024-11-10
CUST02226,Northeast,Standard,Month-to-Month,Mail,Business Line,In-Store,Speed Issue,49,164.9,7155.38,80.05,13,True,17,4,Agent was very helpful,Positive,0.696,72.6,1,146.03,0.26,Gold,0.7548,2023-04-29
CUST02227,Northeast,Standard,1-Year,In-Store,Tablet,Email,Billing Dispute,69,75.28,5183.44,84.74,11,True,62,4,Great network coverage,Positive,0.9285,59.6,0,75.12,0.1571,Platinum,0.8335,2022-03-09
CUST02228,Southeast,Standard,2-Year,Auto-Pay,Smartphone,In-Store,Device Problem,11,179.14,1685.5,16.46,9,True,-96,2,Will consider switching providers,Negative,0.0859,100,1,153.23,0.75,Bronze,0.357,2024-07-20
CUST02229,Southeast,Premium,2-Year,Manual-Online,Hotspot,Chat,No Issue,83,92.0,6867.37,9.71,6,True,-39,1,Worst customer service experience,Negative,0.2514,100,1,82.74,0.0714,Platinum,0.3568,2024-05-24
CUST02230,West,Basic,1-Year,Mail,Home Internet,Email,Device Problem,62,172.09,9358.81,7.16,3,True,69,1,No accountability at all,Negative,0.0691,100,1,150.95,0.0476,Platinum,0.5457,2023-05-28
CUST02231,Southeast,Enterprise,2-Year,Manual-Online,Home Internet,Chat,No Issue,11,171.32,1770.31,85.68,11,True,-52,3,Nothing exceptional,Neutral,0.3635,100,1,160.94,0.9167,Bronze,0.534,2023-04-08
CUST02232,Southwest,Standard,Month-to-Month,In-Store,Tablet,Email,No Issue,64,134.91,8668.71,55.26,8,True,14,3,Issue eventually resolved,Neutral,0.4975,93.2,1,135.45,0.1231,Platinum,0.6495,2024-12-03
CUST02233,Southwest,Premium,Month-to-Month,Auto-Pay,Smartphone,Email,Plan Change,40,125.02,4285.53,85.61,6,True,49,4,Great network coverage,Positive,0.7957,52.2,0,107.14,0.1463,Gold,0.8108,2024-11-01
CUST02234,Midwest,Standard,Month-to-Month,In-Store,Home Internet,Email,Contract Issue,81,182.22,14281.15,67.69,11,True,14,4,Agent went above and beyond,Positive,0.8305,69.2,0,176.31,0.1341,Platinum,0.7495,2023-05-16
CUST02235,Southwest,Standard,2-Year,In-Store,Tablet,Phone,Contract Issue,82,42.0,3609.85,112.11,9,False,-80,4,Seamless experience overall,Positive,0.8368,84.0,1,44.02,0.1084,Platinum,0.535,2023-08-17
CUST02236,West,Enterprise,2-Year,Mail,Business Line,Chat,Plan Change,73,143.68,9826.85,86.39,2,True,46,3,Decent support,Neutral,0.5341,74.8,1,134.61,0.027,Platinum,0.7055,2023-11-03
CUST02237,Southwest,Standard,2-Year,Auto-Pay,Smartphone,App,Speed Issue,57,68.03,4035.03,40.53,1,True,58,3,Could be improved,Neutral,0.4462,70.4,1,70.79,0.0172,Gold,0.7265,2024-05-15
CUST02238,Southeast,Enterprise,2-Year,Manual-Online,Business Line,App,Device Problem,46,94.24,4517.06,113.29,15,False,45,1,No accountability at all,Negative,0.1881,100,1,98.2,0.3191,Gold,0.4537,2022-11-11
CUST02239,Southeast,Basic,Month-to-Month,Auto-Pay,Smartphone,Chat,Billing Dispute,33,69.13,2311.86,80.47,1,False,-54,3,Could be improved,Neutral,0.397,92.8,1,70.06,0.0294,Silver,0.4805,2023-11-28
CUST02240,Northeast,Premium,2-Year,Auto-Pay,Business Line,In-Store,Device Problem,13,169.13,2213.86,118.92,0,True,-100,3,Nothing exceptional,Neutral,0.4545,100.0,1,170.3,0.0,Silver,0.45,2024-09-17
CUST02241,Southeast,Premium,Month-to-Month,Manual-Online,Home Internet,Email,Contract Issue,76,240.88,17111.58,84.75,4,True,32,2,Terrible wait times,Negative,0.0345,100,1,225.15,0.0519,Platinum,0.581,2022-09-12
CUST02242,Southwest,Enterprise,Month-to-Month,In-Store,Smartphone,Phone,Contract Issue,28,220.21,5556.71,91.31,7,True,-41,4,Seamless experience overall,Positive,0.8719,72.2,1,198.45,0.2414,Silver,0.6533,2024-10-16
CUST02243,West,Standard,1-Year,Manual-Online,Home Internet,Email,Plan Change,62,100.98,5580.61,9.28,9,False,53,1,Problem kept recurring,Negative,0.2737,100,1,90.01,0.1429,Platinum,0.4677,2022-06-03
CUST02244,Southeast,Basic,1-Year,Auto-Pay,Business Line,App,Billing Dispute,62,215.31,14007.2,47.77,13,False,71,3,Issue eventually resolved,Neutral,0.4378,91.8,1,225.92,0.2063,Platinum,0.6992,2022-12-15
CUST02245,Midwest,Standard,1-Year,Mail,Home Internet,App,Contract Issue,32,202.17,6450.48,26.94,11,True,-1,5,Highly satisfied with resolution,Positive,0.8861,42.2,0,201.58,0.3333,Silver,0.8233,2024-01-13
CUST02246,Midwest,Enterprise,2-Year,Mail,Home Internet,Phone,Speed Issue,2,134.39,258.58,12.14,1,False,-55,5,Problem resolved quickly,Positive,0.861,33.0,0,129.29,0.3333,Bronze,0.6787,2023-09-02
CUST02247,West,Enterprise,1-Year,Mail,Smartphone,Phone,Contract Issue,49,49.39,2352.05,77.04,6,False,71,2,Will consider switching providers,Negative,0.1185,100,1,48.0,0.12,Gold,0.5993,2024-06-22
CUST02248,Midwest,Enterprise,2-Year,In-Store,Hotspot,Phone,Plan Change,5,158.27,682.72,73.01,10,False,2,2,Very disappointed with service,Negative,0.1956,100,1,136.54,1.6667,Bronze,0.4785,2023-02-16
CUST02249,West,Standard,2-Year,Auto-Pay,Smartphone,Email,Contract Issue,10,115.53,995.06,61.74,1,True,28,1,Terrible wait times,Negative,0.2295,100,1,99.51,0.0909,Bronze,0.474,2023-02-05
CUST02250,West,Standard,2-Year,Mail,Hotspot,Phone,Device Problem,81,225.09,18288.52,71.89,12,False,17,4,Highly satisfied with resolution,Positive,0.7442,70.6,1,225.78,0.1463,Platinum,0.7047,2024-11-24
CUST02251,Southwest,Basic,1-Year,Auto-Pay,Tablet,App,Plan Change,50,163.97,7954.71,12.44,9,True,22,1,Poor network reliability,Negative,0.1722,100,1,159.09,0.1765,Gold,0.4635,2023-03-21
CUST02252,Northeast,Standard,Month-to-Month,Mail,Business Line,App,Network Outage,61,209.37,11930.42,19.64,7,False,94,5,Great network coverage,Positive,0.7149,15.2,0,195.58,0.1129,Platinum,0.9395,2024-01-07
CUST02253,West,Enterprise,Month-to-Month,Manual-Online,Business Line,Chat,Plan Change,35,68.0,2320.69,45.55,11,False,92,1,Terrible wait times,Negative,0.1008,100,1,66.31,0.3056,Silver,0.536,2022-11-17
CUST02254,Southeast,Standard,2-Year,In-Store,Hotspot,Phone,Contract Issue,70,101.09,6708.68,4.07,13,True,-99,2,No accountability at all,Negative,0.2335,100,1,95.84,0.1831,Platinum,0.3518,2022-12-30
CUST02255,Southwest,Standard,Month-to-Month,In-Store,Tablet,App,No Issue,57,145.96,7900.16,45.57,6,True,53,4,Outstanding customer care,Positive,0.7938,51.4,0,138.6,0.1034,Gold,0.8177,2022-11-17
CUST02256,West,Premium,2-Year,Mail,Hotspot,In-Store,Speed Issue,47,100.6,4449.1,18.96,7,True,94,1,Issue still not resolved,Negative,0.2996,100,1,94.66,0.1458,Gold,0.5895,2023-12-25
CUST02257,Northeast,Basic,2-Year,Mail,Hotspot,In-Store,Contract Issue,40,210.13,8727.9,90.27,10,True,66,1,Very disappointed with service,Negative,0.0327,100,1,218.2,0.2439,Gold,0.5405,2024-05-11
CUST02258,West,Enterprise,1-Year,In-Store,Home Internet,In-Store,Billing Dispute,76,76.66,5571.43,92.86,13,False,-51,4,Outstanding customer care,Positive,0.7555,86.2,1,73.31,0.1688,Platinum,0.5857,2023-11-08
CUST02259,Southeast,Standard,Month-to-Month,In-Store,Home Internet,In-Store,Speed Issue,74,119.84,7943.87,114.37,4,True,77,4,Agent was very helpful,Positive,0.8008,42.6,0,107.35,0.0533,Platinum,0.8598,2022-06-02
CUST02260,Midwest,Basic,Month-to-Month,Manual-Online,Home Internet,Email,Network Outage,71,224.93,15167.49,35.31,10,True,-18,2,Billing overcharge not fixed,Negative,0.0026,100,1,213.63,0.1389,Platinum,0.4935,2022-01-08
CUST02261,Midwest,Enterprise,Month-to-Month,Mail,Smartphone,App,Device Problem,83,154.0,11283.55,10.05,11,False,15,2,Worst customer service experience,Negative,0.1133,100,1,135.95,0.131,Platinum,0.5012,2024-12-26
CUST02262,Midwest,Basic,2-Year,Auto-Pay,Home Internet,Email,Device Problem,30,115.54,3199.19,74.07,11,False,-24,5,Very professional support team,Positive,0.8732,46.8,0,106.64,0.3548,Silver,0.733,2023-12-11
CUST02263,Midwest,Enterprise,Month-to-Month,Manual-Online,Smartphone,App,Plan Change,33,241.01,7180.18,95.32,12,True,11,2,Terrible wait times,Negative,0.0543,100,1,217.58,0.3529,Silver,0.5443,2024-09-07
CUST02264,Midwest,Enterprise,1-Year,Mail,Hotspot,Phone,Device Problem,82,64.71,4660.56,61.4,14,False,-6,4,Excellent support experience,Positive,0.9142,79.2,1,56.84,0.1687,Platinum,0.6645,2022-06-16
CUST02265,Southwest,Enterprise,1-Year,In-Store,Home Internet,App,No Issue,69,216.63,13365.85,87.93,1,True,-85,3,Nothing exceptional,Neutral,0.386,99.0,1,193.71,0.0143,Platinum,0.4763,2022-08-21
CUST02266,West,Standard,1-Year,In-Store,Business Line,Email,Speed Issue,5,100.94,486.26,69.03,8,True,-53,3,Could be improved,Neutral,0.3309,100,1,97.25,1.3333,Bronze,0.5323,2022-10-03
CUST02267,Southeast,Standard,Month-to-Month,Auto-Pay,Home Internet,Email,Network Outage,26,111.8,2930.89,105.34,11,False,-20,5,Great network coverage,Positive,0.6081,46.0,0,112.73,0.4074,Silver,0.74,2024-03-21
CUST02268,Southeast,Standard,2-Year,Auto-Pay,Business Line,In-Store,Billing Dispute,68,137.81,8881.53,75.88,15,True,99,4,Problem resolved quickly,Positive,0.786,60.2,0,130.61,0.2174,Platinum,0.8982,2024-05-20
CUST02269,Southeast,Basic,2-Year,Mail,Home Internet,Phone,Plan Change,83,208.84,17246.13,104.25,12,False,-94,5,Seamless experience overall,Positive,0.8629,62.8,0,207.78,0.1429,Platinum,0.6105,2024-10-18
CUST02270,Southwest,Premium,1-Year,Auto-Pay,Smartphone,Email,Speed Issue,47,175.58,7746.71,17.72,12,True,56,1,Very disappointed with service,Negative,0.2787,100,1,164.82,0.25,Gold,0.523,2023-04-19
CUST02271,Southeast,Standard,1-Year,In-Store,Tablet,In-Store,Plan Change,21,106.03,2064.45,2.87,9,True,88,3,Issue eventually resolved,Neutral,0.3203,80.4,1,98.31,0.4091,Silver,0.779,2024-06-24
CUST02272,Midwest,Standard,2-Year,Mail,Tablet,Email,No Issue,82,99.45,7079.37,105.63,14,True,29,5,Outstanding customer care,Positive,0.6029,42.2,0,86.33,0.1687,Platinum,0.8758,2023-11-06
CUST02273,Midwest,Standard,2-Year,Auto-Pay,Hotspot,Phone,Contract Issue,51,104.51,5198.52,17.89,6,True,-92,4,Very happy with service,Positive,0.7397,80.4,1,101.93,0.1154,Gold,0.564,2023-01-24
CUST02274,Northeast,Enterprise,2-Year,Mail,Home Internet,Phone,Billing Dispute,17,147.63,2292.66,66.15,14,True,-54,4,Great network coverage,Positive,0.9747,88.8,1,134.86,0.7778,Silver,0.6305,2023-04-05
CUST02275,West,Standard,Month-to-Month,In-Store,Business Line,Phone,Speed Issue,11,78.98,756.43,29.72,13,True,44,1,No accountability at all,Negative,0.1116,100,1,68.77,1.0833,Bronze,0.502,2023-03-18
CUST02276,Northeast,Enterprise,2-Year,In-Store,Business Line,Phone,No Issue,55,201.23,11096.34,111.53,13,False,-59,2,Worst customer service experience,Negative,0.1008,100,1,201.75,0.2321,Gold,0.3718,2024-04-27
CUST02277,Northeast,Enterprise,1-Year,Mail,Hotspot,Email,Plan Change,46,128.75,5322.57,109.77,10,True,-75,1,Problem kept recurring,Negative,0.1444,100,1,115.71,0.2128,Gold,0.2938,2022-09-25
CUST02278,Midwest,Basic,1-Year,Auto-Pay,Tablet,Email,Contract Issue,69,173.21,11921.34,66.23,0,True,-17,5,Seamless experience overall,Positive,0.6605,23.4,0,172.77,0.0,Platinum,0.7953,2023-12-03
CUST02279,West,Premium,1-Year,Mail,Tablet,Chat,Plan Change,3,63.63,198.19,2.95,9,True,-6,1,Billing overcharge not fixed,Negative,0.174,100,1,66.06,2.25,Bronze,0.4145,2022-08-28
CUST02280,West,Enterprise,Month-to-Month,Auto-Pay,Home Internet,Chat,Billing Dispute,44,169.74,7288.85,116.34,2,True,65,3,Decent support,Neutral,0.4321,71.0,0,165.66,0.0444,Gold,0.7388,2023-12-31
CUST02281,Northeast,Basic,Month-to-Month,In-Store,Hotspot,App,Speed Issue,5,238.76,1146.94,17.4,15,True,3,5,Very professional support team,Positive,0.8727,49.4,0,229.39,2.5,Bronze,0.8303,2024-02-27
CUST02282,Midwest,Premium,2-Year,Manual-Online,Hotspot,In-Store,Contract Issue,45,192.59,8843.87,78.29,1,True,67,4,Problem resolved quickly,Positive,0.825,38.6,0,196.53,0.0217,Gold,0.8422,2024-04-06
CUST02283,Midwest,Enterprise,Month-to-Month,Manual-Online,Hotspot,Email,Speed Issue,66,231.58,13289.01,5.57,7,True,-11,1,Billing overcharge not fixed,Negative,0.2614,100,1,201.35,0.1045,Platinum,0.4057,2023-01-12
CUST02284,Midwest,Premium,2-Year,Mail,Home Internet,Phone,Contract Issue,78,37.74,2526.08,5.15,11,True,51,5,Very happy with service,Positive,0.7093,31.8,0,32.39,0.1392,Platinum,0.9143,2024-05-04
CUST02285,West,Standard,1-Year,Auto-Pay,Hotspot,Chat,Contract Issue,74,112.82,8329.88,7.06,14,True,-82,4,Very professional support team,Positive,0.8004,94.4,1,112.57,0.1867,Platinum,0.5815,2022-08-25
CUST02286,West,Enterprise,2-Year,Auto-Pay,Tablet,Chat,Network Outage,81,150.02,11251.74,13.92,5,True,-7,1,Billing overcharge not fixed,Negative,0.0977,100,1,138.91,0.061,Platinum,0.4128,2024-04-17
CUST02287,West,Standard,1-Year,Mail,Tablet,Chat,Network Outage,45,78.18,3066.38,53.52,14,False,-56,2,Will consider switching providers,Negative,0.1064,100,1,68.14,0.3043,Gold,0.377,2024-10-17
CUST02288,Southwest,Premium,1-Year,In-Store,Hotspot,Chat,Plan Change,8,168.78,1322.58,74.41,14,True,19,2,Issue still not resolved,Negative,0.2275,100,1,165.32,1.5556,Bronze,0.5583,2024-10-12
CUST02289,Northeast,Enterprise,Month-to-Month,In-Store,Tablet,In-Store,No Issue,11,88.3,1002.04,31.04,2,False,-15,1,Billing overcharge not fixed,Negative,0.2298,100,1,91.09,0.1667,Bronze,0.3488,2024-01-28
CUST02290,Southeast,Enterprise,1-Year,In-Store,Hotspot,App,Contract Issue,82,61.55,5201.47,50.28,9,True,-35,1,Will consider switching providers,Negative,0.2394,100,1,63.43,0.1084,Platinum,0.3638,2022-08-23
CUST02291,Southeast,Enterprise,2-Year,Auto-Pay,Hotspot,App,Plan Change,63,212.26,11727.68,72.75,6,False,-37,5,Agent went above and beyond,Positive,0.9724,39.4,0,186.15,0.0938,Platinum,0.7103,2022-12-04
CUST02292,Midwest,Standard,1-Year,Mail,Smartphone,In-Store,Speed Issue,16,98.41,1420.73,91.79,8,True,-57,4,Problem resolved quickly,Positive,0.7409,77.4,1,88.8,0.4706,Silver,0.6253,2023-08-02
CUST02293,Southeast,Premium,1-Year,In-Store,Home Internet,Chat,Plan Change,26,61.53,1662.06,86.66,2,True,36,3,Nothing exceptional,Neutral,0.4034,76.8,1,63.93,0.0741,Silver,0.688,2022-01-19
CUST02294,Southwest,Premium,1-Year,Manual-Online,Hotspot,Phone,No Issue,62,104.63,5991.18,108.41,1,True,65,5,Agent was very helpful,Positive,0.8788,9.0,0,96.63,0.0159,Platinum,0.9387,2024-06-17
CUST02295,Southeast,Enterprise,Month-to-Month,Manual-Online,Home Internet,Phone,Network Outage,40,37.17,1461.21,79.13,6,False,35,1,Agent was unhelpful,Negative,0.0454,100,1,36.53,0.1463,Gold,0.4363,2024-08-20
CUST02296,Southeast,Enterprise,Month-to-Month,Manual-Online,Tablet,In-Store,Network Outage,58,128.36,7401.7,53.24,13,True,29,5,Excellent support experience,Positive,0.8323,40.2,0,127.62,0.2203,Gold,0.8758,2023-08-23
CUST02297,West,Enterprise,2-Year,Mail,Hotspot,App,Contract Issue,20,244.63,4442.02,73.24,6,True,-49,4,Seamless experience overall,Positive,0.6628,71.8,1,222.1,0.2857,Silver,0.6393,2024-04-05
CUST02298,West,Premium,2-Year,Auto-Pay,Hotspot,Phone,Device Problem,84,122.98,9688.06,60.67,5,True,-52,1,Agent was unhelpful,Negative,0.2623,100,1,115.33,0.0588,Platinum,0.334,2024-09-17
CUST02299,West,Basic,1-Year,Manual-Online,Hotspot,Chat,Network Outage,71,179.72,11411.65,24.76,10,True,31,1,Worst customer service experience,Negative,0.0839,100,1,160.73,0.1389,Platinum,0.4792,2022-01-24
CUST02300,Southeast,Standard,1-Year,Manual-Online,Business Line,Chat,No Issue,16,221.68,3172.39,63.89,11,True,-82,1,Agent was unhelpful,Negative,0.169,100,1,198.27,0.6471,Silver,0.2815,2022-07-13
CUST02301,Midwest,Enterprise,Month-to-Month,In-Store,Smartphone,Email,Plan Change,11,34.72,353.47,51.73,13,True,-40,4,Outstanding customer care,Positive,0.7589,84.0,1,32.13,1.0833,Bronze,0.655,2022-10-17
CUST02302,West,Standard,Month-to-Month,In-Store,Home Internet,App,Contract Issue,78,58.99,4769.72,115.14,3,True,9,1,Agent was unhelpful,Negative,0.1012,100,1,61.15,0.038,Platinum,0.4407,2024-05-01
CUST02303,Southeast,Basic,Month-to-Month,In-Store,Smartphone,Chat,Speed Issue,62,215.75,13751.06,60.07,0,False,-66,5,Great network coverage,Positive,0.6257,33.2,0,221.79,0.0,Platinum,0.6595,2024-09-05
CUST02304,Midwest,Standard,1-Year,Mail,Home Internet,Email,Billing Dispute,69,77.16,5113.58,91.77,5,True,-26,1,Agent was unhelpful,Negative,0.1413,100,1,74.11,0.0714,Platinum,0.3795,2023-02-06
CUST02305,Northeast,Enterprise,Month-to-Month,In-Store,Tablet,App,Billing Dispute,25,166.2,4032.65,114.53,0,True,-13,4,Agent was very helpful,Positive,0.7591,52.6,0,161.31,0.0,Silver,0.7023,2022-03-23
CUST02306,West,Basic,2-Year,Manual-Online,Hotspot,In-Store,Speed Issue,66,211.56,14361.78,54.42,5,True,-41,2,No accountability at all,Negative,0.0352,100,1,217.6,0.0746,Platinum,0.4532,2023-11-08
CUST02307,Southeast,Standard,2-Year,Manual-Online,Tablet,Phone,Plan Change,59,177.53,9269.0,92.73,8,True,-72,3,Expected better response time,Neutral,0.4652,100,1,157.1,0.1333,Gold,0.499,2023-08-29
CUST02308,West,Premium,1-Year,Manual-Online,Smartphone,App,Plan Change,52,203.22,9745.31,32.92,1,True,21,5,Agent was very helpful,Positive,0.8946,17.8,0,187.41,0.0189,Gold,0.8618,2023-07-07
CUST02309,West,Standard,1-Year,Mail,Business Line,App,Network Outage,62,215.29,12305.44,76.98,11,True,-29,3,Acceptable service,Neutral,0.4479,100,1,198.47,0.1746,Platinum,0.5742,2022-03-21
CUST02310,Northeast,Enterprise,2-Year,Mail,Smartphone,App,Plan Change,7,190.97,1167.17,94.96,3,True,-42,3,Acceptable service,Neutral,0.3007,94.4,1,166.74,0.375,Bronze,0.5515,2023-01-31
CUST02311,Southeast,Standard,Month-to-Month,In-Store,Home Internet,App,Device Problem,34,34.04,995.04,38.17,0,True,58,2,Agent was unhelpful,Negative,0.0981,98.4,1,29.27,0.0,Silver,0.6265,2022-01-15
CUST02312,West,Standard,Month-to-Month,Mail,Smartphone,App,Network Outage,10,247.72,2473.85,16.52,12,False,-42,2,Issue still not resolved,Negative,0.0879,100,1,247.38,1.0909,Bronze,0.4015,2022-11-16
CUST02313,Southeast,Basic,Month-to-Month,Auto-Pay,Home Internet,Chat,Contract Issue,58,56.63,3313.41,36.12,14,True,-89,3,Waited longer than expected,Neutral,0.4998,100,1,57.13,0.2373,Gold,0.4693,2024-01-12
CUST02314,Northeast,Basic,2-Year,Auto-Pay,Smartphone,Email,Device Problem,57,205.53,10503.27,43.62,13,True,-7,5,Highly satisfied with resolution,Positive,0.6348,47.4,0,184.27,0.2241,Gold,0.8128,2024-06-04
CUST02315,Southeast,Premium,Month-to-Month,In-Store,Smartphone,Phone,Contract Issue,4,63.01,223.6,111.49,12,False,-75,1,Terrible wait times,Negative,0.2227,100,1,55.9,2.4,Bronze,0.2438,2022-02-14
CUST02316,Southeast,Premium,2-Year,Manual-Online,Tablet,Email,Device Problem,57,127.62,6301.26,36.82,1,True,20,1,Agent was unhelpful,Negative,0.0453,100,1,110.55,0.0172,Gold,0.46,2024-10-12
CUST02317,Southwest,Enterprise,2-Year,In-Store,Tablet,In-Store,Billing Dispute,41,145.91,6214.28,63.19,3,False,86,5,Problem resolved quickly,Positive,0.6395,8.8,0,151.57,0.0714,Gold,0.9255,2022-08-05
CUST02318,Midwest,Basic,Month-to-Month,Auto-Pay,Hotspot,Phone,Contract Issue,34,55.51,1714.75,96.91,9,True,-22,4,Excellent support experience,Positive,0.9661,72.4,1,50.43,0.2571,Silver,0.6865,2023-02-22
CUST02319,West,Basic,2-Year,Mail,Hotspot,Chat,Plan Change,1,180.12,167.59,39.22,10,True,38,3,Service was okay,Neutral,0.3576,92.4,1,167.59,5.0,Bronze,0.6915,2022-01-16
CUST02320,Northeast,Basic,1-Year,Mail,Smartphone,In-Store,Billing Dispute,50,52.93,2593.7,5.38,3,True,15,2,Issue still not resolved,Negative,0.1994,100,1,51.87,0.0588,Gold,0.5513,2024-12-05
CUST02321,Northeast,Enterprise,Month-to-Month,Auto-Pay,Tablet,Email,Device Problem,76,113.74,8998.69,51.2,0,True,-84,5,Excellent support experience,Positive,0.8663,36.8,0,118.4,0.0,Platinum,0.678,2023-10-12
CUST02322,Midwest,Standard,1-Year,Auto-Pay,Home Internet,App,No Issue,20,217.39,3760.95,51.12,8,True,-31,2,Issue still not resolved,Negative,0.2509,100,1,188.05,0.381,Silver,0.4708,2023-06-04
CUST02323,West,Premium,1-Year,Mail,Home Internet,Phone,Speed Issue,68,62.08,3781.42,101.31,13,True,-68,1,Worst customer service experience,Negative,0.2762,100,1,55.61,0.1884,Platinum,0.306,2023-06-20
CUST02324,West,Basic,Month-to-Month,In-Store,Smartphone,Email,Plan Change,20,82.36,1702.99,51.29,10,True,-84,4,Outstanding customer care,Positive,0.7299,86.8,1,85.15,0.4762,Silver,0.578,2023-04-24
CUST02325,Northeast,Enterprise,1-Year,In-Store,Smartphone,In-Store,Billing Dispute,42,172.02,6557.25,12.44,6,False,67,1,Billing overcharge not fixed,Negative,0.1922,100,1,156.12,0.1395,Gold,0.4922,2023-05-11
CUST02326,Northeast,Basic,1-Year,Auto-Pay,Home Internet,App,Device Problem,74,213.82,15820.81,54.89,12,True,-72,5,Great network coverage,Positive,0.691,58.4,0,213.79,0.16,Platinum,0.699,2022-01-29
CUST02327,Midwest,Basic,2-Year,In-Store,Hotspot,Email,Device Problem,40,214.31,7698.78,32.83,7,True,67,5,Seamless experience overall,Positive,0.6994,20.6,0,192.47,0.1707,Gold,0.9423,2024-09-05
CUST02328,Northeast,Basic,2-Year,Mail,Business Line,Email,Network Outage,47,214.06,8705.63,97.23,15,True,-88,3,Waited longer than expected,Neutral,0.3643,100,1,185.23,0.3125,Gold,0.471,2022-02-07
CUST02329,Northeast,Basic,2-Year,In-Store,Business Line,In-Store,Plan Change,74,183.23,12253.74,3.12,11,True,44,1,Terrible wait times,Negative,0.0098,100,1,165.59,0.1467,Platinum,0.502,2023-12-19
CUST02330,West,Standard,2-Year,Auto-Pay,Business Line,Email,Device Problem,20,115.92,2204.95,48.21,6,True,-27,1,Issue still not resolved,Negative,0.0271,100,1,110.25,0.2857,Silver,0.3778,2023-12-11
CUST02331,Midwest,Basic,2-Year,Mail,Tablet,In-Store,Plan Change,83,226.22,18255.84,61.75,1,False,28,2,Issue still not resolved,Negative,0.045,100,1,219.95,0.0119,Platinum,0.524,2022-08-30
CUST02332,West,Premium,2-Year,Manual-Online,Business Line,Phone,No Issue,21,76.12,1664.24,23.06,12,False,27,2,Agent was unhelpful,Negative,0.1557,100,1,79.25,0.5455,Silver,0.5222,2023-12-06
CUST02333,West,Basic,1-Year,Manual-Online,Home Internet,Chat,Speed Issue,12,71.68,867.24,60.12,15,True,-64,2,Problem kept recurring,Negative,0.0698,100,1,72.27,1.1538,Silver,0.413,2024-09-30
CUST02334,Midwest,Standard,Month-to-Month,In-Store,Tablet,Chat,Plan Change,33,70.72,2188.73,29.38,15,True,-72,3,Could be improved,Neutral,0.3197,100,1,66.33,0.4412,Silver,0.499,2023-08-12
CUST02335,Southeast,Premium,Month-to-Month,In-Store,Business Line,Phone,Contract Issue,43,79.76,3511.93,77.28,0,True,-9,5,Seamless experience overall,Positive,0.7977,21.8,0,81.67,0.0,Gold,0.8093,2023-04-04
CUST02336,West,Premium,2-Year,Manual-Online,Home Internet,Phone,Device Problem,75,106.6,7033.94,62.95,3,False,74,1,Poor network reliability,Negative,0.0255,100,1,93.79,0.0395,Platinum,0.5045,2023-10-19
CUST02337,Northeast,Basic,2-Year,Auto-Pay,Tablet,Phone,Billing Dispute,14,36.45,467.25,45.38,1,True,-34,4,Very professional support team,Positive,0.7116,58.8,0,33.38,0.0667,Silver,0.6655,2024-12-11
CUST02338,Midwest,Basic,Month-to-Month,Manual-Online,Tablet,Phone,Network Outage,30,218.33,6754.71,67.37,7,True,80,4,Very happy with service,Positive,0.9765,48.0,0,225.16,0.2258,Silver,0.865,2023-09-16
CUST02339,Southeast,Basic,Month-to-Month,Mail,Smartphone,App,Speed Issue,72,223.14,16736.97,25.41,5,True,-43,1,No accountability at all,Negative,0.0557,100,1,232.46,0.0685,Platinum,0.3498,2024-02-09
CUST02340,Northeast,Basic,2-Year,Manual-Online,Home Internet,Chat,Speed Issue,14,167.4,2026.99,54.45,9,True,82,5,Great network coverage,Positive,0.8236,21.6,0,144.78,0.6,Silver,0.9685,2023-05-20
CUST02341,Southwest,Basic,Month-to-Month,Mail,Hotspot,In-Store,Contract Issue,30,149.61,3900.98,95.36,14,True,71,3,Got what I needed but took a while,Neutral,0.3507,93.8,1,130.03,0.4516,Silver,0.7492,2024-01-21
CUST02342,Midwest,Premium,Month-to-Month,Mail,Home Internet,Chat,Billing Dispute,42,231.02,10029.28,39.31,4,True,-33,5,Excellent support experience,Positive,0.8669,34.6,0,238.79,0.093,Gold,0.7672,2024-11-12
CUST02343,Northeast,Standard,2-Year,Manual-Online,Business Line,Email,Billing Dispute,18,190.41,3279.96,59.57,5,True,31,4,Highly satisfied with resolution,Positive,0.6877,53.8,0,182.22,0.2632,Silver,0.7792,2022-05-24
CUST02344,Midwest,Enterprise,1-Year,Auto-Pay,Hotspot,Phone,Network Outage,5,128.16,546.75,49.9,15,True,65,4,Problem resolved quickly,Positive,0.6362,67.0,0,109.35,2.5,Bronze,0.8387,2022-05-22
CUST02345,West,Basic,Month-to-Month,In-Store,Hotspot,Phone,Billing Dispute,77,83.87,5754.79,14.58,6,True,75,1,Problem kept recurring,Negative,0.1868,100,1,74.74,0.0769,Platinum,0.5562,2024-08-13
CUST02346,Northeast,Standard,1-Year,Manual-Online,Smartphone,In-Store,Billing Dispute,69,157.75,11165.84,107.64,9,True,32,2,Poor network reliability,Negative,0.2419,100,1,161.82,0.1286,Platinum,0.581,2024-03-12
CUST02347,Southeast,Premium,1-Year,In-Store,Tablet,Email,Device Problem,72,89.39,6086.19,18.54,10,True,96,4,Highly satisfied with resolution,Positive,0.9338,50.8,0,84.53,0.137,Platinum,0.893,2022-02-19
CUST02348,Midwest,Standard,1-Year,Mail,Business Line,Chat,Network Outage,4,209.17,876.27,108.88,1,True,22,5,Very professional support team,Positive,0.6091,17.6,0,219.07,0.2,Bronze,0.8635,2023-04-25
CUST02349,Midwest,Premium,Month-to-Month,Auto-Pay,Business Line,App,No Issue,54,148.7,8111.27,112.16,8,True,-18,4,Seamless experience overall,Positive,0.9996,69.6,1,150.21,0.1455,Gold,0.6935,2022-06-12
CUST02350,West,Premium,1-Year,Manual-Online,Smartphone,Email,Speed Issue,8,233.83,1827.93,108.6,11,True,7,4,Outstanding customer care,Positive,0.6038,70.6,1,228.49,1.2222,Bronze,0.7373,2022-12-23
CUST02351,Northeast,Basic,2-Year,Mail,Home Internet,Email,Plan Change,77,179.49,11845.57,117.74,2,True,-35,1,Very disappointed with service,Negative,0.1047,100,1,153.84,0.0256,Platinum,0.3638,2022-04-17
CUST02352,West,Enterprise,Month-to-Month,Auto-Pay,Hotspot,Email,Device Problem,46,98.04,4065.52,117.18,0,True,-25,1,Worst customer service experience,Negative,0.0765,100,1,88.38,0.0,Gold,0.3812,2024-01-05
CUST02353,Midwest,Enterprise,1-Year,Manual-Online,Hotspot,App,No Issue,57,107.21,5635.88,3.25,4,True,1,4,Agent was very helpful,Positive,0.7265,57.8,0,98.88,0.069,Gold,0.7268,2024-05-14
CUST02354,Northeast,Basic,Month-to-Month,Auto-Pay,Home Internet,App,Speed Issue,11,49.61,519.2,21.31,3,False,-10,2,Terrible wait times,Negative,0.018,100,1,47.2,0.25,Bronze,0.4575,2022-08-29
CUST02355,Midwest,Premium,2-Year,Auto-Pay,Hotspot,Phone,Billing Dispute,44,236.81,9771.94,100.74,2,False,-35,1,Billing overcharge not fixed,Negative,0.1443,100,1,222.09,0.0444,Gold,0.3137,2024-09-18
CUST02356,West,Standard,Month-to-Month,Auto-Pay,Tablet,Phone,Contract Issue,32,56.75,1710.15,57.15,5,True,-22,4,Excellent support experience,Positive,0.7653,64.4,0,53.44,0.1515,Silver,0.6865,2023-06-05
CUST02357,Midwest,Premium,1-Year,Mail,Hotspot,Email,No Issue,83,141.11,12069.5,22.42,9,True,70,5,Problem resolved quickly,Positive,0.6741,24.0,0,145.42,0.1071,Platinum,0.9475,2022-05-18
CUST02358,Northeast,Standard,1-Year,Manual-Online,Hotspot,Email,No Issue,64,235.37,14598.81,85.52,14,True,47,1,Billing overcharge not fixed,Negative,0.2746,100,1,228.11,0.2154,Platinum,0.5072,2023-09-06
CUST02359,Southwest,Premium,Month-to-Month,Auto-Pay,Business Line,Email,Device Problem,44,217.15,9772.32,31.35,12,True,48,2,Billing overcharge not fixed,Negative,0.1681,100,1,222.1,0.2667,Gold,0.609,2024-10-27
CUST02360,West,Basic,2-Year,Mail,Tablet,In-Store,Device Problem,82,178.18,13814.01,96.53,15,True,15,5,Very happy with service,Positive,0.7287,47.0,0,168.46,0.1807,Platinum,0.8513,2023-07-16
CUST02361,Southeast,Premium,Month-to-Month,Auto-Pay,Business Line,In-Store,Billing Dispute,55,57.89,3049.1,54.12,14,False,17,4,Agent went above and beyond,Positive,0.9014,74.6,1,55.44,0.25,Gold,0.7047,2022-06-17
CUST02362,Southwest,Basic,2-Year,Manual-Online,Hotspot,Phone,Device Problem,33,57.75,1839.76,78.19,6,True,14,4,Very professional support team,Positive,0.7985,59.2,0,55.75,0.1765,Silver,0.7495,2022-02-01
CUST02363,Southwest,Premium,1-Year,Mail,Hotspot,App,Billing Dispute,4,168.23,685.8,52.89,6,False,24,1,Billing overcharge not fixed,Negative,0.2355,100,1,171.45,1.2,Bronze,0.417,2024-09-04
CUST02364,West,Basic,1-Year,Auto-Pay,Hotspot,In-Store,No Issue,60,237.81,12286.42,116.34,0,True,-8,3,Decent support,Neutral,0.4853,81.6,1,204.77,0.0,Platinum,0.611,2022-03-15
CUST02365,Southwest,Premium,1-Year,In-Store,Tablet,Email,Device Problem,81,77.61,5668.25,108.87,8,True,-14,3,Could be improved,Neutral,0.4171,98.8,1,69.98,0.0976,Platinum,0.6005,2024-04-19
CUST02366,Southeast,Standard,1-Year,In-Store,Tablet,Chat,Contract Issue,43,35.79,1482.12,41.63,6,True,75,4,Agent was very helpful,Positive,0.7882,47.0,0,34.47,0.1364,Gold,0.8562,2024-08-20
CUST02367,Southeast,Standard,1-Year,Mail,Business Line,Email,Contract Issue,65,223.75,13810.69,113.66,8,True,88,4,Agent went above and beyond,Positive,0.6091,48.4,0,212.47,0.1212,Platinum,0.879,2024-04-19
CUST02368,West,Basic,2-Year,Manual-Online,Home Internet,In-Store,Contract Issue,40,88.11,3117.32,108.63,9,True,77,3,Could be improved,Neutral,0.4809,82.6,1,77.93,0.2195,Gold,0.7597,2024-03-26
CUST02369,Northeast,Enterprise,1-Year,Manual-Online,Home Internet,In-Store,No Issue,60,179.76,9720.09,34.11,3,False,-27,5,Excellent support experience,Positive,0.8346,31.4,0,162.0,0.0492,Platinum,0.7278,2024-03-08
CUST02370,Southeast,Enterprise,2-Year,In-Store,Smartphone,In-Store,No Issue,23,105.47,2147.29,5.29,12,True,-11,4,Great network coverage,Positive,0.6248,76.2,1,93.36,0.5,Silver,0.7058,2024-11-09
CUST02371,Southeast,Standard,Month-to-Month,Mail,Smartphone,Chat,Plan Change,9,73.26,659.9,90.19,0,True,-47,4,Outstanding customer care,Positive,0.6927,59.4,0,73.32,0.0,Bronze,0.6428,2024-06-04
CUST02372,Southwest,Standard,1-Year,In-Store,Smartphone,App,Billing Dispute,12,183.26,2165.14,77.01,3,True,65,2,Billing overcharge not fixed,Negative,0.1262,100,1,180.43,0.2308,Silver,0.6387,2023-06-23
CUST02373,Northeast,Standard,Month-to-Month,Auto-Pay,Business Line,Phone,Plan Change,60,248.56,15377.95,32.32,11,True,-76,1,Very disappointed with service,Negative,0.2429,100,1,256.3,0.1803,Platinum,0.292,2023-04-18
CUST02374,Southwest,Basic,1-Year,Mail,Home Internet,In-Store,Contract Issue,75,85.83,5750.84,113.75,9,True,42,2,Terrible wait times,Negative,0.2642,100,1,76.68,0.1184,Platinum,0.5985,2023-08-11
CUST02375,Southeast,Premium,1-Year,Manual-Online,Home Internet,In-Store,Network Outage,40,168.11,6562.9,39.62,7,True,87,2,Problem kept recurring,Negative,0.2371,100,1,164.07,0.1707,Gold,0.6773,2022-06-12
CUST02376,West,Standard,Month-to-Month,Mail,Tablet,Email,Billing Dispute,43,107.54,4076.66,53.78,4,True,67,3,Acceptable service,Neutral,0.3738,74.6,1,94.81,0.0909,Gold,0.7422,2024-08-12
CUST02377,Southeast,Enterprise,2-Year,Mail,Home Internet,App,Network Outage,66,223.52,14092.89,100.02,2,True,34,4,Seamless experience overall,Positive,0.6663,47.2,0,213.53,0.0299,Platinum,0.7845,2024-09-25
CUST02378,West,Premium,1-Year,Mail,Business Line,Chat,Billing Dispute,38,33.95,1194.48,104.77,5,False,58,4,Highly satisfied with resolution,Positive,0.6731,48.4,0,31.43,0.1282,Gold,0.7765,2023-07-31
CUST02379,Northeast,Premium,1-Year,Manual-Online,Smartphone,App,Billing Dispute,19,34.0,551.71,10.22,0,False,-74,5,Excellent support experience,Positive,0.6539,34.8,0,29.04,0.0,Silver,0.6455,2023-07-28
CUST02380,Southeast,Standard,1-Year,Auto-Pay,Tablet,In-Store,Speed Issue,57,146.39,7258.96,74.82,7,True,-19,1,Agent was unhelpful,Negative,0.111,100,1,127.35,0.1207,Gold,0.3917,2022-05-10
CUST02381,Northeast,Basic,Month-to-Month,In-Store,Business Line,Email,Speed Issue,51,127.43,5816.86,105.16,7,False,-86,1,Issue still not resolved,Negative,0.2961,100,1,114.06,0.1346,Gold,0.2245,2024-08-02
CUST02382,Midwest,Standard,Month-to-Month,Mail,Hotspot,In-Store,Billing Dispute,64,249.75,13608.18,113.3,14,True,16,2,Will consider switching providers,Negative,0.1443,100,1,212.63,0.2154,Platinum,0.553,2022-04-01
CUST02383,Northeast,Basic,Month-to-Month,In-Store,Business Line,Phone,Device Problem,21,46.87,993.9,66.64,5,True,85,3,Service was okay,Neutral,0.4248,73.0,0,47.33,0.2273,Silver,0.7737,2023-03-04
CUST02384,Southwest,Enterprise,1-Year,In-Store,Business Line,In-Store,Device Problem,7,67.63,463.97,102.77,8,True,-13,5,Very happy with service,Positive,0.9338,38.6,0,66.28,1.0,Bronze,0.8023,2024-08-22
CUST02385,Northeast,Basic,2-Year,Auto-Pay,Smartphone,Email,Speed Issue,7,48.23,308.29,29.85,2,True,46,3,Got what I needed but took a while,Neutral,0.3174,74.8,1,44.04,0.25,Bronze,0.7055,2022-11-06
CUST02386,West,Enterprise,2-Year,Manual-Online,Hotspot,In-Store,Device Problem,78,126.13,8460.18,39.95,10,False,-62,3,Service was okay,Neutral,0.5512,100,1,108.46,0.1266,Platinum,0.4665,2022-12-13
CUST02387,Southeast,Premium,1-Year,In-Store,Smartphone,In-Store,Plan Change,34,175.83,5909.17,50.39,3,False,-14,3,Acceptable service,Neutral,0.3478,88.8,1,173.8,0.0857,Silver,0.5505,2024-10-18
CUST02388,Northeast,Basic,1-Year,Auto-Pay,Home Internet,Chat,Speed Issue,72,34.62,2156.45,60.41,10,True,25,1,Worst customer service experience,Negative,0.1476,100,1,29.95,0.137,Platinum,0.4688,2024-02-21
CUST02389,Midwest,Basic,1-Year,In-Store,Hotspot,Chat,Speed Issue,36,194.24,6816.61,111.0,4,False,26,1,Very disappointed with service,Negative,0.21,100,1,189.35,0.1081,Gold,0.4205,2022-03-31
CUST02390,Northeast,Premium,Month-to-Month,Manual-Online,Home Internet,App,Contract Issue,54,245.47,13605.29,49.87,8,False,-89,3,Issue eventually resolved,Neutral,0.4233,100,1,251.95,0.1455,Gold,0.4193,2024-10-31
CUST02391,Northeast,Premium,Month-to-Month,Auto-Pay,Home Internet,In-Store,Contract Issue,69,47.28,3199.28,6.25,2,True,-44,4,Highly satisfied with resolution,Positive,0.8307,62.8,0,46.37,0.0286,Platinum,0.648,2022-11-12
CUST02392,Southeast,Enterprise,1-Year,Mail,Smartphone,Chat,Speed Issue,33,56.72,1762.82,10.94,1,True,26,4,Very happy with service,Positive,0.6321,46.8,0,53.42,0.0294,Silver,0.7705,2024-07-25
CUST02393,Midwest,Basic,2-Year,Auto-Pay,Smartphone,In-Store,Device Problem,71,85.08,5746.99,116.9,11,False,11,1,Worst customer service experience,Negative,0.2763,100,1,80.94,0.1528,Platinum,0.3942,2024-09-14
CUST02394,Northeast,Enterprise,1-Year,Mail,Tablet,Chat,Plan Change,21,205.63,3823.25,91.41,9,True,-34,2,Will consider switching providers,Negative,0.2387,100,1,182.06,0.4091,Silver,0.4655,2022-08-15
CUST02395,Midwest,Standard,1-Year,Manual-Online,Hotspot,App,Device Problem,69,78.84,5084.0,99.62,8,True,34,5,Excellent support experience,Positive,0.6682,29.2,0,73.68,0.1143,Platinum,0.8845,2022-04-03
CUST02396,Midwest,Premium,1-Year,Mail,Home Internet,App,Contract Issue,69,247.56,16362.5,11.78,5,True,93,4,Agent was very helpful,Positive,0.6243,41.4,0,237.14,0.0714,Platinum,0.8878,2023-03-19
CUST02397,West,Basic,2-Year,Auto-Pay,Business Line,App,Billing Dispute,20,108.68,2205.68,5.58,2,False,66,2,Worst customer service experience,Negative,0.2155,100,1,110.28,0.0952,Silver,0.5905,2024-07-26
CUST02398,Northeast,Standard,1-Year,In-Store,Business Line,Email,Plan Change,14,99.96,1299.08,107.98,2,False,80,4,Agent was very helpful,Positive,0.993,38.0,0,92.79,0.1333,Silver,0.815,2024-04-11
CUST02399,Midwest,Enterprise,2-Year,Manual-Online,Home Internet,Chat,Network Outage,47,83.55,4014.6,62.1,6,True,-85,5,Agent was very helpful,Positive,0.6711,49.0,0,85.42,0.125,Gold,0.6763,2023-07-20
CUST02400,Midwest,Basic,2-Year,Auto-Pay,Home Internet,App,Speed Issue,3,164.75,475.38,111.84,6,False,-76,5,Problem resolved quickly,Positive,0.8544,47.2,0,158.46,1.5,Bronze,0.642,2023-08-12
CUST02401,Northeast,Basic,Month-to-Month,Auto-Pay,Home Internet,In-Store,Speed Issue,70,94.42,5997.63,115.26,7,True,-94,1,Very disappointed with service,Negative,0.0675,100,1,85.68,0.0986,Platinum,0.2605,2023-10-04
CUST02402,West,Basic,2-Year,Mail,Smartphone,In-Store,Speed Issue,73,219.67,15821.8,56.97,0,True,-28,4,Very professional support team,Positive,0.991,55.6,0,216.74,0.0,Platinum,0.676,2023-10-07
CUST02403,Southwest,Standard,Month-to-Month,In-Store,Home Internet,Chat,Network Outage,63,174.06,10586.25,20.02,14,False,-33,3,Expected better response time,Neutral,0.3013,100,1,168.04,0.2188,Platinum,0.5172,2022-04-08
CUST02404,Midwest,Basic,Month-to-Month,In-Store,Home Internet,Email,Speed Issue,62,76.14,4524.41,93.2,9,True,24,3,Average experience,Neutral,0.4532,93.2,1,72.97,0.1429,Platinum,0.667,2024-10-23
CUST02405,Midwest,Basic,1-Year,Manual-Online,Hotspot,Email,Network Outage,24,32.88,780.2,115.48,11,True,-19,3,Issue eventually resolved,Neutral,0.3566,100,1,32.51,0.44,Silver,0.5917,2022-11-18
CUST02406,Midwest,Enterprise,Month-to-Month,Auto-Pay,Home Internet,App,Plan Change,61,177.94,11354.28,42.12,11,True,-47,5,Excellent support experience,Positive,0.9509,51.4,0,186.14,0.1774,Platinum,0.7428,2023-07-02
CUST02407,Northeast,Basic,1-Year,Auto-Pay,Hotspot,Chat,Network Outage,3,242.9,755.85,1.39,8,True,-30,3,Got what I needed but took a while,Neutral,0.4741,100,1,251.95,2.0,Bronze,0.5725,2023-03-12
CUST02408,Southeast,Standard,1-Year,Mail,Business Line,Phone,No Issue,49,153.58,7741.08,70.49,14,True,30,4,Problem resolved quickly,Positive,0.6168,72.0,1,157.98,0.28,Gold,0.7775,2022-11-05
CUST02409,Midwest,Standard,Month-to-Month,Auto-Pay,Home Internet,Chat,Speed Issue,53,73.7,3953.91,53.23,4,True,-69,2,Will consider switching providers,Negative,0.2536,100,1,74.6,0.0741,Gold,0.4042,2022-06-27
CUST02410,Southeast,Premium,2-Year,Auto-Pay,Business Line,Phone,Device Problem,50,157.28,8052.16,52.25,6,False,-11,2,Billing overcharge not fixed,Negative,0.2703,100,1,161.04,0.1176,Gold,0.4558,2023-10-08
CUST02411,Southwest,Premium,1-Year,Mail,Business Line,Chat,Speed Issue,5,195.9,946.91,119.08,9,False,79,2,Issue still not resolved,Negative,0.1602,100,1,189.38,1.5,Bronze,0.6133,2024-09-07
CUST02412,West,Standard,Month-to-Month,Auto-Pay,Tablet,Phone,Billing Dispute,36,64.23,2346.82,29.64,7,True,-74,5,Agent went above and beyond,Positive,0.6016,48.8,0,65.19,0.1892,Gold,0.6955,2022-10-25
CUST02413,Midwest,Basic,2-Year,Manual-Online,Home Internet,Chat,Speed Issue,1,35.33,32.22,93.2,13,False,9,5,Outstanding customer care,Positive,0.7869,44.2,0,32.22,6.5,Bronze,0.7908,2024-10-20
CUST02414,Southeast,Enterprise,Month-to-Month,Manual-Online,Home Internet,Email,Device Problem,65,163.3,11044.1,25.1,0,True,-48,4,Problem resolved quickly,Positive,0.812,59.6,0,169.91,0.0,Platinum,0.641,2024-12-12
CUST02415,Southeast,Standard,Month-to-Month,Auto-Pay,Business Line,In-Store,Billing Dispute,12,163.91,2062.58,65.5,9,False,27,1,Problem kept recurring,Negative,0.1086,100,1,171.88,0.6923,Silver,0.4223,2024-12-08
CUST02416,West,Standard,Month-to-Month,Auto-Pay,Business Line,App,Contract Issue,81,222.77,17705.64,108.25,6,False,17,5,Agent was very helpful,Positive,0.8022,28.6,0,218.59,0.0732,Platinum,0.8048,2022-05-20
CUST02417,West,Enterprise,Month-to-Month,Auto-Pay,Home Internet,In-Store,No Issue,65,179.8,11157.76,105.15,5,False,50,1,Poor network reliability,Negative,0.1108,100,1,171.66,0.0758,Platinum,0.4625,2023-06-30
CUST02418,West,Premium,2-Year,Auto-Pay,Home Internet,App,No Issue,10,179.07,1735.83,19.66,9,True,70,5,Very professional support team,Positive,0.9145,24.0,0,173.58,0.8182,Bronze,0.9475,2024-06-25
CUST02419,Northeast,Standard,Month-to-Month,Auto-Pay,Business Line,Chat,Plan Change,28,88.16,2456.08,74.52,11,True,-35,5,Seamless experience overall,Positive,0.8204,49.0,0,87.72,0.3793,Silver,0.7638,2022-04-02
CUST02420,Midwest,Standard,Month-to-Month,In-Store,Home Internet,Email,Plan Change,49,231.94,10701.04,88.61,4,False,-85,2,Issue still not resolved,Negative,0.201,100,1,218.39,0.08,Gold,0.3263,2024-10-29
CUST02421,Northeast,Enterprise,2-Year,Mail,Home Internet,Email,Billing Dispute,41,232.81,9270.0,69.78,9,True,63,1,No accountability at all,Negative,0.0026,100,1,226.1,0.2143,Gold,0.5353,2023-03-10
CUST02422,West,Standard,2-Year,In-Store,Tablet,In-Store,Billing Dispute,17,122.01,2126.79,63.58,15,True,-27,1,Terrible wait times,Negative,0.146,100,1,125.11,0.8333,Silver,0.3778,2022-07-21
CUST02423,Southeast,Enterprise,Month-to-Month,Auto-Pay,Hotspot,Phone,Billing Dispute,62,177.09,10183.99,17.37,15,True,84,3,Issue eventually resolved,Neutral,0.449,93.2,1,164.26,0.2381,Platinum,0.772,2022-11-22
CUST02424,West,Standard,2-Year,Auto-Pay,Hotspot,App,Device Problem,53,125.62,5701.83,37.76,0,False,33,3,Got what I needed but took a while,Neutral,0.3759,73.4,1,107.58,0.0,Gold,0.6327,2022-01-28
CUST02425,Northeast,Premium,1-Year,Mail,Hotspot,In-Store,Device Problem,18,55.7,975.42,58.81,10,False,-13,2,Terrible wait times,Negative,0.1992,100,1,54.19,0.5263,Silver,0.4522,2023-09-08
CUST02426,Southeast,Premium,1-Year,Mail,Home Internet,In-Store,Network Outage,79,69.29,5317.47,119.28,5,True,83,4,Seamless experience overall,Positive,0.8464,43.4,0,67.31,0.0625,Platinum,0.8702,2022-03-31
CUST02427,West,Basic,Month-to-Month,In-Store,Hotspot,Chat,Network Outage,67,65.99,4392.39,111.41,13,True,-40,5,Agent was very helpful,Positive,0.9214,54.0,0,65.56,0.1912,Platinum,0.755,2024-12-10
CUST02428,West,Standard,Month-to-Month,In-Store,Hotspot,In-Store,Contract Issue,65,192.71,11114.99,50.06,13,True,-85,2,Terrible wait times,Negative,0.1492,100,1,171.0,0.197,Platinum,0.3762,2022-04-17
CUST02429,Southwest,Premium,Month-to-Month,Mail,Smartphone,Email,No Issue,75,65.39,4311.48,28.59,11,True,65,4,Very happy with service,Positive,0.6209,59.0,0,57.49,0.1447,Platinum,0.8387,2022-06-08
CUST02430,Southeast,Enterprise,1-Year,In-Store,Home Internet,Chat,Plan Change,56,46.59,2533.31,5.31,2,True,-88,5,Excellent support experience,Positive,0.7719,41.6,0,45.24,0.0351,Gold,0.671,2023-12-30
CUST02431,Southwest,Premium,1-Year,In-Store,Hotspot,Phone,Billing Dispute,7,51.13,367.58,104.45,12,True,67,4,Outstanding customer care,Positive,0.9449,60.6,0,52.51,1.5,Bronze,0.8422,2022-11-17
CUST02432,Northeast,Premium,Month-to-Month,Manual-Online,Hotspot,App,Plan Change,65,235.46,14410.33,111.75,6,True,27,2,Worst customer service experience,Negative,0.2976,100,1,221.7,0.0909,Platinum,0.5722,2024-02-04
CUST02433,West,Basic,Month-to-Month,Mail,Smartphone,App,Contract Issue,52,195.21,8761.72,15.04,15,True,-46,3,Average experience,Neutral,0.4073,100,1,168.49,0.283,Gold,0.5445,2022-02-15
CUST02434,West,Premium,Month-to-Month,Manual-Online,Home Internet,In-Store,No Issue,33,83.93,2815.14,77.92,13,True,-65,4,Highly satisfied with resolution,Positive,0.6243,89.0,1,85.31,0.3824,Silver,0.6113,2023-10-18
CUST02435,Southeast,Premium,1-Year,Mail,Hotspot,Chat,Billing Dispute,53,33.26,1677.58,84.43,11,True,83,5,Great network coverage,Positive,0.8885,25.4,0,31.65,0.2037,Gold,0.9703,2023-12-05
CUST02436,Midwest,Enterprise,1-Year,Manual-Online,Smartphone,Email,Contract Issue,9,178.07,1644.81,20.47,5,True,-88,1,Billing overcharge not fixed,Negative,0.2186,100,1,182.76,0.5,Bronze,0.271,2022-02-11
CUST02437,Southeast,Standard,2-Year,Mail,Home Internet,Email,Speed Issue,83,200.39,14893.5,93.31,4,True,-12,4,Great network coverage,Positive,0.7714,60.4,0,179.44,0.0476,Platinum,0.704,2024-10-18
CUST02438,Midwest,Basic,1-Year,Mail,Home Internet,Phone,Speed Issue,82,170.01,12946.41,33.6,15,True,89,5,Problem resolved quickly,Positive,0.8646,32.2,0,157.88,0.1807,Platinum,0.9808,2023-08-29
CUST02439,Northeast,Basic,1-Year,Mail,Smartphone,Chat,Billing Dispute,77,155.9,11545.82,35.7,5,True,48,5,Problem resolved quickly,Positive,0.6264,20.4,0,149.95,0.0641,Platinum,0.909,2023-06-16
CUST02440,Southeast,Basic,Month-to-Month,Manual-Online,Home Internet,Email,Plan Change,45,241.28,10249.21,93.2,5,True,32,5,Excellent support experience,Positive,0.6007,23.6,0,227.76,0.1087,Gold,0.881,2024-01-15
CUST02441,West,Basic,1-Year,In-Store,Tablet,Email,Contract Issue,45,226.28,9368.56,14.92,4,True,-27,2,Billing overcharge not fixed,Negative,0.0168,100,1,208.19,0.087,Gold,0.4778,2024-08-15
CUST02442,Northeast,Basic,1-Year,Manual-Online,Smartphone,Phone,Plan Change,43,164.27,6417.23,39.4,14,True,-17,5,Very happy with service,Positive,0.897,51.4,0,149.24,0.3182,Gold,0.7953,2023-03-05
CUST02443,Northeast,Standard,2-Year,Manual-Online,Smartphone,Chat,No Issue,10,70.14,639.48,19.11,2,True,-35,3,Acceptable service,Neutral,0.4516,91.0,1,63.95,0.1818,Bronze,0.5637,2023-03-22
CUST02444,West,Enterprise,Month-to-Month,Mail,Smartphone,Email,No Issue,4,127.66,497.54,113.69,0,False,-67,4,Problem resolved quickly,Positive,0.6742,63.4,0,124.39,0.0,Bronze,0.5577,2024-04-08
CUST02445,Southeast,Premium,2-Year,Manual-Online,Tablet,In-Store,Speed Issue,58,63.63,3843.91,60.03,1,True,89,4,Very happy with service,Positive,0.7925,34.2,0,66.27,0.0169,Gold,0.8808,2023-05-10
CUST02446,West,Enterprise,1-Year,In-Store,Tablet,Phone,Plan Change,76,166.77,12892.02,24.22,3,True,-8,3,Waited longer than expected,Neutral,0.4636,87.6,1,169.63,0.039,Platinum,0.611,2023-04-05
CUST02447,Southwest,Premium,1-Year,Manual-Online,Business Line,Phone,Device Problem,19,193.31,3135.07,50.91,11,True,-20,5,Very professional support team,Positive,0.7255,46.0,0,165.0,0.55,Silver,0.79,2024-09-13
CUST02448,Midwest,Enterprise,2-Year,Mail,Smartphone,Email,Contract Issue,43,191.6,7321.11,25.37,14,True,-82,2,Problem kept recurring,Negative,0.0988,100,1,170.26,0.3182,Gold,0.3815,2024-02-24
CUST02449,Northeast,Enterprise,2-Year,Auto-Pay,Home Internet,In-Store,Speed Issue,81,41.12,2906.09,3.43,0,True,-57,4,Great network coverage,Positive,0.7697,61.4,0,35.88,0.0,Platinum,0.6253,2024-01-01
CUST02450,Southwest,Enterprise,Month-to-Month,Auto-Pay,Hotspot,Chat,Contract Issue,17,237.3,3612.38,107.8,1,False,-51,1,Very disappointed with service,Negative,0.0993,100,1,212.49,0.0556,Silver,0.2858,2023-03-18
CUST02451,West,Enterprise,2-Year,Manual-Online,Tablet,App,Device Problem,82,156.61,13042.49,20.96,15,True,72,4,Agent was very helpful,Positive,0.7581,65.6,1,159.05,0.1807,Platinum,0.851,2024-11-21
CUST02452,Southwest,Enterprise,1-Year,Manual-Online,Smartphone,Chat,Contract Issue,45,65.96,2677.4,95.39,15,True,68,1,Problem kept recurring,Negative,0.1808,100,1,59.5,0.3261,Gold,0.544,2022-07-18
CUST02453,Midwest,Premium,1-Year,In-Store,Smartphone,App,Contract Issue,73,112.62,7432.29,116.32,12,True,62,3,Acceptable service,Neutral,0.3834,91.6,1,101.81,0.1622,Platinum,0.7335,2022-10-16
CUST02454,West,Enterprise,2-Year,Auto-Pay,Hotspot,In-Store,No Issue,30,176.46,4938.09,40.44,14,True,-18,1,Poor network reliability,Negative,0.1049,100,1,164.6,0.4516,Silver,0.3935,2022-08-31
CUST02455,Northeast,Standard,Month-to-Month,Mail,Home Internet,Phone,Billing Dispute,62,108.12,5839.25,34.06,11,False,9,1,Worst customer service experience,Negative,0.2185,100,1,94.18,0.1746,Platinum,0.3908,2024-02-10
CUST02456,Northeast,Basic,2-Year,In-Store,Smartphone,Email,Network Outage,35,248.85,8742.33,1.12,5,False,67,3,Got what I needed but took a while,Neutral,0.5083,76.6,1,249.78,0.1389,Silver,0.6923,2024-08-03
CUST02457,Midwest,Enterprise,2-Year,Mail,Hotspot,In-Store,Network Outage,18,159.34,2711.3,116.92,2,True,-14,1,Terrible wait times,Negative,0.1843,100,1,150.63,0.1053,Silver,0.4005,2022-11-08
CUST02458,Southeast,Standard,Month-to-Month,In-Store,Home Internet,Phone,Billing Dispute,40,184.64,7217.9,103.79,3,False,-15,2,Problem kept recurring,Negative,0.0659,100,1,180.45,0.0732,Gold,0.4487,2022-01-26
CUST02459,Midwest,Standard,1-Year,Manual-Online,Business Line,App,Billing Dispute,63,186.05,10127.78,107.02,13,True,48,2,Will consider switching providers,Negative,0.2409,100,1,160.76,0.2031,Platinum,0.609,2024-02-13
CUST02460,Northeast,Premium,Month-to-Month,Mail,Smartphone,Chat,Device Problem,51,56.78,2811.17,27.21,14,True,-16,5,Very happy with service,Positive,0.7077,51.2,0,55.12,0.2692,Gold,0.797,2022-09-02
CUST02461,West,Enterprise,1-Year,Mail,Tablet,Chat,Plan Change,74,245.32,16927.97,4.84,12,True,40,4,Agent went above and beyond,Positive,0.931,66.0,0,228.76,0.16,Platinum,0.795,2022-11-01
CUST02462,Southeast,Standard,Month-to-Month,Mail,Business Line,App,Speed Issue,61,129.5,7604.35,61.5,4,True,99,2,Will consider switching providers,Negative,0.121,98.2,1,124.66,0.0645,Platinum,0.6983,2024-12-23
CUST02463,West,Enterprise,Month-to-Month,Mail,Hotspot,App,Network Outage,30,32.68,986.15,5.25,14,True,-17,3,Nothing exceptional,Neutral,0.4771,100,1,32.87,0.4516,Silver,0.5953,2023-12-28
CUST02464,Northeast,Basic,Month-to-Month,Manual-Online,Home Internet,In-Store,No Issue,20,189.89,3294.86,100.4,12,False,95,5,Excellent support experience,Positive,0.7108,25.0,0,164.74,0.5714,Silver,0.9412,2022-11-23
CUST02465,Southwest,Standard,1-Year,Mail,Hotspot,App,Contract Issue,16,170.95,2570.75,51.0,10,True,45,3,Average experience,Neutral,0.4992,91.0,1,160.67,0.5882,Silver,0.7037,2023-03-20
CUST02466,Northeast,Premium,2-Year,Mail,Tablet,In-Store,Plan Change,11,205.18,1971.77,78.79,2,True,-73,5,Excellent support experience,Positive,0.8837,38.6,0,179.25,0.1667,Bronze,0.6973,2024-02-20
CUST02467,Southwest,Basic,Month-to-Month,In-Store,Home Internet,App,Billing Dispute,39,125.08,4444.24,72.21,1,True,74,5,Excellent support experience,Positive,0.7314,7.2,0,113.95,0.025,Gold,0.9545,2023-04-02
CUST02468,Southwest,Premium,Month-to-Month,Mail,Business Line,App,Billing Dispute,81,244.94,19333.22,82.6,13,True,-95,5,Great network coverage,Positive,0.9376,65.0,0,238.68,0.1585,Platinum,0.6587,2024-05-22
CUST02469,Northeast,Enterprise,2-Year,Auto-Pay,Hotspot,Email,No Issue,11,124.35,1337.4,104.66,12,True,-74,4,Agent was very helpful,Positive,0.9341,88.8,1,121.58,1.0,Bronze,0.5955,2023-07-24
CUST02470,Southeast,Basic,1-Year,Mail,Smartphone,App,Billing Dispute,44,192.87,8476.16,42.01,4,True,73,1,Problem kept recurring,Negative,0.1454,100,1,192.64,0.0889,Gold,0.5527,2023-10-23
CUST02471,West,Standard,1-Year,Auto-Pay,Smartphone,Phone,Billing Dispute,26,48.36,1084.98,94.58,13,True,14,3,Waited longer than expected,Neutral,0.4306,100,1,41.73,0.4815,Silver,0.6495,2022-11-08
CUST02472,Midwest,Premium,2-Year,Mail,Home Internet,Email,Contract Issue,13,164.19,2066.08,101.29,6,True,-8,1,Very disappointed with service,Negative,0.0248,100,1,158.93,0.4286,Silver,0.411,2022-10-07
CUST02473,West,Standard,Month-to-Month,In-Store,Business Line,Phone,Network Outage,57,232.25,12540.14,91.42,1,True,47,3,Average experience,Neutral,0.4268,72.6,1,220.0,0.0172,Gold,0.7072,2022-12-19
CUST02474,Southeast,Premium,2-Year,In-Store,Hotspot,Phone,Contract Issue,36,86.32,3131.04,11.88,0,True,-70,3,Nothing exceptional,Neutral,0.4432,94.0,1,86.97,0.0,Gold,0.5025,2023-07-21
CUST02475,Northeast,Premium,Month-to-Month,Manual-Online,Business Line,App,No Issue,47,246.18,11700.01,30.56,6,False,-8,1,Agent was unhelpful,Negative,0.1829,100,1,248.94,0.125,Gold,0.361,2023-05-12
CUST02476,Northeast,Enterprise,1-Year,Manual-Online,Hotspot,Phone,Contract Issue,29,62.38,1622.59,84.14,3,True,45,3,Could be improved,Neutral,0.5375,77.0,1,55.95,0.1,Silver,0.7037,2024-06-04
CUST02477,Midwest,Enterprise,Month-to-Month,Auto-Pay,Home Internet,Phone,Network Outage,48,34.17,1532.01,31.82,10,True,84,5,Very happy with service,Positive,0.9996,23.2,0,31.92,0.2041,Gold,0.972,2023-09-17
CUST02478,Southwest,Standard,2-Year,In-Store,Smartphone,In-Store,No Issue,70,65.02,4213.72,44.47,11,False,91,2,Problem kept recurring,Negative,0.007,100,1,60.2,0.1549,Platinum,0.6342,2024-05-26
CUST02479,Southeast,Premium,2-Year,Mail,Tablet,In-Store,Billing Dispute,68,43.3,2710.06,16.82,4,False,-64,2,Issue still not resolved,Negative,0.2916,100,1,39.85,0.058,Platinum,0.363,2024-07-31
CUST02480,Midwest,Basic,Month-to-Month,Auto-Pay,Hotspot,Phone,No Issue,18,169.89,2874.07,3.91,6,True,96,1,Billing overcharge not fixed,Negative,0.2812,100,1,159.67,0.3158,Silver,0.593,2024-06-27
CUST02481,West,Premium,1-Year,Mail,Tablet,In-Store,Billing Dispute,31,247.18,8026.71,70.95,15,True,34,1,Terrible wait times,Negative,0.0745,100,1,258.93,0.4688,Silver,0.4845,2023-01-13
CUST02482,Southwest,Basic,Month-to-Month,Manual-Online,Tablet,App,Device Problem,43,129.63,5571.59,101.56,15,False,-31,3,Average experience,Neutral,0.4879,100,1,129.57,0.3409,Gold,0.5208,2024-02-25
CUST02483,Southeast,Standard,Month-to-Month,Auto-Pay,Business Line,Phone,No Issue,36,199.74,7307.3,81.52,4,False,-69,2,Problem kept recurring,Negative,0.0226,100,1,202.98,0.1081,Gold,0.3543,2024-02-10
CUST02484,Northeast,Enterprise,2-Year,Manual-Online,Business Line,App,Speed Issue,44,46.32,2120.08,79.3,6,True,57,2,Poor network reliability,Negative,0.2923,100,1,48.18,0.1333,Gold,0.6248,2024-11-23
CUST02485,West,Basic,1-Year,Manual-Online,Home Internet,App,Speed Issue,64,204.89,11423.51,7.81,13,True,62,1,Will consider switching providers,Negative,0.0999,100,1,178.49,0.2,Platinum,0.5335,2024-04-30
CUST02486,Southeast,Premium,2-Year,Auto-Pay,Business Line,In-Store,Plan Change,39,46.12,1605.95,21.01,0,False,95,1,Issue still not resolved,Negative,0.2653,100,1,41.18,0.0,Gold,0.5413,2022-01-08
CUST02487,West,Basic,1-Year,Manual-Online,Tablet,In-Store,Billing Dispute,32,201.58,6017.08,4.49,10,True,-34,3,Could be improved,Neutral,0.3403,100,1,188.03,0.303,Silver,0.5655,2022-08-20
CUST02488,Southeast,Standard,1-Year,Mail,Home Internet,In-Store,Network Outage,72,201.88,13005.23,113.19,2,True,-23,2,Billing overcharge not fixed,Negative,0.2095,100,1,180.63,0.0274,Platinum,0.4848,2022-04-06
CUST02489,Southwest,Enterprise,2-Year,Mail,Hotspot,In-Store,Plan Change,34,68.84,2249.43,67.18,1,True,34,4,Outstanding customer care,Positive,0.7851,45.2,0,66.16,0.0286,Silver,0.7845,2022-07-07
CUST02490,Southeast,Basic,Month-to-Month,Manual-Online,Home Internet,Email,Plan Change,57,98.01,4756.82,7.81,6,True,-66,1,Issue still not resolved,Negative,0.1343,100,1,83.45,0.1034,Gold,0.3095,2022-02-04
CUST02491,Midwest,Standard,2-Year,Manual-Online,Tablet,In-Store,No Issue,41,145.68,5735.64,104.87,10,True,-94,4,Outstanding customer care,Positive,0.6465,88.8,1,139.89,0.2381,Gold,0.5605,2023-12-06
CUST02492,Southeast,Enterprise,Month-to-Month,Mail,Smartphone,App,Plan Change,14,32.12,413.18,12.53,1,True,-83,4,Agent was very helpful,Positive,0.9031,68.6,1,29.51,0.0667,Silver,0.5797,2022-05-12
CUST02493,Southeast,Enterprise,2-Year,Manual-Online,Tablet,Phone,Plan Change,84,33.95,2546.85,54.41,1,True,-93,5,Great network coverage,Positive,0.9551,40.6,0,30.32,0.0118,Platinum,0.6623,2022-07-06
CUST02494,Southwest,Premium,Month-to-Month,Auto-Pay,Hotspot,In-Store,Plan Change,50,48.11,2383.62,98.1,1,False,26,2,Poor network reliability,Negative,0.0109,100,1,47.67,0.0196,Gold,0.5205,2023-08-02
CUST02495,Midwest,Basic,2-Year,Auto-Pay,Home Internet,Phone,Contract Issue,45,80.3,3765.69,44.13,3,False,81,2,Terrible wait times,Negative,0.2922,99.8,1,83.68,0.0652,Gold,0.6167,2022-03-15
CUST02496,Midwest,Premium,1-Year,Auto-Pay,Home Internet,Phone,Billing Dispute,47,176.41,8390.99,113.77,3,True,-44,2,Worst customer service experience,Negative,0.1329,100,1,178.53,0.0625,Gold,0.448,2022-04-23
CUST02497,Southwest,Standard,1-Year,Auto-Pay,Home Internet,Email,Billing Dispute,82,215.34,16202.76,76.18,13,False,-14,2,Very disappointed with service,Negative,0.0667,100,1,197.59,0.1566,Platinum,0.4505,2024-02-26
CUST02498,Southeast,Premium,1-Year,In-Store,Tablet,Phone,Plan Change,13,159.36,2122.89,3.31,0,True,41,3,Average experience,Neutral,0.5045,71.8,0,163.3,0.0,Silver,0.6967,2024-09-26
CUST02499,Midwest,Basic,Month-to-Month,In-Store,Home Internet,App,Network Outage,83,56.67,4366.2,1.65,0,True,47,3,Nothing exceptional,Neutral,0.5602,70.6,1,52.6,0.0,Platinum,0.7072,2024-01-09
CUST02500,Southwest,Premium,1-Year,In-Store,Tablet,Chat,Billing Dispute,65,53.21,3386.44,72.14,4,True,-57,1,Terrible wait times,Negative,0.0315,100,1,52.1,0.0606,Platinum,0.3252,2024-12-05
CUST02501,Southwest,Basic,1-Year,Auto-Pay,Business Line,Chat,No Issue,63,198.43,10706.79,116.32,3,True,-1,4,Seamless experience overall,Positive,0.8536,56.2,0,169.95,0.0469,Platinum,0.7233,2022-02-12
CUST02502,Midwest,Enterprise,Month-to-Month,Mail,Tablet,Phone,Contract Issue,82,229.63,18367.56,34.77,6,False,-12,4,Great network coverage,Positive,0.9519,64.4,0,223.99,0.0723,Platinum,0.654,2024-10-19
CUST02503,Southeast,Basic,Month-to-Month,Auto-Pay,Hotspot,App,Device Problem,11,225.74,2522.08,46.63,10,True,-28,4,Outstanding customer care,Positive,0.6354,75.6,1,229.28,0.8333,Bronze,0.676,2023-08-20
CUST02504,Southeast,Enterprise,Month-to-Month,Mail,Hotspot,Email,Network Outage,9,219.99,1826.79,44.82,0,True,-88,2,Very disappointed with service,Negative,0.294,100,1,202.98,0.0,Bronze,0.371,2023-12-18
CUST02505,Midwest,Enterprise,Month-to-Month,In-Store,Home Internet,Email,Network Outage,58,181.33,10187.96,25.17,2,True,100,5,Very happy with service,Positive,0.8262,4.0,0,175.65,0.0339,Gold,1.0,2022-11-23
CUST02506,Midwest,Premium,Month-to-Month,Auto-Pay,Hotspot,In-Store,Contract Issue,39,127.22,4367.05,24.58,0,False,-25,1,Worst customer service experience,Negative,0.0038,100,1,111.98,0.0,Gold,0.3312,2022-12-22
CUST02507,Midwest,Standard,1-Year,In-Store,Tablet,Chat,Network Outage,33,193.45,6000.96,23.19,5,True,47,3,Issue eventually resolved,Neutral,0.4475,80.6,1,181.85,0.1471,Silver,0.7072,2023-06-29
CUST02508,Northeast,Basic,1-Year,Manual-Online,Home Internet,App,Billing Dispute,45,199.69,8120.09,20.6,3,False,-52,5,Problem resolved quickly,Positive,0.6845,36.4,0,180.45,0.0652,Gold,0.684,2024-04-11
CUST02509,Southwest,Basic,Month-to-Month,Manual-Online,Business Line,In-Store,Contract Issue,46,125.48,5032.2,97.65,12,True,-2,3,Could be improved,Neutral,0.4128,100,1,109.4,0.2553,Gold,0.6215,2024-08-07
CUST02510,Southwest,Premium,1-Year,Manual-Online,Hotspot,Chat,Plan Change,34,232.76,6818.52,81.98,9,True,46,5,Very professional support team,Positive,0.6621,28.8,0,200.54,0.2571,Silver,0.9055,2024-08-17
CUST02511,Northeast,Standard,2-Year,Mail,Smartphone,Chat,Network Outage,67,105.75,6497.1,100.09,8,True,35,2,Terrible wait times,Negative,0.0423,100,1,96.97,0.1176,Platinum,0.5862,2023-05-20
CUST02512,Southeast,Enterprise,1-Year,Auto-Pay,Business Line,Chat,No Issue,73,204.15,14244.53,93.7,5,True,54,1,Terrible wait times,Negative,0.0584,100,1,195.13,0.0676,Platinum,0.5195,2024-06-05
CUST02513,West,Standard,Month-to-Month,Manual-Online,Smartphone,Phone,Plan Change,68,93.68,5547.97,52.26,15,False,2,5,Agent was very helpful,Positive,0.8784,49.6,0,81.59,0.2174,Platinum,0.7785,2022-05-14
CUST02514,Southwest,Basic,2-Year,Auto-Pay,Hotspot,Chat,No Issue,63,223.84,13618.62,5.17,11,False,-25,3,Decent support,Neutral,0.3073,100,1,216.17,0.1719,Platinum,0.5312,2024-06-12
CUST02515,Southwest,Basic,1-Year,Manual-Online,Business Line,In-Store,No Issue,56,133.57,7184.17,37.32,3,True,90,3,Got what I needed but took a while,Neutral,0.4825,68.0,1,128.29,0.0526,Gold,0.7825,2024-08-03
CUST02516,Southwest,Standard,2-Year,Mail,Tablet,In-Store,Network Outage,22,187.51,3686.66,115.63,7,False,93,1,Will consider switching providers,Negative,0.0237,100,1,167.58,0.3043,Silver,0.5377,2022-03-24
CUST02517,Midwest,Enterprise,1-Year,In-Store,Smartphone,Email,Billing Dispute,30,97.79,2506.0,54.35,7,True,47,5,Seamless experience overall,Positive,0.7539,24.6,0,83.53,0.2258,Silver,0.9073,2022-06-25
CUST02518,West,Basic,1-Year,Auto-Pay,Business Line,Chat,Device Problem,1,65.22,58.93,104.02,13,True,13,3,Expected better response time,Neutral,0.4387,100,1,58.93,6.5,Bronze,0.6478,2024-12-29
CUST02519,Northeast,Basic,Month-to-Month,Auto-Pay,Business Line,Email,Network Outage,37,46.51,1581.29,81.2,3,False,91,5,Agent was very helpful,Positive,0.7656,7.8,0,42.74,0.0789,Gold,0.9343,2022-05-14
CUST02520,Northeast,Premium,1-Year,Mail,Tablet,Chat,Device Problem,27,86.16,2228.0,106.41,7,True,-21,1,Terrible wait times,Negative,0.2795,100,1,82.52,0.25,Silver,0.3882,2024-05-05
CUST02521,Midwest,Enterprise,Month-to-Month,Auto-Pay,Smartphone,In-Store,Plan Change,69,101.89,6223.49,48.89,15,True,-97,5,Great network coverage,Positive,0.9552,69.4,1,90.2,0.2143,Platinum,0.6552,2023-07-04
CUST02522,Southeast,Standard,Month-to-Month,Auto-Pay,Hotspot,App,Contract Issue,47,134.25,6291.83,106.92,12,True,10,1,Very disappointed with service,Negative,0.267,100,1,133.87,0.25,Gold,0.4425,2023-06-26
CUST02523,Northeast,Basic,2-Year,Manual-Online,Hotspot,Email,Device Problem,24,152.25,3677.2,52.44,14,True,-33,4,Great network coverage,Positive,0.783,84.6,1,153.22,0.56,Silver,0.6673,2024-06-07
CUST02524,Southeast,Basic,1-Year,Manual-Online,Smartphone,App,Billing Dispute,25,129.3,2834.06,19.05,6,True,-22,3,Expected better response time,Neutral,0.301,96.4,1,113.36,0.2308,Silver,0.5865,2024-12-10
CUST02525,Southeast,Premium,2-Year,Auto-Pay,Smartphone,In-Store,Speed Issue,63,120.72,7347.74,87.32,6,False,42,1,Agent was unhelpful,Negative,0.2778,100,1,116.63,0.0938,Platinum,0.4485,2024-08-30
CUST02526,Southeast,Standard,2-Year,Mail,Business Line,Chat,Plan Change,10,110.02,1132.78,79.44,5,True,76,5,Great network coverage,Positive,0.6996,14.8,0,113.28,0.4545,Bronze,0.958,2022-12-25
CUST02527,Northeast,Standard,1-Year,Mail,Smartphone,In-Store,Billing Dispute,84,82.46,6585.38,9.65,15,False,3,1,Problem kept recurring,Negative,0.0929,100,1,78.4,0.1765,Platinum,0.3802,2022-01-30
CUST02528,West,Standard,1-Year,In-Store,Business Line,App,Billing Dispute,1,104.46,89.42,70.93,13,False,37,1,No accountability at all,Negative,0.2008,100,1,89.42,6.5,Bronze,0.4397,2024-06-28
CUST02529,Southwest,Standard,2-Year,In-Store,Business Line,Phone,No Issue,8,200.95,1653.5,115.9,5,False,65,5,Excellent support experience,Positive,0.7096,17.0,0,206.69,0.5556,Bronze,0.8887,2023-12-15
CUST02530,Southeast,Premium,Month-to-Month,Mail,Business Line,App,Contract Issue,20,83.44,1741.06,21.75,14,True,61,3,Got what I needed but took a while,Neutral,0.3297,95.8,1,87.05,0.6667,Silver,0.7318,2022-06-25
CUST02531,Midwest,Enterprise,2-Year,Manual-Online,Tablet,Chat,No Issue,50,139.62,5974.84,81.82,8,False,25,1,Billing overcharge not fixed,Negative,0.2111,100,1,119.5,0.1569,Gold,0.4188,2022-06-08
CUST02532,Southeast,Basic,1-Year,In-Store,Home Internet,Chat,No Issue,21,38.16,771.2,91.12,4,True,40,4,Outstanding customer care,Positive,0.8015,50.0,0,36.72,0.1818,Silver,0.795,2024-04-04
CUST02533,Southeast,Standard,1-Year,Mail,Smartphone,In-Store,Network Outage,17,205.5,3290.31,49.46,13,True,56,3,Expected better response time,Neutral,0.4223,94.8,1,193.55,0.7222,Silver,0.723,2022-04-11
CUST02534,West,Premium,1-Year,In-Store,Smartphone,In-Store,Plan Change,71,85.21,5407.78,106.64,12,True,72,2,Terrible wait times,Negative,0.1249,100,1,76.17,0.1667,Platinum,0.651,2022-06-25
CUST02535,Southwest,Premium,1-Year,Manual-Online,Hotspot,In-Store,Device Problem,62,187.17,11927.6,44.1,4,True,-14,5,Problem resolved quickly,Positive,0.7656,30.8,0,192.38,0.0635,Platinum,0.8005,2024-11-16
CUST02536,Southeast,Enterprise,1-Year,In-Store,Business Line,App,Network Outage,25,196.88,5056.56,45.9,9,True,-32,3,Average experience,Neutral,0.4054,100,1,202.26,0.3462,Silver,0.569,2024-03-09
CUST02537,West,Basic,Month-to-Month,Auto-Pay,Home Internet,App,Network Outage,80,103.22,8603.77,67.09,2,False,94,1,Agent was unhelpful,Negative,0.1314,100,1,107.55,0.0247,Platinum,0.5395,2024-04-21
CUST02538,Southeast,Standard,2-Year,In-Store,Smartphone,Phone,No Issue,66,248.41,16317.14,4.68,6,False,-35,1,Worst customer service experience,Negative,0.1833,100,1,247.23,0.0896,Platinum,0.3137,2022-01-20
CUST02539,Southwest,Enterprise,1-Year,In-Store,Smartphone,Chat,Plan Change,53,200.86,9265.22,99.24,14,True,26,5,Problem resolved quickly,Positive,0.8499,42.8,0,174.82,0.2593,Gold,0.8705,2023-02-28
CUST02540,Northeast,Standard,Month-to-Month,In-Store,Smartphone,Phone,Contract Issue,61,204.75,12085.21,22.61,1,True,3,3,Nothing exceptional,Neutral,0.3958,81.4,1,198.12,0.0161,Platinum,0.6302,2023-09-10
CUST02541,Southwest,Enterprise,Month-to-Month,Manual-Online,Business Line,Chat,Billing Dispute,64,177.31,11358.0,94.32,12,True,-14,3,Acceptable service,Neutral,0.5151,100,1,177.47,0.1846,Platinum,0.6005,2023-08-05
CUST02542,Northeast,Basic,2-Year,Mail,Smartphone,Chat,Contract Issue,56,234.17,13318.22,49.55,2,True,-51,1,Worst customer service experience,Negative,0.0063,100,1,237.83,0.0351,Gold,0.3357,2022-12-03
CUST02543,Midwest,Premium,2-Year,In-Store,Home Internet,App,Device Problem,76,50.1,3300.9,26.34,12,False,-16,4,Highly satisfied with resolution,Positive,0.7051,77.2,1,43.43,0.1558,Platinum,0.647,2022-02-04
CUST02544,West,Standard,1-Year,Manual-Online,Home Internet,Chat,Speed Issue,25,81.79,1952.69,19.73,9,False,50,4,Agent went above and beyond,Positive,0.8904,58.0,0,78.11,0.3462,Silver,0.7625,2022-08-25
CUST02545,Southwest,Enterprise,1-Year,Auto-Pay,Hotspot,Chat,Speed Issue,82,34.31,2627.19,27.54,9,False,-34,3,Got what I needed but took a while,Neutral,0.3363,100,1,32.04,0.1084,Platinum,0.5155,2023-05-09
CUST02546,West,Basic,Month-to-Month,Manual-Online,Business Line,Phone,Billing Dispute,77,172.23,12044.87,26.64,2,True,-79,2,Terrible wait times,Negative,0.0991,100,1,156.43,0.0256,Platinum,0.3868,2024-06-19
CUST02547,Southwest,Basic,Month-to-Month,Mail,Tablet,Email,Device Problem,50,201.95,10304.7,67.28,4,True,-86,4,Agent went above and beyond,Positive,0.7394,75.2,1,206.09,0.0784,Gold,0.5745,2024-12-15
CUST02548,Southeast,Enterprise,2-Year,Auto-Pay,Hotspot,Chat,No Issue,7,92.65,581.9,58.8,15,False,24,5,Highly satisfied with resolution,Positive,0.9218,45.2,0,83.13,1.875,Bronze,0.817,2023-02-18
CUST02549,Southeast,Standard,1-Year,Mail,Home Internet,Phone,Device Problem,11,159.65,1658.39,40.08,14,True,-67,1,Billing overcharge not fixed,Negative,0.1003,100,1,150.76,1.1667,Bronze,0.3077,2022-02-18
CUST02550,Southeast,Premium,1-Year,Manual-Online,Business Line,App,Network Outage,49,214.89,9891.25,69.0,3,True,72,4,Agent went above and beyond,Positive,0.7948,41.6,0,201.86,0.06,Gold,0.851,2024-12-02
CUST02551,West,Enterprise,2-Year,Auto-Pay,Business Line,In-Store,Plan Change,55,81.02,4601.29,118.44,9,True,38,2,Very disappointed with service,Negative,0.2238,100,1,83.66,0.1607,Gold,0.5915,2023-08-08
CUST02552,Southwest,Basic,2-Year,In-Store,Hotspot,Email,Device Problem,36,70.97,2198.92,17.39,9,True,-13,2,Worst customer service experience,Negative,0.0191,100,1,61.08,0.2432,Gold,0.5022,2023-11-16
CUST02553,Midwest,Enterprise,2-Year,Manual-Online,Business Line,In-Store,Speed Issue,8,130.39,1091.13,104.78,7,True,-36,4,Problem resolved quickly,Positive,0.7795,71.2,1,136.39,0.7778,Bronze,0.662,2022-12-11
CUST02554,Southwest,Basic,Month-to-Month,In-Store,Home Internet,App,Plan Change,78,181.62,13956.6,3.21,11,False,22,4,Seamless experience overall,Positive,0.7433,67.6,0,178.93,0.1392,Platinum,0.7135,2022-08-06
CUST02555,Southeast,Standard,2-Year,Manual-Online,Hotspot,In-Store,Device Problem,79,234.66,19464.37,57.9,9,False,-38,1,Problem kept recurring,Negative,0.2333,100,1,246.38,0.1125,Platinum,0.3085,2022-05-18
CUST02556,Southwest,Enterprise,Month-to-Month,Mail,Home Internet,In-Store,Contract Issue,68,120.45,7623.41,28.66,7,False,-47,5,Excellent support experience,Positive,0.6967,43.4,0,112.11,0.1014,Platinum,0.6927,2023-02-10
CUST02557,Southeast,Enterprise,Month-to-Month,In-Store,Business Line,App,Device Problem,39,35.98,1263.7,48.18,8,False,15,1,Agent was unhelpful,Negative,0.1182,100,1,32.4,0.2,Gold,0.4012,2023-07-05
CUST02558,Southeast,Premium,2-Year,In-Store,Hotspot,Chat,Network Outage,14,173.6,2250.69,6.76,1,True,79,2,Will consider switching providers,Negative,0.0749,96.2,1,160.76,0.0667,Silver,0.6633,2023-06-06
CUST02559,Southwest,Standard,2-Year,Auto-Pay,Smartphone,App,Network Outage,3,108.17,331.55,39.24,9,True,2,5,Agent went above and beyond,Positive,0.8476,37.6,0,110.52,2.25,Bronze,0.8285,2022-03-22
CUST02560,Northeast,Basic,2-Year,Manual-Online,Tablet,Phone,Billing Dispute,41,59.26,2211.22,114.0,3,True,63,4,Highly satisfied with resolution,Positive,0.8056,43.4,0,53.93,0.0714,Gold,0.8353,2023-07-01
CUST02561,Southeast,Enterprise,1-Year,Mail,Smartphone,Phone,Device Problem,58,209.11,12075.57,101.19,6,True,-43,2,Worst customer service experience,Negative,0.2816,100,1,208.2,0.1017,Gold,0.4497,2023-09-29
CUST02562,Southeast,Basic,Month-to-Month,In-Store,Hotspot,Email,Device Problem,51,241.88,10692.68,104.39,5,True,-87,4,Very happy with service,Positive,0.6855,77.4,0,209.66,0.0962,Gold,0.5728,2024-12-30
CUST02563,Midwest,Basic,2-Year,Mail,Tablet,Phone,Contract Issue,53,111.08,5169.65,31.42,13,True,79,3,Issue eventually resolved,Neutral,0.3382,90.2,1,97.54,0.2407,Gold,0.7632,2022-05-07
CUST02564,Southeast,Premium,2-Year,Mail,Home Internet,Phone,Device Problem,34,96.59,2825.47,104.85,5,True,-24,2,Agent was unhelpful,Negative,0.1019,100,1,83.1,0.1429,Silver,0.483,2023-06-21
CUST02565,Southeast,Premium,2-Year,Mail,Tablet,App,Contract Issue,55,207.33,11167.15,60.08,2,True,100,5,Outstanding customer care,Positive,0.9875,4.0,0,203.04,0.0357,Gold,1.0,2024-07-20
CUST02566,Midwest,Basic,Month-to-Month,In-Store,Smartphone,In-Store,Contract Issue,35,166.05,5524.64,88.49,0,True,78,5,Agent was very helpful,Positive,0.868,4.4,0,157.85,0.0,Silver,0.9615,2022-04-17
CUST02567,Midwest,Premium,1-Year,Mail,Hotspot,Chat,Network Outage,8,118.32,808.95,75.65,13,True,-76,5,Highly satisfied with resolution,Positive,0.9085,61.2,0,101.12,1.4444,Bronze,0.692,2024-07-19
CUST02568,Southeast,Enterprise,Month-to-Month,In-Store,Tablet,Chat,Network Outage,16,99.42,1438.92,37.82,8,True,94,2,Terrible wait times,Negative,0.0763,100,1,89.93,0.4706,Silver,0.6895,2022-02-04
CUST02569,Northeast,Standard,2-Year,Manual-Online,Smartphone,App,Speed Issue,7,240.27,1618.05,29.91,10,True,48,1,Agent was unhelpful,Negative,0.2277,100,1,231.15,1.25,Bronze,0.509,2023-03-05
CUST02570,Southeast,Standard,1-Year,Manual-Online,Smartphone,Email,Contract Issue,47,199.16,8644.8,42.2,12,True,29,3,Nothing exceptional,Neutral,0.4154,98.2,1,183.93,0.25,Gold,0.6757,2023-12-08
CUST02571,West,Standard,Month-to-Month,Manual-Online,Business Line,App,No Issue,38,75.64,2460.12,82.16,2,True,95,4,Great network coverage,Positive,0.776,35.0,0,64.74,0.0513,Gold,0.8913,2023-01-18
CUST02572,Southwest,Basic,2-Year,In-Store,Home Internet,Phone,Contract Issue,66,83.28,5161.96,24.63,2,False,-8,5,Great network coverage,Positive,0.717,25.6,0,78.21,0.0299,Platinum,0.761,2022-02-06
CUST02573,West,Premium,1-Year,Mail,Tablet,Email,Contract Issue,49,170.86,7122.25,25.89,5,False,-75,5,Great network coverage,Positive,0.7789,45.0,0,145.35,0.1,Gold,0.6438,2024-12-01
CUST02574,West,Premium,Month-to-Month,Auto-Pay,Tablet,Chat,Device Problem,44,224.93,9724.74,16.1,8,False,49,1,Billing overcharge not fixed,Negative,0.0624,100,1,221.02,0.1778,Gold,0.4607,2022-02-12
CUST02575,West,Premium,2-Year,In-Store,Home Internet,In-Store,Network Outage,79,66.89,4649.18,75.87,8,True,-97,4,Excellent support experience,Positive,0.8297,85.4,1,58.85,0.1,Platinum,0.5553,2022-06-15
CUST02576,Southwest,Basic,Month-to-Month,Auto-Pay,Tablet,Chat,No Issue,26,196.6,4844.06,22.4,2,False,58,3,Got what I needed but took a while,Neutral,0.3248,72.4,1,186.31,0.0741,Silver,0.6765,2024-03-14
CUST02577,West,Enterprise,1-Year,Mail,Smartphone,Chat,Device Problem,74,78.36,5141.02,41.66,11,True,79,1,Issue still not resolved,Negative,0.2861,100,1,69.47,0.1467,Platinum,0.5633,2023-01-30
CUST02578,Northeast,Basic,Month-to-Month,Mail,Smartphone,App,Network Outage,23,49.92,1012.3,68.68,1,True,26,3,Got what I needed but took a while,Neutral,0.5629,76.8,0,44.01,0.0417,Silver,0.6705,2023-07-03
CUST02579,Southeast,Basic,2-Year,Mail,Smartphone,Email,Network Outage,72,218.6,14118.51,48.34,4,True,-67,3,Decent support,Neutral,0.5956,100,1,196.09,0.0548,Platinum,0.5078,2024-08-29
CUST02580,Northeast,Basic,1-Year,Auto-Pay,Home Internet,Chat,Device Problem,59,241.06,12763.02,109.04,5,True,-35,1,Very disappointed with service,Negative,0.018,100,1,216.32,0.0833,Gold,0.3638,2022-11-26
CUST02581,Southwest,Basic,2-Year,In-Store,Home Internet,App,No Issue,69,188.39,12937.59,78.98,14,True,88,3,Decent support,Neutral,0.4395,90.4,1,187.5,0.2,Platinum,0.779,2024-05-27
CUST02582,Midwest,Premium,1-Year,In-Store,Home Internet,App,Billing Dispute,29,207.21,5378.04,75.78,10,True,96,4,Very professional support team,Positive,0.9909,50.8,0,185.45,0.3333,Silver,0.893,2022-02-12
CUST02583,Southwest,Standard,2-Year,Mail,Business Line,Email,Plan Change,52,99.18,4607.8,6.12,0,True,-20,2,Agent was unhelpful,Negative,0.0074,100,1,88.61,0.0,Gold,0.49,2022-12-23
CUST02584,Northeast,Enterprise,Month-to-Month,Auto-Pay,Smartphone,Phone,Device Problem,60,106.88,5786.77,42.32,13,True,82,1,Agent was unhelpful,Negative,0.1587,100,1,96.45,0.2131,Platinum,0.5685,2023-12-01
CUST02585,Northeast,Basic,1-Year,Manual-Online,Tablet,Chat,Network Outage,45,141.52,5527.43,96.38,5,False,-43,2,No accountability at all,Negative,0.23,100,1,122.83,0.1087,Gold,0.3997,2022-04-19
CUST02586,Midwest,Basic,2-Year,Mail,Smartphone,Chat,Network Outage,48,140.46,6138.78,84.55,7,True,1,3,Could be improved,Neutral,0.5768,93.8,1,127.89,0.1429,Gold,0.6268,2022-09-17
CUST02587,Northeast,Basic,Month-to-Month,Mail,Smartphone,In-Store,Plan Change,14,30.16,403.73,12.28,14,False,9,2,Poor network reliability,Negative,0.0256,100,1,28.84,0.9333,Silver,0.4908,2022-11-08
CUST02588,West,Enterprise,Month-to-Month,Mail,Smartphone,Chat,Billing Dispute,58,198.25,11926.23,64.56,13,True,7,3,Could be improved,Neutral,0.5659,100,1,205.62,0.2203,Gold,0.6372,2023-12-18
CUST02589,Southwest,Premium,1-Year,In-Store,Tablet,In-Store,Speed Issue,24,105.4,2310.79,53.87,12,False,83,4,Problem resolved quickly,Positive,0.8722,57.4,0,96.28,0.48,Silver,0.8202,2024-02-05
CUST02590,Northeast,Enterprise,2-Year,Mail,Smartphone,Phone,Contract Issue,21,244.31,5028.73,79.13,0,True,-33,1,Terrible wait times,Negative,0.2137,100,1,239.46,0.0,Silver,0.3672,2022-05-07
CUST02591,West,Basic,1-Year,Auto-Pay,Business Line,App,Device Problem,81,192.22,13672.9,7.9,9,False,25,2,Will consider switching providers,Negative,0.1256,100,1,168.8,0.1098,Platinum,0.5188,2022-07-07
CUST02592,Midwest,Premium,2-Year,Manual-Online,Tablet,App,No Issue,38,50.15,1667.76,91.05,0,False,-53,5,Great network coverage,Positive,0.6348,30.6,0,43.89,0.0,Gold,0.6823,2024-04-16
CUST02593,West,Basic,2-Year,Manual-Online,Smartphone,App,Plan Change,8,107.29,743.97,63.12,8,True,-30,5,Problem resolved quickly,Positive,0.763,42.0,0,93.0,0.8889,Bronze,0.7725,2023-10-21
CUST02594,West,Basic,2-Year,Mail,Home Internet,App,Contract Issue,32,92.55,2603.23,108.35,8,True,80,4,Seamless experience overall,Positive,0.7551,50.0,0,81.35,0.2424,Silver,0.865,2022-07-13
CUST02595,Southwest,Enterprise,2-Year,In-Store,Tablet,Chat,Plan Change,53,92.92,4482.93,72.72,6,True,0,5,Problem resolved quickly,Positive,0.8917,32.0,0,84.58,0.1111,Gold,0.825,2024-12-06
CUST02596,West,Basic,2-Year,Manual-Online,Business Line,Email,Billing Dispute,54,177.83,9238.2,71.12,9,True,-33,5,Agent was very helpful,Positive,0.7511,44.6,0,171.08,0.1636,Gold,0.7672,2024-06-16
CUST02597,West,Standard,Month-to-Month,Auto-Pay,Tablet,Email,Plan Change,13,58.73,766.32,101.12,14,False,3,2,Billing overcharge not fixed,Negative,0.2392,100,1,58.95,1.0,Silver,0.4803,2024-06-24
CUST02598,Midwest,Premium,1-Year,Mail,Hotspot,Phone,No Issue,17,96.73,1675.59,48.73,10,True,5,5,Agent was very helpful,Positive,0.6266,39.0,0,98.56,0.5556,Silver,0.8337,2024-01-30
CUST02599,Northeast,Enterprise,Month-to-Month,Manual-Online,Hotspot,Phone,Contract Issue,71,95.35,6107.15,55.06,10,True,60,1,Problem kept recurring,Negative,0.0779,100,1,86.02,0.1389,Platinum,0.53,2023-11-13
CUST02600,Southwest,Basic,1-Year,Mail,Home Internet,Email,Plan Change,59,143.87,7410.37,65.93,7,True,-55,4,Seamless experience overall,Positive,0.8143,75.0,1,125.6,0.1167,Gold,0.6288,2023-04-27
CUST02601,Southeast,Premium,2-Year,In-Store,Business Line,Phone,Contract Issue,17,232.43,3644.93,35.15,3,False,-97,2,Agent was unhelpful,Negative,0.0928,100,1,214.41,0.1667,Silver,0.3053,2024-09-24
CUST02602,West,Premium,1-Year,Mail,Smartphone,Email,Billing Dispute,14,171.83,2323.2,14.0,3,True,72,4,Problem resolved quickly,Positive,0.8273,41.6,0,165.94,0.2,Silver,0.851,2022-06-12
CUST02603,Southeast,Standard,1-Year,In-Store,Hotspot,App,Contract Issue,2,178.31,312.73,57.5,4,False,25,1,Worst customer service experience,Negative,0.1942,100,1,156.37,1.3333,Bronze,0.4188,2023-11-24
CUST02604,Southeast,Basic,2-Year,Auto-Pay,Home Internet,Email,Speed Issue,63,155.37,10167.76,2.67,0,True,-93,5,Very professional support team,Positive,0.8934,38.6,0,161.39,0.0,Platinum,0.6623,2022-12-08
CUST02605,Southwest,Basic,1-Year,In-Store,Smartphone,App,Plan Change,50,101.66,5081.83,4.92,7,False,7,3,Got what I needed but took a while,Neutral,0.492,92.6,1,101.64,0.1373,Gold,0.5873,2024-07-16
CUST02606,Southeast,Basic,Month-to-Month,Manual-Online,Business Line,In-Store,Speed Issue,54,69.24,3487.74,118.52,0,True,48,5,Very happy with service,Positive,0.8677,10.4,0,64.59,0.0,Gold,0.909,2022-09-04
CUST02607,Southwest,Basic,Month-to-Month,Manual-Online,Smartphone,Chat,Speed Issue,25,130.32,2869.5,116.68,15,True,85,2,Agent was unhelpful,Negative,0.003,100,1,114.78,0.5769,Silver,0.6737,2022-05-25
CUST02608,Northeast,Basic,1-Year,Manual-Online,Tablet,Phone,No Issue,76,132.81,10486.73,47.6,3,True,-32,1,Issue still not resolved,Negative,0.2927,100,1,137.98,0.039,Platinum,0.369,2022-05-02
CUST02609,West,Basic,2-Year,Manual-Online,Home Internet,Phone,Plan Change,22,212.99,4633.8,37.68,4,False,-45,3,Expected better response time,Neutral,0.3919,97.0,1,210.63,0.1739,Silver,0.4963,2022-12-10
CUST02610,West,Standard,2-Year,Mail,Hotspot,App,Speed Issue,45,163.97,6350.09,17.75,7,True,-8,3,Acceptable service,Neutral,0.4045,95.6,1,141.11,0.1522,Gold,0.611,2022-11-01
CUST02611,Southwest,Standard,1-Year,Mail,Tablet,App,No Issue,78,51.43,3758.55,79.85,0,True,-18,5,Seamless experience overall,Positive,0.7463,23.6,0,48.19,0.0,Platinum,0.7935,2022-02-07
CUST02612,Southeast,Enterprise,Month-to-Month,In-Store,Business Line,App,Contract Issue,8,245.75,2015.25,103.14,9,True,9,4,Agent was very helpful,Positive,0.8608,66.2,1,251.91,1.0,Bronze,0.7408,2023-01-19
CUST02613,West,Basic,1-Year,In-Store,Hotspot,App,Billing Dispute,10,153.72,1496.0,15.4,5,True,-14,5,Outstanding customer care,Positive,0.8144,32.8,0,149.6,0.4545,Bronze,0.8005,2024-09-17
CUST02614,Midwest,Premium,Month-to-Month,Auto-Pay,Business Line,Phone,Device Problem,24,151.57,3659.4,116.45,11,True,26,2,Very disappointed with service,Negative,0.1672,100,1,152.47,0.44,Silver,0.5705,2022-02-16
CUST02615,Midwest,Enterprise,Month-to-Month,Auto-Pay,Business Line,In-Store,Speed Issue,27,242.16,6417.49,119.33,14,True,75,2,Will consider switching providers,Negative,0.0387,100,1,237.68,0.5,Silver,0.6562,2023-12-06
CUST02616,Midwest,Enterprise,2-Year,Auto-Pay,Business Line,Email,Device Problem,77,190.35,12462.62,41.4,3,True,99,2,Poor network reliability,Negative,0.082,96.2,1,161.85,0.0385,Platinum,0.6983,2023-01-19
CUST02617,Midwest,Premium,1-Year,Auto-Pay,Smartphone,Phone,Speed Issue,15,155.86,2005.82,107.66,14,True,-22,3,Service was okay,Neutral,0.4864,100,1,133.72,0.875,Silver,0.5865,2024-01-07
CUST02618,West,Enterprise,Month-to-Month,In-Store,Business Line,In-Store,Device Problem,37,130.77,4347.69,107.85,1,True,-15,4,Agent was very helpful,Positive,0.8677,55.0,0,117.51,0.0263,Gold,0.6987,2022-03-02
CUST02619,Southwest,Basic,2-Year,Auto-Pay,Smartphone,In-Store,Network Outage,35,171.0,5455.2,92.67,2,True,-33,2,Poor network reliability,Negative,0.0471,100,1,155.86,0.0556,Silver,0.4672,2022-02-01
CUST02620,Midwest,Enterprise,1-Year,Mail,Tablet,Phone,No Issue,56,248.37,13977.24,90.36,15,False,-12,4,Highly satisfied with resolution,Positive,0.7388,82.4,1,249.59,0.2632,Gold,0.654,2023-11-11
CUST02621,Southwest,Enterprise,2-Year,In-Store,Home Internet,App,Speed Issue,4,189.43,708.65,46.76,15,True,68,4,Great network coverage,Positive,0.7892,66.4,1,177.16,3.0,Bronze,0.844,2023-04-05
CUST02622,Northeast,Basic,Month-to-Month,Manual-Online,Hotspot,Email,Speed Issue,52,171.03,8165.31,30.67,9,False,59,5,Highly satisfied with resolution,Positive,0.6545,26.2,0,157.03,0.1698,Gold,0.8782,2023-06-28
CUST02623,Southwest,Premium,1-Year,Mail,Smartphone,Email,No Issue,16,181.67,2651.72,5.19,12,True,95,2,Worst customer service experience,Negative,0.181,100,1,165.73,0.7059,Silver,0.6913,2023-11-17
CUST02624,Northeast,Basic,2-Year,Auto-Pay,Business Line,In-Store,Contract Issue,16,73.51,1151.45,102.81,11,True,-17,5,Outstanding customer care,Positive,0.6654,45.4,0,71.97,0.6471,Silver,0.7953,2024-12-10
CUST02625,Northeast,Standard,Month-to-Month,Manual-Online,Hotspot,Chat,Plan Change,79,131.25,10807.94,55.98,2,True,33,1,Worst customer service experience,Negative,0.1324,100,1,136.81,0.025,Platinum,0.4828,2024-08-01
CUST02626,Midwest,Standard,1-Year,Auto-Pay,Hotspot,App,Plan Change,1,220.53,210.38,72.83,14,True,-34,2,Will consider switching providers,Negative,0.2309,100,1,210.38,7.0,Bronze,0.4655,2024-08-21
CUST02627,Midwest,Standard,2-Year,In-Store,Home Internet,In-Store,Contract Issue,67,147.3,8807.65,61.17,2,False,61,1,No accountability at all,Negative,0.1996,100,1,131.46,0.0294,Platinum,0.4818,2024-07-29
CUST02628,West,Premium,2-Year,In-Store,Business Line,Chat,Plan Change,38,71.58,2741.48,50.3,10,True,85,1,Problem kept recurring,Negative,0.2512,100,1,72.14,0.2564,Gold,0.5737,2022-03-16
CUST02629,Northeast,Premium,Month-to-Month,Auto-Pay,Tablet,In-Store,Billing Dispute,48,100.07,4895.48,36.6,4,True,-14,5,Highly satisfied with resolution,Positive,0.8151,30.8,0,101.99,0.0816,Gold,0.8005,2024-06-23
CUST02630,West,Premium,1-Year,Auto-Pay,Tablet,In-Store,Plan Change,12,79.96,910.78,29.77,6,True,100,5,Problem resolved quickly,Positive,0.7394,12.0,0,75.9,0.4615,Silver,1.0,2023-09-21
CUST02631,Northeast,Standard,2-Year,Manual-Online,Hotspot,Email,Plan Change,23,74.39,1731.81,83.47,1,True,-27,3,Could be improved,Neutral,0.3233,87.4,1,75.3,0.0417,Silver,0.5777,2022-07-28
CUST02632,West,Standard,2-Year,Mail,Hotspot,Phone,Speed Issue,14,230.28,2922.8,15.94,13,True,-66,4,Agent was very helpful,Positive,0.6822,89.2,1,208.77,0.8667,Silver,0.6095,2024-08-09
CUST02633,Midwest,Basic,Month-to-Month,Auto-Pay,Smartphone,In-Store,Billing Dispute,81,217.69,16355.81,99.82,8,True,-47,3,Service was okay,Neutral,0.3544,100,1,201.92,0.0976,Platinum,0.5428,2024-02-08
CUST02634,Southeast,Standard,2-Year,In-Store,Home Internet,Email,Billing Dispute,52,170.42,8582.55,66.13,15,True,-57,3,Nothing exceptional,Neutral,0.5163,100,1,165.05,0.283,Gold,0.5252,2022-06-30
CUST02635,Midwest,Standard,1-Year,Auto-Pay,Home Internet,Phone,Contract Issue,26,177.07,4763.1,44.54,8,True,37,3,Service was okay,Neutral,0.4901,88.6,1,183.2,0.2963,Silver,0.6897,2022-10-18
CUST02636,Southeast,Premium,1-Year,Mail,Tablet,Phone,Speed Issue,5,226.14,1170.86,112.0,7,True,95,4,Excellent support experience,Positive,0.9845,45.0,0,234.17,1.1667,Bronze,0.8913,2023-04-08
CUST02637,Southwest,Basic,Month-to-Month,In-Store,Hotspot,App,Plan Change,18,134.11,2460.16,20.65,8,True,29,4,Very happy with service,Positive,0.9008,60.2,0,136.68,0.4211,Silver,0.7758,2024-05-07
CUST02638,Southwest,Standard,Month-to-Month,In-Store,Hotspot,Email,Device Problem,31,142.0,4261.19,8.53,4,True,-47,5,Very professional support team,Positive,0.9112,37.4,0,137.46,0.125,Silver,0.7428,2023-09-01
CUST02639,Southwest,Enterprise,2-Year,Auto-Pay,Smartphone,Email,Contract Issue,47,137.42,6728.72,99.25,6,True,17,5,Agent was very helpful,Positive,0.7624,28.6,0,143.16,0.125,Gold,0.8548,2024-03-06
CUST02640,Northeast,Premium,Month-to-Month,In-Store,Hotspot,In-Store,Speed Issue,4,52.56,212.65,2.85,13,False,-12,3,Waited longer than expected,Neutral,0.4901,100,1,53.16,2.6,Bronze,0.554,2022-03-21
CUST02641,West,Premium,2-Year,Mail,Business Line,In-Store,No Issue,18,66.03,1050.49,22.62,8,True,-96,1,Issue still not resolved,Negative,0.1722,100,1,58.36,0.4211,Silver,0.257,2022-03-18
CUST02642,West,Enterprise,Month-to-Month,Manual-Online,Home Internet,Phone,Speed Issue,76,47.27,3536.23,96.55,9,True,-88,2,Issue still not resolved,Negative,0.0401,100,1,46.53,0.1169,Platinum,0.371,2022-10-23
CUST02643,Southeast,Standard,2-Year,Mail,Smartphone,Email,Billing Dispute,17,169.91,2992.39,36.46,4,True,88,5,Agent was very helpful,Positive,0.6683,10.4,0,176.02,0.2222,Silver,0.979,2023-05-07
CUST02644,Northeast,Standard,Month-to-Month,Manual-Online,Smartphone,Chat,Billing Dispute,13,71.94,878.66,112.65,5,True,-33,2,Will consider switching providers,Negative,0.2509,100,1,67.59,0.3571,Silver,0.4672,2022-07-16
CUST02645,Southeast,Premium,Month-to-Month,Manual-Online,Business Line,Email,Device Problem,15,169.96,2414.13,49.89,8,True,4,4,Outstanding customer care,Positive,0.6224,65.2,1,160.94,0.5,Silver,0.732,2024-07-19
CUST02646,West,Premium,Month-to-Month,Mail,Smartphone,Email,Billing Dispute,71,71.62,4975.12,5.73,1,False,-38,2,Poor network reliability,Negative,0.1455,100,1,70.07,0.0139,Platinum,0.4085,2023-01-20
CUST02647,Northeast,Premium,1-Year,Mail,Tablet,In-Store,Billing Dispute,63,194.09,12629.1,24.54,5,True,-26,3,Acceptable service,Neutral,0.4717,95.2,1,200.46,0.0781,Platinum,0.5795,2024-07-11
CUST02648,West,Standard,2-Year,Manual-Online,Hotspot,Phone,Plan Change,20,44.08,825.56,71.69,5,True,-59,5,Problem resolved quickly,Positive,0.6787,41.8,0,41.28,0.2381,Silver,0.7218,2022-06-19
CUST02649,Southeast,Premium,Month-to-Month,Manual-Online,Tablet,Email,Plan Change,4,114.64,434.29,4.26,9,True,84,1,Billing overcharge not fixed,Negative,0.0223,100,1,108.57,1.8,Bronze,0.572,2023-09-30
CUST02650,Midwest,Standard,Month-to-Month,Manual-Online,Hotspot,Email,Device Problem,57,178.57,9715.17,99.07,7,True,78,3,Got what I needed but took a while,Neutral,0.5727,78.4,0,170.44,0.1207,Gold,0.7615,2023-01-23
CUST02651,Southeast,Enterprise,1-Year,Auto-Pay,Hotspot,Phone,No Issue,44,151.61,6754.17,106.3,7,True,83,5,Seamless experience overall,Positive,0.8034,17.4,0,153.5,0.1556,Gold,0.9703,2024-01-18
CUST02652,Southwest,Basic,2-Year,Auto-Pay,Hotspot,Phone,No Issue,5,157.44,786.35,41.49,15,True,46,3,Average experience,Neutral,0.4036,100,1,157.27,2.5,Bronze,0.7055,2024-09-03
CUST02653,Southeast,Standard,Month-to-Month,Manual-Online,Smartphone,Chat,Device Problem,1,153.09,156.89,9.33,13,True,28,3,Could be improved,Neutral,0.3855,100,1,156.89,6.5,Bronze,0.674,2023-12-18
CUST02654,Southeast,Basic,1-Year,Manual-Online,Hotspot,In-Store,No Issue,47,39.08,1795.63,46.34,4,True,17,1,Terrible wait times,Negative,0.2456,100,1,38.2,0.0833,Gold,0.4547,2024-01-26
CUST02655,Midwest,Basic,Month-to-Month,Auto-Pay,Hotspot,Email,Contract Issue,53,69.14,3337.03,9.53,13,False,14,4,Great network coverage,Positive,0.6105,73.2,1,62.96,0.2407,Gold,0.6995,2023-06-28
CUST02656,Northeast,Premium,2-Year,Mail,Hotspot,In-Store,Billing Dispute,32,74.07,2404.13,21.29,9,True,94,2,Poor network reliability,Negative,0.007,100,1,75.13,0.2727,Silver,0.6895,2023-10-18
CUST02657,Midwest,Standard,Month-to-Month,Mail,Smartphone,Email,Network Outage,39,221.05,8526.96,108.78,6,False,-82,3,Decent support,Neutral,0.357,100,1,218.64,0.15,Gold,0.4315,2022-09-03
CUST02658,Northeast,Basic,1-Year,Mail,Business Line,Phone,Contract Issue,4,166.19,683.81,44.45,2,True,-59,3,Got what I needed but took a while,Neutral,0.3827,95.8,1,170.95,0.4,Bronze,0.5217,2024-06-28
CUST02659,Midwest,Enterprise,2-Year,Mail,Smartphone,In-Store,Device Problem,84,167.73,13050.47,34.54,13,True,-91,4,Very happy with service,Positive,0.7841,94.2,1,155.36,0.1529,Platinum,0.5657,2022-06-12
CUST02660,Northeast,Basic,2-Year,Auto-Pay,Smartphone,Phone,Speed Issue,38,145.21,4700.51,47.62,9,True,-74,1,Problem kept recurring,Negative,0.0922,100,1,123.7,0.2308,Gold,0.2955,2022-02-10
CUST02661,Northeast,Premium,1-Year,Auto-Pay,Smartphone,Chat,Device Problem,22,183.69,3990.84,88.1,9,True,-93,3,Expected better response time,Neutral,0.3049,100,1,181.4,0.3913,Silver,0.4623,2024-04-28
CUST02662,Midwest,Basic,1-Year,Auto-Pay,Tablet,Chat,Billing Dispute,59,38.81,2334.4,82.52,6,True,-93,3,Service was okay,Neutral,0.3651,100,1,39.57,0.1,Gold,0.4623,2024-01-17
CUST02663,Southwest,Enterprise,2-Year,In-Store,Smartphone,In-Store,Device Problem,2,199.56,374.76,97.37,3,True,-71,3,Nothing exceptional,Neutral,0.5812,100,1,187.38,1.0,Bronze,0.5008,2023-11-12
CUST02664,West,Basic,2-Year,In-Store,Smartphone,Email,Contract Issue,17,234.88,3772.65,82.55,2,True,99,2,Issue still not resolved,Negative,0.0314,94.2,1,221.92,0.1111,Silver,0.6983,2023-11-17
CUST02665,Northeast,Basic,Month-to-Month,Mail,Tablet,In-Store,No Issue,13,86.32,1122.48,74.34,8,True,-91,4,Agent went above and beyond,Positive,0.9854,84.2,1,86.34,0.5714,Silver,0.5657,2022-01-22
CUST02666,Midwest,Enterprise,Month-to-Month,In-Store,Hotspot,Phone,Billing Dispute,5,139.28,661.48,9.85,4,True,12,2,Very disappointed with service,Negative,0.1637,100,1,132.3,0.6667,Bronze,0.546,2023-09-20
CUST02667,Midwest,Standard,1-Year,Auto-Pay,Business Line,App,Device Problem,5,192.72,901.64,71.56,10,True,-40,4,Very happy with service,Positive,0.9691,78.0,0,180.33,1.6667,Bronze,0.655,2023-05-02
CUST02668,Northeast,Basic,2-Year,In-Store,Smartphone,Chat,No Issue,77,164.44,12041.62,20.6,14,True,50,2,Poor network reliability,Negative,0.1549,100,1,156.38,0.1795,Platinum,0.6125,2024-07-05
CUST02669,Midwest,Basic,1-Year,In-Store,Business Line,Phone,No Issue,46,88.22,3605.01,85.22,1,True,3,4,Outstanding customer care,Positive,0.8579,51.4,0,78.37,0.0213,Gold,0.7303,2024-09-08
CUST02670,Southeast,Enterprise,2-Year,Mail,Home Internet,Email,Plan Change,9,223.31,1723.41,9.34,5,True,78,4,Agent was very helpful,Positive,0.9277,44.4,0,191.49,0.5,Bronze,0.8615,2023-01-23
CUST02671,Northeast,Enterprise,1-Year,Mail,Home Internet,App,Plan Change,30,175.9,4966.2,61.4,0,False,-100,5,Agent was very helpful,Positive,0.7006,40.0,0,165.54,0.0,Silver,0.6,2022-04-21
CUST02672,Southwest,Standard,2-Year,In-Store,Smartphone,Phone,Network Outage,13,248.53,3039.88,22.23,5,True,10,4,Excellent support experience,Positive,0.9315,58.0,0,233.84,0.3571,Silver,0.7425,2024-03-04
CUST02673,Southeast,Basic,Month-to-Month,Mail,Tablet,App,No Issue,42,191.36,7923.33,46.38,12,True,74,5,Agent went above and beyond,Positive,0.9804,29.2,0,188.65,0.2791,Gold,0.9545,2024-05-16
CUST02674,Northeast,Basic,Month-to-Month,In-Store,Smartphone,Phone,Plan Change,4,193.29,685.1,78.97,15,False,23,2,Very disappointed with service,Negative,0.2324,100,1,171.28,3.0,Bronze,0.5152,2024-05-04
CUST02675,Southeast,Standard,Month-to-Month,In-Store,Smartphone,In-Store,Device Problem,52,171.4,8455.09,2.02,10,True,-95,5,Very happy with service,Positive,0.8594,59.0,0,162.6,0.1887,Gold,0.6587,2023-11-27
CUST02676,Northeast,Basic,2-Year,Manual-Online,Smartphone,In-Store,Contract Issue,80,71.09,4888.67,85.45,1,True,-6,4,Outstanding customer care,Positive,0.7247,53.2,0,61.11,0.0123,Platinum,0.7145,2022-06-09
CUST02677,Southwest,Premium,Month-to-Month,Manual-Online,Hotspot,Phone,Device Problem,9,116.33,967.78,84.2,1,False,2,1,No accountability at all,Negative,0.0329,100,1,107.53,0.1,Bronze,0.3785,2023-09-28
CUST02678,Southwest,Standard,1-Year,Mail,Business Line,Email,Plan Change,2,82.13,167.14,12.15,14,True,44,1,Problem kept recurring,Negative,0.1306,100,1,83.57,4.6667,Bronze,0.502,2023-11-13
CUST02679,Midwest,Basic,2-Year,Auto-Pay,Hotspot,Phone,No Issue,64,104.57,6854.17,88.8,3,True,14,3,Average experience,Neutral,0.5679,83.2,1,107.1,0.0462,Platinum,0.6495,2023-10-22
CUST02680,Northeast,Standard,2-Year,Mail,Smartphone,Phone,Plan Change,8,76.83,583.38,67.07,14,True,1,4,Problem resolved quickly,Positive,0.9088,77.8,1,72.92,1.5556,Bronze,0.7268,2023-10-28
CUST02681,Northeast,Premium,Month-to-Month,In-Store,Home Internet,Email,Network Outage,77,235.49,17213.29,62.66,5,True,17,5,Very happy with service,Positive,0.905,26.6,0,223.55,0.0641,Platinum,0.8548,2022-02-22
CUST02682,Southeast,Enterprise,2-Year,Auto-Pay,Smartphone,Chat,Billing Dispute,32,169.47,5479.66,1.66,4,True,-35,1,Worst customer service experience,Negative,0.0029,100,1,171.24,0.1212,Silver,0.3638,2022-02-20
CUST02683,Southwest,Enterprise,1-Year,Mail,Business Line,App,No Issue,46,55.02,2354.03,11.04,0,False,1,3,Waited longer than expected,Neutral,0.3144,79.8,1,51.17,0.0,Gold,0.5768,2023-04-03
CUST02684,Southwest,Premium,2-Year,Mail,Smartphone,In-Store,Contract Issue,19,57.52,965.87,56.48,14,True,10,1,Billing overcharge not fixed,Negative,0.2342,100,1,50.84,0.7,Silver,0.4425,2022-03-19
CUST02685,Southeast,Enterprise,Month-to-Month,Manual-Online,Business Line,Email,No Issue,53,108.24,5256.09,17.91,2,True,-2,5,Great network coverage,Positive,0.9233,24.4,0,99.17,0.037,Gold,0.8215,2023-05-28
CUST02686,Southwest,Standard,Month-to-Month,Mail,Hotspot,Email,Network Outage,78,241.94,18049.44,21.97,9,False,5,1,Billing overcharge not fixed,Negative,0.0911,100,1,231.4,0.1139,Platinum,0.3838,2023-04-04
CUST02687,Southeast,Enterprise,Month-to-Month,Mail,Smartphone,App,No Issue,8,142.65,1070.07,27.5,14,True,13,4,Excellent support experience,Positive,0.8115,75.4,1,133.76,1.5556,Bronze,0.7478,2023-03-23
CUST02688,Midwest,Standard,2-Year,Auto-Pay,Smartphone,Phone,Speed Issue,76,66.5,4788.36,112.48,10,True,-49,3,Issue eventually resolved,Neutral,0.3952,100,1,63.0,0.1299,Platinum,0.5393,2022-11-23
CUST02689,Northeast,Enterprise,1-Year,Mail,Smartphone,App,Plan Change,53,39.72,1797.69,113.51,13,True,29,5,Seamless experience overall,Positive,0.8008,40.2,0,33.92,0.2407,Gold,0.8758,2022-11-24
CUST02690,Midwest,Standard,2-Year,In-Store,Home Internet,Email,Plan Change,17,196.19,2980.72,98.34,8,True,60,3,Nothing exceptional,Neutral,0.3053,84.0,1,175.34,0.4444,Silver,0.73,2023-04-22
CUST02691,Southwest,Enterprise,Month-to-Month,Manual-Online,Hotspot,In-Store,Device Problem,78,196.2,14609.35,119.88,9,False,-89,2,Worst customer service experience,Negative,0.2381,100,1,187.3,0.1139,Platinum,0.3193,2023-04-07
CUST02692,Southeast,Standard,Month-to-Month,In-Store,Tablet,Chat,Device Problem,3,132.58,385.88,118.87,1,True,80,5,Seamless experience overall,Positive,0.8066,6.0,0,128.63,0.25,Bronze,0.965,2022-02-16
CUST02693,Northeast,Premium,Month-to-Month,Manual-Online,Tablet,Email,No Issue,41,45.49,1811.44,18.73,8,True,-31,1,Agent was unhelpful,Negative,0.2336,100,1,44.18,0.1905,Gold,0.3707,2024-12-02
CUST02694,Northeast,Premium,2-Year,Mail,Hotspot,Phone,Speed Issue,4,130.72,540.12,27.46,4,True,-49,5,Highly satisfied with resolution,Positive,0.9304,37.8,0,135.03,0.8,Bronze,0.7392,2022-05-02
CUST02695,Northeast,Enterprise,2-Year,Mail,Home Internet,In-Store,No Issue,43,103.48,3812.96,39.18,10,False,63,4,Very happy with service,Positive,0.8609,57.4,0,88.67,0.2273,Gold,0.7853,2024-03-14
CUST02696,West,Standard,Month-to-Month,Mail,Smartphone,Email,Network Outage,33,133.78,3827.17,43.4,2,False,88,2,Terrible wait times,Negative,0.131,96.4,1,115.97,0.0588,Silver,0.629,2022-05-12
CUST02697,Midwest,Standard,2-Year,In-Store,Tablet,In-Store,Speed Issue,70,105.23,6914.73,20.27,14,True,90,4,Seamless experience overall,Positive,0.6812,60.0,0,98.78,0.1972,Platinum,0.8825,2024-03-03
CUST02698,Northeast,Premium,1-Year,Auto-Pay,Smartphone,In-Store,Contract Issue,33,198.49,6347.73,37.48,1,True,86,5,Agent was very helpful,Positive,0.731,4.8,0,192.36,0.0294,Silver,0.9755,2024-11-12
CUST02699,Southeast,Premium,2-Year,Mail,Tablet,In-Store,Plan Change,32,167.68,5595.65,57.39,15,False,-16,3,Expected better response time,Neutral,0.3893,100,1,174.86,0.4545,Silver,0.547,2024-08-22
CUST02700,Northeast,Premium,1-Year,Auto-Pay,Tablet,In-Store,Speed Issue,1,201.49,192.69,94.04,13,True,65,4,Highly satisfied with resolution,Positive,0.6723,63.0,0,192.69,6.5,Bronze,0.8387,2023-04-02
CUST02701,West,Enterprise,1-Year,Mail,Tablet,In-Store,Speed Issue,33,105.02,3517.6,2.65,9,True,54,4,Highly satisfied with resolution,Positive,0.8481,57.2,0,106.59,0.2647,Silver,0.8195,2023-11-06
CUST02702,Southeast,Enterprise,2-Year,In-Store,Tablet,Phone,Contract Issue,7,218.32,1379.08,5.0,8,True,26,4,Highly satisfied with resolution,Positive,0.8017,60.8,0,197.01,1.0,Bronze,0.7705,2023-02-16
CUST02703,Southwest,Basic,Month-to-Month,Mail,Home Internet,App,Network Outage,58,43.73,2590.93,61.86,10,True,32,4,Excellent support experience,Positive,0.9405,63.6,0,44.67,0.1695,Gold,0.781,2023-12-25
CUST02704,Southwest,Standard,1-Year,In-Store,Tablet,Chat,Network Outage,75,166.36,12258.04,107.93,7,True,-21,3,Average experience,Neutral,0.5409,98.2,1,163.44,0.0921,Platinum,0.5882,2022-05-05
CUST02705,Southeast,Premium,2-Year,Auto-Pay,Hotspot,In-Store,Plan Change,68,114.74,7761.77,75.71,1,False,2,2,Billing overcharge not fixed,Negative,0.2814,100,1,114.14,0.0145,Platinum,0.4785,2022-12-23
CUST02706,West,Standard,1-Year,Mail,Home Internet,Chat,Billing Dispute,45,127.98,5420.58,58.17,2,True,4,1,Worst customer service experience,Negative,0.0471,100,1,120.46,0.0435,Gold,0.432,2024-09-28
CUST02707,Southeast,Enterprise,1-Year,Auto-Pay,Tablet,App,Contract Issue,64,73.44,4269.4,84.15,6,True,45,1,Worst customer service experience,Negative,0.2601,100,1,66.71,0.0923,Platinum,0.5037,2022-09-04
CUST02708,West,Standard,1-Year,Mail,Business Line,App,Plan Change,74,171.46,11880.02,105.71,12,True,88,1,Poor network reliability,Negative,0.0936,100,1,160.54,0.16,Platinum,0.579,2023-01-07
CUST02709,Southeast,Premium,1-Year,Mail,Business Line,In-Store,Device Problem,6,247.11,1395.43,47.7,14,True,63,3,Waited longer than expected,Neutral,0.4078,95.4,1,232.57,2.0,Bronze,0.7352,2022-10-16
CUST02710,Midwest,Enterprise,2-Year,In-Store,Tablet,Phone,Speed Issue,20,161.47,2780.62,119.71,6,True,94,1,Problem kept recurring,Negative,0.0718,100,1,139.03,0.2857,Silver,0.5895,2023-11-30
CUST02711,Midwest,Standard,1-Year,Mail,Smartphone,Chat,Speed Issue,41,143.93,5235.12,22.51,2,True,44,3,Issue eventually resolved,Neutral,0.5347,75.2,0,127.69,0.0476,Gold,0.702,2022-01-04
CUST02712,West,Basic,1-Year,Mail,Home Internet,In-Store,Contract Issue,78,73.42,5864.77,25.93,12,True,-20,2,Agent was unhelpful,Negative,0.1201,100,1,75.19,0.1519,Platinum,0.49,2023-08-30
CUST02713,Southeast,Premium,1-Year,Auto-Pay,Tablet,Email,Network Outage,32,182.75,5833.65,87.21,5,True,-92,1,Billing overcharge not fixed,Negative,0.2094,100,1,182.3,0.1515,Silver,0.264,2024-07-12
CUST02714,Midwest,Basic,1-Year,In-Store,Business Line,In-Store,Device Problem,6,81.13,482.19,58.13,11,False,36,2,Agent was unhelpful,Negative,0.056,100,1,80.36,1.5714,Bronze,0.538,2022-05-18
CUST02715,Midwest,Standard,1-Year,In-Store,Hotspot,In-Store,No Issue,25,202.82,5197.05,74.31,7,False,28,4,Problem resolved quickly,Positive,0.7677,58.4,0,207.88,0.2692,Silver,0.724,2023-09-08
CUST02716,Midwest,Premium,2-Year,Auto-Pay,Smartphone,In-Store,Network Outage,17,202.47,3517.33,91.6,4,True,-4,1,Will consider switching providers,Negative,0.0884,100,1,206.9,0.2222,Silver,0.418,2022-10-15
CUST02717,Northeast,Basic,2-Year,Manual-Online,Hotspot,In-Store,Speed Issue,28,171.3,4836.33,41.6,13,False,38,2,Will consider switching providers,Negative,0.2214,100,1,172.73,0.4483,Silver,0.5415,2024-10-26
CUST02718,West,Standard,Month-to-Month,Auto-Pay,Tablet,Chat,Network Outage,66,63.22,4040.71,61.13,1,True,-6,1,Terrible wait times,Negative,0.1865,100,1,61.22,0.0149,Platinum,0.4145,2023-09-03
CUST02719,West,Enterprise,Month-to-Month,Mail,Business Line,Chat,Contract Issue,81,244.94,18899.15,114.05,1,True,86,1,Terrible wait times,Negative,0.2046,100,1,233.32,0.0122,Platinum,0.5755,2023-07-08
CUST02720,West,Basic,Month-to-Month,Manual-Online,Smartphone,Email,Network Outage,31,121.57,3893.58,59.74,6,True,-74,1,Terrible wait times,Negative,0.0798,100,1,125.6,0.1875,Silver,0.2955,2023-11-12
CUST02721,Southwest,Standard,2-Year,Auto-Pay,Home Internet,App,Contract Issue,14,161.18,2298.24,119.15,1,True,-40,4,Outstanding customer care,Positive,0.6263,60.0,0,164.16,0.0667,Silver,0.655,2024-05-02
CUST02722,Midwest,Standard,Month-to-Month,In-Store,Business Line,Email,Plan Change,82,74.87,5707.03,108.22,0,True,7,5,Very happy with service,Positive,0.643,18.6,0,69.6,0.0,Platinum,0.8373,2022-06-18
CUST02723,Midwest,Standard,2-Year,Mail,Smartphone,App,Device Problem,38,76.24,2636.02,76.17,6,True,55,4,Problem resolved quickly,Positive,0.6504,51.0,0,69.37,0.1538,Gold,0.8213,2022-01-07
CUST02724,Southwest,Enterprise,Month-to-Month,Auto-Pay,Hotspot,Phone,Speed Issue,26,206.89,5631.39,95.13,11,True,-55,3,Average experience,Neutral,0.5781,100,1,216.59,0.4074,Silver,0.5288,2022-02-05
CUST02725,Midwest,Enterprise,Month-to-Month,In-Store,Home Internet,Email,Plan Change,43,100.98,4543.25,12.57,12,True,-59,3,Nothing exceptional,Neutral,0.5677,100,1,105.66,0.2727,Gold,0.5217,2024-07-11
CUST02726,Midwest,Basic,Month-to-Month,Manual-Online,Hotspot,Phone,Plan Change,13,167.88,1957.41,77.63,2,False,96,4,Seamless experience overall,Positive,0.7762,34.8,0,150.57,0.1429,Silver,0.843,2022-02-24
CUST02727,Southwest,Premium,Month-to-Month,Auto-Pay,Business Line,Email,Contract Issue,65,217.1,13063.67,105.16,1,True,77,2,Poor network reliability,Negative,0.177,96.6,1,200.98,0.0152,Platinum,0.6597,2022-03-08
CUST02728,Southwest,Standard,1-Year,In-Store,Home Internet,App,No Issue,26,163.91,4320.38,65.78,6,False,-94,2,Agent was unhelpful,Negative,0.2255,100,1,166.17,0.2222,Silver,0.3105,2022-11-11
CUST02729,Northeast,Premium,2-Year,Mail,Business Line,Email,Plan Change,46,75.15,2980.92,30.99,14,True,-52,3,Waited longer than expected,Neutral,0.4047,100,1,64.8,0.2979,Gold,0.534,2022-08-29
CUST02730,Midwest,Basic,1-Year,Auto-Pay,Smartphone,App,Billing Dispute,32,186.28,5912.66,9.92,1,True,-91,3,Nothing exceptional,Neutral,0.3913,100,1,184.77,0.0303,Silver,0.4657,2022-08-12
CUST02731,Southeast,Standard,2-Year,In-Store,Business Line,Chat,Billing Dispute,75,92.56,6352.43,38.88,7,False,-63,3,Got what I needed but took a while,Neutral,0.3235,100,1,84.7,0.0921,Platinum,0.4648,2023-07-05
CUST02732,Northeast,Standard,2-Year,Mail,Smartphone,Chat,No Issue,8,164.66,1293.92,15.42,4,True,-73,4,Excellent support experience,Positive,0.6443,72.6,1,161.74,0.4444,Bronze,0.5973,2023-09-23
CUST02733,Southwest,Standard,Month-to-Month,In-Store,Smartphone,App,Device Problem,44,234.17,9037.23,81.54,2,True,-69,4,Agent went above and beyond,Positive,0.9985,67.8,1,205.39,0.0444,Gold,0.6043,2023-09-04
CUST02734,Southwest,Basic,2-Year,Auto-Pay,Smartphone,Chat,Billing Dispute,22,186.1,3659.6,83.82,3,False,16,5,Agent went above and beyond,Positive,0.7349,22.8,0,166.35,0.1304,Silver,0.803,2024-01-26
CUST02735,West,Enterprise,Month-to-Month,Manual-Online,Tablet,App,Contract Issue,83,205.73,17876.32,47.2,9,True,-25,2,Worst customer service experience,Negative,0.2673,100,1,215.38,0.1071,Platinum,0.4812,2022-12-25
CUST02736,Southwest,Basic,2-Year,Mail,Hotspot,App,Contract Issue,8,99.02,704.98,81.2,0,True,86,5,Highly satisfied with resolution,Positive,0.603,2.8,0,88.12,0.0,Bronze,0.9755,2023-07-08
CUST02737,Southeast,Basic,1-Year,Manual-Online,Home Internet,Phone,Speed Issue,58,138.19,6950.28,84.32,15,True,19,3,Issue eventually resolved,Neutral,0.586,100,1,119.83,0.2542,Gold,0.6583,2024-02-03
CUST02738,Southwest,Basic,1-Year,Mail,Business Line,App,Contract Issue,11,112.08,1130.83,66.67,11,True,-58,5,Agent went above and beyond,Positive,0.7024,53.6,0,102.8,0.9167,Bronze,0.7235,2023-10-13
CUST02739,Southeast,Standard,Month-to-Month,Mail,Tablet,Phone,Plan Change,40,61.13,2458.35,58.07,5,True,69,2,Poor network reliability,Negative,0.1852,100,1,61.46,0.122,Gold,0.6457,2024-07-28
CUST02740,Southeast,Enterprise,1-Year,Auto-Pay,Tablet,Email,Network Outage,5,98.71,452.65,59.39,3,True,-73,3,Got what I needed but took a while,Neutral,0.3412,100,1,90.53,0.5,Bronze,0.4973,2024-02-03
CUST02741,Southeast,Basic,Month-to-Month,Auto-Pay,Tablet,Email,No Issue,9,78.3,601.14,14.46,2,True,8,3,Average experience,Neutral,0.3251,82.4,1,66.79,0.2,Bronze,0.639,2023-05-24
CUST02742,West,Enterprise,2-Year,Auto-Pay,Hotspot,Email,Contract Issue,79,60.37,4180.84,57.93,15,True,69,2,Billing overcharge not fixed,Negative,0.169,100,1,52.92,0.1875,Platinum,0.6457,2024-03-29
CUST02743,Southwest,Enterprise,2-Year,Mail,Tablet,Email,Device Problem,76,125.92,9626.91,10.26,6,True,-97,4,Outstanding customer care,Positive,0.8473,81.4,1,126.67,0.0779,Platinum,0.5553,2024-02-18
CUST02744,West,Standard,2-Year,Mail,Home Internet,Phone,Network Outage,73,120.38,7515.78,5.77,3,True,57,3,Service was okay,Neutral,0.4974,74.6,1,102.96,0.0405,Platinum,0.7248,2023-12-31
CUST02745,Southeast,Standard,Month-to-Month,Auto-Pay,Smartphone,Phone,No Issue,62,209.19,13548.33,88.13,4,True,79,3,Expected better response time,Neutral,0.3706,72.2,1,218.52,0.0635,Platinum,0.7632,2022-10-11
CUST02746,Southeast,Basic,1-Year,Manual-Online,Tablet,Chat,Device Problem,10,124.89,1163.01,103.65,15,True,73,3,Got what I needed but took a while,Neutral,0.4747,95.4,1,116.3,1.3636,Bronze,0.7528,2022-03-23
CUST02747,West,Basic,Month-to-Month,In-Store,Smartphone,Chat,Billing Dispute,48,138.69,6860.32,16.28,1,True,26,1,Terrible wait times,Negative,0.2807,100,1,142.92,0.0204,Gold,0.4705,2024-11-22
CUST02748,West,Basic,Month-to-Month,Mail,Hotspot,Phone,Network Outage,52,221.41,11453.23,36.98,9,False,89,5,Problem resolved quickly,Positive,0.7784,20.2,0,220.25,0.1698,Gold,0.9307,2023-07-30
CUST02749,West,Enterprise,1-Year,Auto-Pay,Business Line,Chat,Speed Issue,83,182.61,14784.0,9.03,15,True,61,3,Service was okay,Neutral,0.3468,97.8,1,178.12,0.1786,Platinum,0.7318,2024-09-25
CUST02750,Midwest,Premium,Month-to-Month,In-Store,Hotspot,Phone,Device Problem,78,211.66,15373.67,51.9,1,True,-21,5,Agent went above and beyond,Positive,0.9143,26.2,0,197.1,0.0127,Platinum,0.7883,2024-07-28
CUST02751,Northeast,Basic,2-Year,Auto-Pay,Home Internet,Chat,Plan Change,22,192.75,4212.38,77.71,9,False,18,3,Could be improved,Neutral,0.5917,94.4,1,191.47,0.3913,Silver,0.6065,2023-08-21
CUST02752,Midwest,Standard,1-Year,Manual-Online,Tablet,Chat,Contract Issue,67,212.49,14674.23,13.44,13,False,-17,3,Expected better response time,Neutral,0.5373,100,1,219.02,0.1912,Platinum,0.5453,2023-07-22
CUST02753,Midwest,Premium,2-Year,Mail,Business Line,In-Store,Contract Issue,4,189.24,734.42,86.58,15,False,64,1,Terrible wait times,Negative,0.1012,100,1,183.6,3.0,Bronze,0.487,2023-03-08
CUST02754,Northeast,Basic,Month-to-Month,Mail,Tablet,Chat,No Issue,34,52.94,1699.43,115.42,5,True,63,2,No accountability at all,Negative,0.1072,100,1,49.98,0.1429,Silver,0.6352,2024-07-06
CUST02755,Southeast,Premium,Month-to-Month,In-Store,Hotspot,Email,No Issue,83,231.31,16943.2,102.3,3,False,20,3,Nothing exceptional,Neutral,0.4293,82.0,1,204.13,0.0357,Platinum,0.61,2022-11-16
CUST02756,West,Premium,Month-to-Month,In-Store,Tablet,In-Store,Speed Issue,20,141.15,2475.91,19.32,5,True,-87,3,Got what I needed but took a while,Neutral,0.3878,100,1,123.8,0.2381,Silver,0.4728,2024-04-11
CUST02757,Northeast,Enterprise,Month-to-Month,Mail,Hotspot,Phone,Contract Issue,8,239.86,1967.28,13.72,8,False,7,1,Problem kept recurring,Negative,0.2852,100,1,245.91,0.8889,Bronze,0.3872,2024-06-18
CUST02758,Southeast,Premium,Month-to-Month,Auto-Pay,Business Line,Phone,Network Outage,16,191.64,2816.32,86.76,6,True,-85,3,Got what I needed but took a while,Neutral,0.5185,100,1,176.02,0.3529,Silver,0.4763,2022-03-27
CUST02759,West,Enterprise,2-Year,Auto-Pay,Hotspot,App,Plan Change,33,89.95,2731.62,26.87,8,True,-82,1,Very disappointed with service,Negative,0.2401,100,1,82.78,0.2353,Silver,0.2815,2022-12-16
CUST02760,Northeast,Enterprise,1-Year,Mail,Smartphone,Email,Billing Dispute,53,61.62,3393.61,12.49,11,True,78,4,Highly satisfied with resolution,Positive,0.6498,56.4,0,64.03,0.2037,Gold,0.8615,2024-02-10
CUST02761,West,Standard,2-Year,Mail,Smartphone,Email,Plan Change,56,107.79,5228.13,33.2,6,True,-55,2,Very disappointed with service,Negative,0.2706,100,1,93.36,0.1053,Gold,0.4288,2023-03-21
CUST02762,Northeast,Basic,1-Year,Mail,Tablet,Phone,Network Outage,72,132.68,9300.57,113.97,10,True,87,4,Seamless experience overall,Positive,0.973,52.6,0,129.17,0.137,Platinum,0.8773,2022-12-03
CUST02763,Southwest,Enterprise,Month-to-Month,Auto-Pay,Home Internet,In-Store,Contract Issue,83,133.65,11351.32,54.58,6,True,-70,1,Agent was unhelpful,Negative,0.0099,100,1,136.76,0.0714,Platinum,0.3025,2023-12-18
CUST02764,Southeast,Standard,Month-to-Month,Manual-Online,Hotspot,Phone,Network Outage,27,132.39,3278.15,33.1,0,False,67,2,Billing overcharge not fixed,Negative,0.0836,96.6,1,121.41,0.0,Silver,0.5922,2024-03-28
CUST02765,Southwest,Premium,1-Year,Auto-Pay,Hotspot,Chat,Contract Issue,22,121.98,2493.57,89.49,10,True,-67,4,Problem resolved quickly,Positive,0.8635,83.4,1,113.34,0.4348,Silver,0.6078,2024-08-18
CUST02766,Northeast,Standard,Month-to-Month,In-Store,Home Internet,Chat,Contract Issue,50,164.77,8229.06,5.14,15,False,-82,1,Will consider switching providers,Negative,0.2572,100,1,164.58,0.2941,Gold,0.2315,2024-01-22
CUST02767,Midwest,Premium,Month-to-Month,Auto-Pay,Hotspot,Phone,Device Problem,60,220.7,11697.87,79.57,14,True,-16,1,Worst customer service experience,Negative,0.2336,100,1,194.96,0.2295,Platinum,0.397,2022-12-11
CUST02768,Southeast,Enterprise,Month-to-Month,In-Store,Home Internet,Email,No Issue,42,246.07,10455.85,2.14,11,True,-79,5,Very professional support team,Positive,0.6125,57.8,0,248.95,0.2558,Gold,0.6867,2024-04-08
CUST02769,Midwest,Enterprise,2-Year,Manual-Online,Tablet,Phone,Contract Issue,52,136.74,6145.28,14.73,15,True,-71,2,Poor network reliability,Negative,0.2045,100,1,118.18,0.283,Gold,0.4007,2023-01-01
CUST02770,Southwest,Basic,1-Year,In-Store,Tablet,Phone,Network Outage,78,61.24,4392.82,66.01,2,False,-16,4,Agent went above and beyond,Positive,0.6347,57.2,0,56.32,0.0253,Platinum,0.647,2024-04-09
CUST02771,Midwest,Enterprise,Month-to-Month,Manual-Online,Hotspot,Email,No Issue,67,227.58,14547.87,103.65,7,False,10,1,No accountability at all,Negative,0.0649,100,1,217.13,0.1029,Platinum,0.3925,2023-08-02
CUST02772,Northeast,Standard,2-Year,Manual-Online,Home Internet,App,Network Outage,51,217.05,9657.93,100.15,5,False,6,5,Agent went above and beyond,Positive,0.753,28.8,0,189.37,0.0962,Gold,0.7855,2024-11-26
CUST02773,Northeast,Basic,1-Year,In-Store,Home Internet,Email,Network Outage,7,35.54,220.74,18.03,11,True,57,2,Very disappointed with service,Negative,0.0843,100,1,31.53,1.375,Bronze,0.6248,2022-01-12
CUST02774,Southwest,Standard,2-Year,Auto-Pay,Tablet,Phone,Device Problem,12,88.26,1044.76,26.69,15,True,15,2,Will consider switching providers,Negative,0.0683,100,1,87.06,1.1538,Silver,0.5513,2022-12-26
CUST02775,Southeast,Enterprise,2-Year,In-Store,Business Line,Email,Speed Issue,21,139.71,2738.27,105.24,7,True,1,5,Great network coverage,Positive,0.6857,33.8,0,130.39,0.3182,Silver,0.8267,2023-09-26
CUST02776,Northeast,Enterprise,Month-to-Month,Auto-Pay,Business Line,Email,Plan Change,65,53.05,3558.58,50.56,2,True,50,5,Very happy with service,Positive,0.8399,14.0,0,54.75,0.0303,Platinum,0.9125,2022-05-08
CUST02777,Midwest,Basic,2-Year,Manual-Online,Tablet,In-Store,Contract Issue,23,126.26,3046.44,93.55,10,True,-53,4,Outstanding customer care,Positive,0.6544,80.6,1,132.45,0.4167,Silver,0.6322,2024-09-27
CUST02778,Southeast,Standard,2-Year,Mail,Tablet,Phone,Network Outage,14,206.09,3027.6,29.34,10,True,98,1,Will consider switching providers,Negative,0.0563,100,1,216.26,0.6667,Silver,0.5965,2023-01-16
CUST02779,Southwest,Enterprise,1-Year,In-Store,Smartphone,Chat,Contract Issue,51,104.41,5274.12,93.9,2,False,-99,5,Agent went above and beyond,Positive,0.6694,43.8,0,103.41,0.0385,Gold,0.6018,2023-08-30
CUST02780,Southwest,Premium,Month-to-Month,Manual-Online,Tablet,App,Device Problem,55,208.93,9778.17,88.52,10,False,-18,2,Worst customer service experience,Negative,0.1185,100,1,177.78,0.1786,Gold,0.4435,2023-09-17
CUST02781,West,Basic,2-Year,Auto-Pay,Business Line,Chat,Network Outage,18,174.83,2960.31,24.0,3,True,37,3,Nothing exceptional,Neutral,0.5779,78.6,1,164.46,0.1579,Silver,0.6897,2022-04-22
CUST02782,West,Standard,1-Year,In-Store,Smartphone,In-Store,Device Problem,54,172.73,8601.12,74.79,2,False,5,5,Seamless experience overall,Positive,0.7624,23.0,0,159.28,0.0364,Gold,0.7837,2023-01-12
CUST02783,Southeast,Standard,1-Year,In-Store,Hotspot,App,Contract Issue,74,204.44,13910.59,13.39,9,True,15,1,Agent was unhelpful,Negative,0.2662,100,1,187.98,0.12,Platinum,0.4512,2023-05-31
CUST02784,Southeast,Premium,2-Year,Auto-Pay,Home Internet,Phone,Device Problem,26,56.31,1381.46,91.91,8,True,-54,2,Poor network reliability,Negative,0.2039,100,1,53.13,0.2963,Silver,0.4305,2022-09-26
CUST02785,Northeast,Enterprise,Month-to-Month,Auto-Pay,Business Line,Chat,Network Outage,33,127.62,3667.3,39.87,1,True,51,3,Acceptable service,Neutral,0.3981,71.8,1,111.13,0.0294,Silver,0.7143,2024-11-02
CUST02786,Southeast,Standard,Month-to-Month,Mail,Smartphone,Chat,Speed Issue,41,75.59,3226.86,11.42,6,True,66,4,Problem resolved quickly,Positive,0.9939,48.8,0,78.7,0.1429,Gold,0.8405,2023-08-27
CUST02787,Southeast,Basic,2-Year,Mail,Smartphone,App,Contract Issue,81,242.57,20213.35,46.31,6,True,-34,4,Highly satisfied with resolution,Positive,0.9487,68.8,1,249.55,0.0732,Platinum,0.6655,2023-03-09
CUST02788,Southeast,Standard,1-Year,In-Store,Smartphone,In-Store,No Issue,53,149.78,8277.97,83.03,4,True,1,5,Agent was very helpful,Positive,0.8278,27.8,0,156.19,0.0741,Gold,0.8267,2023-06-06
CUST02789,Midwest,Basic,Month-to-Month,In-Store,Hotspot,In-Store,Billing Dispute,72,121.87,9132.91,117.63,2,False,90,2,Billing overcharge not fixed,Negative,0.1791,96.0,1,126.85,0.0274,Platinum,0.6325,2023-02-05
CUST02790,Northeast,Premium,1-Year,Manual-Online,Home Internet,Email,Billing Dispute,26,77.73,1926.92,52.6,7,False,19,3,Issue eventually resolved,Neutral,0.4293,90.2,1,74.11,0.2593,Silver,0.6082,2024-05-29
CUST02791,Northeast,Premium,1-Year,Manual-Online,Tablet,In-Store,Contract Issue,3,136.49,402.77,83.63,7,False,20,1,Billing overcharge not fixed,Negative,0.1452,100,1,134.26,1.75,Bronze,0.41,2024-05-05
CUST02792,Southwest,Premium,Month-to-Month,Auto-Pay,Tablet,Chat,Device Problem,68,209.36,13794.62,102.9,12,False,-65,5,Agent went above and beyond,Positive,0.7785,57.0,0,202.86,0.1739,Platinum,0.6613,2022-10-16
CUST02793,Northeast,Premium,Month-to-Month,Mail,Tablet,App,Network Outage,9,165.48,1557.15,77.74,14,False,-20,5,Agent went above and beyond,Positive,0.8761,52.0,0,173.02,1.4,Bronze,0.74,2024-10-03
CUST02794,Midwest,Basic,Month-to-Month,Manual-Online,Hotspot,Email,Network Outage,16,129.66,1902.32,96.11,8,False,-74,4,Problem resolved quickly,Positive,0.8166,80.8,1,118.89,0.4706,Silver,0.5455,2023-07-11
CUST02795,Northeast,Standard,2-Year,Mail,Tablet,In-Store,Device Problem,44,91.89,3792.49,98.4,1,True,-78,3,Service was okay,Neutral,0.485,97.6,1,86.19,0.0222,Gold,0.4885,2024-03-14
CUST02796,Southeast,Enterprise,2-Year,Auto-Pay,Tablet,App,Speed Issue,83,100.86,7964.68,63.22,6,True,-47,2,Worst customer service experience,Negative,0.1459,100,1,95.96,0.0714,Platinum,0.4427,2023-03-19
CUST02797,Midwest,Standard,1-Year,In-Store,Business Line,App,Billing Dispute,78,131.9,10340.1,49.71,11,False,80,5,Agent was very helpful,Positive,0.6567,26.0,0,132.57,0.1392,Platinum,0.915,2023-07-07
CUST02798,Southeast,Enterprise,2-Year,Mail,Tablet,In-Store,Device Problem,23,140.56,2810.64,55.91,3,False,-6,2,Terrible wait times,Negative,0.1791,100,1,122.2,0.125,Silver,0.4645,2023-11-13
CUST02799,Midwest,Standard,2-Year,In-Store,Hotspot,Chat,Device Problem,73,144.69,9689.68,93.63,4,True,37,4,Problem resolved quickly,Positive,0.9127,50.6,0,132.74,0.0541,Platinum,0.7898,2022-05-06
CUST02800,Southwest,Enterprise,2-Year,Manual-Online,Business Line,Email,Speed Issue,81,90.87,6913.95,25.32,9,True,-79,3,Issue eventually resolved,Neutral,0.379,100,1,85.36,0.1098,Platinum,0.4868,2022-05-26
CUST02801,Midwest,Premium,1-Year,Auto-Pay,Business Line,In-Store,Device Problem,50,62.34,3216.61,66.48,11,False,-34,1,Terrible wait times,Negative,0.0477,100,1,64.33,0.2157,Gold,0.3155,2024-09-20
CUST02802,West,Basic,Month-to-Month,In-Store,Hotspot,In-Store,Device Problem,49,235.45,11652.14,28.54,14,False,46,5,Seamless experience overall,Positive,0.7282,38.8,0,237.8,0.28,Gold,0.8555,2022-01-01
CUST02803,Southwest,Basic,1-Year,In-Store,Smartphone,App,No Issue,37,35.08,1147.29,96.2,7,True,4,1,Very disappointed with service,Negative,0.0816,100,1,31.01,0.1842,Gold,0.432,2022-05-09
CUST02804,West,Basic,2-Year,Manual-Online,Business Line,Phone,Network Outage,7,159.25,1131.01,11.48,6,True,-99,2,Terrible wait times,Negative,0.0134,100,1,161.57,0.75,Bronze,0.3518,2022-07-11
CUST02805,Midwest,Enterprise,1-Year,Mail,Tablet,App,Plan Change,8,185.81,1560.57,39.32,7,False,29,2,Very disappointed with service,Negative,0.0757,100,1,195.07,0.7778,Bronze,0.5257,2024-10-09
CUST02806,Midwest,Enterprise,2-Year,In-Store,Hotspot,In-Store,Plan Change,37,92.37,3468.75,28.59,6,True,98,5,Great network coverage,Positive,0.9566,12.4,0,93.75,0.1579,Gold,0.9965,2024-04-28
CUST02807,Midwest,Basic,2-Year,Auto-Pay,Tablet,Email,Plan Change,26,204.23,5107.3,36.06,6,True,-70,4,Agent went above and beyond,Positive,0.8647,76.0,1,196.43,0.2222,Silver,0.6025,2023-06-06
CUST02808,Midwest,Basic,Month-to-Month,In-Store,Business Line,Phone,No Issue,38,233.99,7769.07,58.75,15,True,-48,3,Expected better response time,Neutral,0.5806,100,1,204.45,0.3846,Gold,0.541,2022-03-28
CUST02809,West,Basic,2-Year,Manual-Online,Smartphone,App,Network Outage,12,206.17,2434.72,106.26,6,True,-44,1,Worst customer service experience,Negative,0.1384,100,1,202.89,0.4615,Silver,0.348,2024-12-03
CUST02810,Northeast,Basic,2-Year,Auto-Pay,Business Line,Chat,Network Outage,31,232.04,6915.74,106.59,15,True,97,2,Terrible wait times,Negative,0.1349,100,1,223.09,0.4688,Silver,0.6947,2023-10-11
CUST02811,Southeast,Premium,1-Year,In-Store,Hotspot,Chat,Billing Dispute,78,174.2,12063.76,35.75,14,True,33,4,Very professional support team,Positive,0.8806,71.4,0,154.66,0.1772,Platinum,0.7828,2022-11-29
CUST02812,Midwest,Basic,2-Year,Manual-Online,Tablet,App,Contract Issue,34,242.92,7258.08,27.83,15,True,59,1,Very disappointed with service,Negative,0.1822,100,1,213.47,0.4286,Silver,0.5282,2022-02-18
CUST02813,Southeast,Premium,1-Year,Manual-Online,Business Line,In-Store,Plan Change,31,165.26,4595.95,114.14,2,True,-2,4,Problem resolved quickly,Positive,0.6881,54.4,0,148.26,0.0625,Silver,0.7215,2024-11-30
CUST02814,Southeast,Enterprise,1-Year,In-Store,Tablet,Email,Plan Change,7,218.99,1515.23,69.6,12,True,-40,5,Highly satisfied with resolution,Positive,0.8191,52.0,0,216.46,1.5,Bronze,0.755,2023-11-10
CUST02815,Southeast,Basic,Month-to-Month,Auto-Pay,Smartphone,Email,Contract Issue,40,96.59,3522.19,102.06,15,True,-99,4,Highly satisfied with resolution,Positive,0.6419,99.8,1,88.05,0.3659,Gold,0.5517,2024-08-12
CUST02816,Northeast,Standard,2-Year,Manual-Online,Tablet,Chat,Contract Issue,84,129.44,9955.73,73.86,4,True,99,3,Waited longer than expected,Neutral,0.5815,68.2,1,118.52,0.0471,Platinum,0.7983,2024-12-20
CUST02817,Southeast,Basic,Month-to-Month,Manual-Online,Tablet,Chat,Contract Issue,36,53.27,1650.1,77.15,4,True,-86,2,Will consider switching providers,Negative,0.1362,100,1,45.84,0.1081,Gold,0.3745,2023-12-01
CUST02818,West,Premium,1-Year,Auto-Pay,Tablet,In-Store,Network Outage,60,42.27,2184.06,91.75,13,True,-47,1,Poor network reliability,Negative,0.1047,100,1,36.4,0.2131,Platinum,0.3427,2024-08-14
CUST02819,West,Enterprise,1-Year,Manual-Online,Smartphone,Phone,Device Problem,37,121.93,3923.71,25.74,9,True,47,3,Waited longer than expected,Neutral,0.5841,88.6,1,106.05,0.2368,Gold,0.7072,2024-03-25
CUST02820,Midwest,Enterprise,Month-to-Month,Auto-Pay,Business Line,Phone,Plan Change,42,215.89,7766.9,107.65,9,True,-81,3,Expected better response time,Neutral,0.5283,100,1,184.93,0.2093,Gold,0.4833,2024-05-25
CUST02821,Southeast,Enterprise,2-Year,Manual-Online,Hotspot,In-Store,Speed Issue,66,107.85,6660.28,38.1,15,False,6,5,Highly satisfied with resolution,Positive,0.9595,48.8,0,100.91,0.2239,Platinum,0.7855,2023-10-25
CUST02822,West,Enterprise,2-Year,Auto-Pay,Hotspot,Chat,Plan Change,53,219.54,12080.25,7.22,14,False,-29,3,Nothing exceptional,Neutral,0.4758,100,1,227.93,0.2593,Gold,0.5242,2022-01-11
CUST02823,Midwest,Standard,1-Year,Mail,Business Line,In-Store,Billing Dispute,40,221.96,8300.86,45.97,15,True,-89,5,Outstanding customer care,Positive,0.8755,67.8,0,207.52,0.3659,Gold,0.6693,2024-04-14
CUST02824,Northeast,Enterprise,Month-to-Month,Manual-Online,Business Line,Email,Billing Dispute,38,52.48,1751.83,56.3,0,True,-93,5,Agent was very helpful,Positive,0.6722,38.6,0,46.1,0.0,Gold,0.6623,2022-12-24
CUST02825,Northeast,Standard,Month-to-Month,Auto-Pay,Tablet,App,No Issue,37,88.39,3316.29,117.51,4,False,-4,2,Issue still not resolved,Negative,0.2661,100,1,89.63,0.1053,Gold,0.468,2023-08-25
CUST02826,Southwest,Enterprise,1-Year,Mail,Smartphone,Email,Contract Issue,13,58.93,742.7,40.13,11,True,86,5,Highly satisfied with resolution,Positive,0.6894,24.8,0,57.13,0.7857,Silver,0.9755,2023-04-10
CUST02827,Midwest,Premium,2-Year,Auto-Pay,Home Internet,App,Speed Issue,29,237.67,7129.87,77.77,10,True,-66,5,Seamless experience overall,Positive,0.8609,53.2,0,245.86,0.3333,Silver,0.7095,2023-10-21
CUST02828,Northeast,Standard,Month-to-Month,Auto-Pay,Smartphone,App,Billing Dispute,64,176.81,11325.04,55.44,2,True,-80,3,Got what I needed but took a while,Neutral,0.3716,100.0,1,176.95,0.0308,Platinum,0.485,2024-05-17
CUST02829,Northeast,Basic,Month-to-Month,In-Store,Smartphone,Email,Contract Issue,42,163.13,6357.48,102.1,14,True,-85,1,Terrible wait times,Negative,0.1851,100,1,151.37,0.3256,Gold,0.2762,2024-01-22
CUST02830,Southwest,Standard,1-Year,In-Store,Hotspot,App,Contract Issue,35,66.96,1999.78,36.66,0,True,-78,5,Agent was very helpful,Positive,0.8181,35.6,0,57.14,0.0,Silver,0.6885,2024-04-13
CUST02831,Midwest,Premium,2-Year,Auto-Pay,Home Internet,App,Device Problem,23,101.36,1997.83,45.42,3,True,-70,5,Very happy with service,Positive,0.8295,40.0,0,86.86,0.125,Silver,0.7025,2024-07-26
CUST02832,Midwest,Enterprise,1-Year,Auto-Pay,Home Internet,App,Device Problem,4,247.12,974.99,12.03,13,True,-72,2,Issue still not resolved,Negative,0.0516,100,1,243.75,2.6,Bronze,0.399,2023-06-22
CUST02833,Southwest,Standard,1-Year,In-Store,Hotspot,App,No Issue,47,148.37,6150.7,56.1,1,False,49,5,Agent was very helpful,Positive,0.9545,12.2,0,130.87,0.0208,Gold,0.8607,2024-05-01
CUST02834,Southwest,Basic,1-Year,Mail,Business Line,Email,Plan Change,4,125.68,429.41,63.32,5,False,8,1,Poor network reliability,Negative,0.2135,100,1,107.35,1.0,Bronze,0.389,2023-12-27
CUST02835,Northeast,Standard,Month-to-Month,In-Store,Hotspot,App,Contract Issue,50,158.37,7260.2,93.95,6,True,53,3,Acceptable service,Neutral,0.4038,81.4,1,145.2,0.1176,Gold,0.7177,2024-05-16
CUST02836,Southeast,Standard,1-Year,In-Store,Business Line,App,Contract Issue,35,160.29,4864.03,88.15,15,False,-100,1,Issue still not resolved,Negative,0.189,100,1,138.97,0.4167,Silver,0.2,2022-06-29
CUST02837,Northeast,Standard,Month-to-Month,Mail,Business Line,Email,Contract Issue,21,75.85,1383.79,28.98,8,True,61,4,Very happy with service,Positive,0.8677,53.8,0,65.89,0.3636,Silver,0.8317,2022-07-21
CUST02838,Southeast,Enterprise,2-Year,Mail,Business Line,In-Store,Network Outage,32,194.04,5880.58,97.75,1,True,-51,2,Very disappointed with service,Negative,0.2492,100,1,183.77,0.0303,Silver,0.4357,2022-10-18
CUST02839,Southeast,Basic,1-Year,In-Store,Business Line,Email,Contract Issue,31,219.53,5937.35,59.41,3,False,-35,5,Highly satisfied with resolution,Positive,0.7903,33.0,0,191.53,0.0938,Silver,0.7138,2022-03-12
CUST02840,Midwest,Standard,2-Year,In-Store,Business Line,App,Billing Dispute,2,184.72,377.98,23.18,9,True,-66,3,Could be improved,Neutral,0.3131,100,1,188.99,3.0,Bronze,0.5095,2022-09-12
CUST02841,Southwest,Standard,2-Year,Auto-Pay,Tablet,In-Store,Device Problem,36,76.1,2347.79,118.45,1,True,89,4,Very professional support team,Positive,0.6682,34.2,0,65.22,0.027,Gold,0.8808,2022-07-06
CUST02842,West,Standard,Month-to-Month,Manual-Online,Hotspot,App,Billing Dispute,30,119.86,3173.86,20.31,2,True,-61,5,Seamless experience overall,Positive,0.8465,36.2,0,105.8,0.0645,Silver,0.7183,2024-01-24
CUST02843,Midwest,Enterprise,Month-to-Month,Auto-Pay,Smartphone,In-Store,Device Problem,2,169.44,316.31,6.18,4,True,-67,3,Got what I needed but took a while,Neutral,0.4298,100,1,158.16,1.3333,Bronze,0.5078,2023-11-23
CUST02844,Southeast,Enterprise,Month-to-Month,Manual-Online,Smartphone,Phone,Contract Issue,43,39.63,1739.43,13.48,8,True,55,4,Great network coverage,Positive,0.9676,55.0,0,40.45,0.1818,Gold,0.8213,2023-10-31
CUST02845,Northeast,Standard,2-Year,Auto-Pay,Business Line,Email,Plan Change,75,234.68,15864.05,33.32,8,False,-64,3,Average experience,Neutral,0.4976,100,1,211.52,0.1053,Platinum,0.463,2022-04-23
CUST02846,Midwest,Enterprise,1-Year,In-Store,Tablet,Chat,Device Problem,47,120.61,5463.47,70.83,8,False,-17,1,Billing overcharge not fixed,Negative,0.0776,100,1,116.24,0.1667,Gold,0.3453,2024-05-11
CUST02847,Midwest,Enterprise,1-Year,Auto-Pay,Hotspot,Email,Network Outage,41,59.61,2511.16,90.99,12,True,-3,3,Acceptable service,Neutral,0.4831,100,1,61.25,0.2857,Gold,0.6198,2022-02-20
CUST02848,Midwest,Standard,Month-to-Month,Mail,Business Line,Email,Network Outage,10,82.26,797.26,27.63,13,False,-13,3,Waited longer than expected,Neutral,0.3644,100,1,79.73,1.1818,Bronze,0.5523,2024-09-20
CUST02849,West,Standard,2-Year,Mail,Smartphone,Email,Speed Issue,20,65.9,1150.77,119.47,0,True,34,2,Issue still not resolved,Negative,0.0558,100,1,57.54,0.0,Silver,0.5845,2024-08-30
CUST02850,Southeast,Standard,Month-to-Month,Mail,Tablet,Chat,Device Problem,39,231.07,8739.93,42.12,15,True,72,1,Agent was unhelpful,Negative,0.0484,100,1,224.1,0.375,Gold,0.551,2024-09-29
CUST02851,West,Standard,Month-to-Month,In-Store,Tablet,Chat,Billing Dispute,68,105.11,6832.2,116.15,14,True,-9,5,Agent was very helpful,Positive,0.9877,49.8,0,100.47,0.2029,Platinum,0.8093,2023-04-09
CUST02852,Southeast,Basic,2-Year,In-Store,Hotspot,Chat,Contract Issue,8,152.48,1121.44,61.38,2,True,-75,5,Very professional support team,Positive,0.7081,39.0,0,140.18,0.2222,Bronze,0.6938,2022-09-03
CUST02853,West,Standard,1-Year,Manual-Online,Smartphone,In-Store,Speed Issue,25,74.09,1914.57,89.68,10,True,-52,3,Decent support,Neutral,0.4692,100,1,76.58,0.3846,Silver,0.534,2024-07-18
CUST02854,Northeast,Enterprise,Month-to-Month,Auto-Pay,Hotspot,Chat,No Issue,73,178.49,11637.44,35.63,8,True,60,1,Will consider switching providers,Negative,0.1936,100,1,159.42,0.1081,Platinum,0.53,2024-07-30
CUST02855,Southeast,Basic,1-Year,Manual-Online,Tablet,Phone,Speed Issue,83,80.02,6519.0,78.98,15,True,-22,3,Expected better response time,Neutral,0.5517,100,1,78.54,0.1786,Platinum,0.5865,2022-02-28
CUST02856,West,Basic,Month-to-Month,Auto-Pay,Tablet,Email,Device Problem,80,208.45,17317.81,52.37,2,True,-63,3,Waited longer than expected,Neutral,0.5968,96.6,1,216.47,0.0247,Platinum,0.5148,2023-01-02
CUST02857,West,Standard,1-Year,In-Store,Business Line,Email,Network Outage,5,126.93,611.87,75.79,2,True,-64,5,Problem resolved quickly,Positive,0.6341,36.8,0,122.37,0.3333,Bronze,0.713,2024-08-07
CUST02858,West,Premium,Month-to-Month,Mail,Home Internet,Email,No Issue,8,234.86,1927.44,6.75,11,True,-25,1,Problem kept recurring,Negative,0.1313,100,1,240.93,1.2222,Bronze,0.3812,2022-05-02
CUST02859,Northeast,Standard,Month-to-Month,Auto-Pay,Home Internet,Phone,Speed Issue,61,110.93,5784.88,5.0,6,False,5,5,Highly satisfied with resolution,Positive,0.7886,31.0,0,94.83,0.0968,Platinum,0.7837,2023-10-02
CUST02860,Southeast,Enterprise,2-Year,Manual-Online,Business Line,Email,No Issue,58,243.73,14325.89,11.84,8,True,28,1,Agent was unhelpful,Negative,0.2583,100,1,247.0,0.1356,Gold,0.474,2022-12-28
CUST02861,Northeast,Standard,2-Year,Auto-Pay,Business Line,Phone,Network Outage,53,72.6,3927.28,116.68,10,True,-77,2,No accountability at all,Negative,0.2803,100,1,74.1,0.1852,Gold,0.3902,2023-02-26
CUST02862,Northeast,Basic,Month-to-Month,Mail,Tablet,Phone,Device Problem,4,109.83,407.13,55.07,9,True,73,3,Average experience,Neutral,0.4727,83.4,1,101.78,1.8,Bronze,0.7528,2023-10-30
CUST02863,Midwest,Enterprise,1-Year,In-Store,Home Internet,In-Store,Network Outage,10,125.14,1086.78,45.1,1,True,-2,3,Decent support,Neutral,0.3476,82.4,1,108.68,0.0909,Bronze,0.6215,2023-02-22
CUST02864,West,Standard,1-Year,Mail,Home Internet,In-Store,No Issue,50,193.97,8487.51,49.71,15,False,-82,4,Seamless experience overall,Positive,0.8352,96.4,1,169.75,0.2941,Gold,0.5315,2023-07-23
CUST02865,Midwest,Premium,Month-to-Month,Manual-Online,Hotspot,Phone,Contract Issue,6,109.19,659.3,32.03,4,True,-27,5,Seamless experience overall,Positive,0.813,33.4,0,109.88,0.5714,Bronze,0.7778,2024-02-08
CUST02866,Midwest,Standard,1-Year,Auto-Pay,Business Line,In-Store,Billing Dispute,83,71.58,6060.53,96.63,15,True,-83,1,Issue still not resolved,Negative,0.1044,100,1,73.02,0.1786,Platinum,0.2797,2023-12-04
CUST02867,Southeast,Premium,Month-to-Month,Auto-Pay,Smartphone,Email,Speed Issue,24,86.1,1795.04,3.73,8,True,63,4,Very professional support team,Positive,0.9903,53.4,0,74.79,0.32,Silver,0.8353,2022-05-05
CUST02868,Southwest,Enterprise,2-Year,Auto-Pay,Business Line,App,Network Outage,44,146.0,6421.88,107.2,7,False,-34,3,Acceptable service,Neutral,0.4345,100,1,145.95,0.1556,Gold,0.5155,2024-07-08
CUST02869,Southwest,Enterprise,1-Year,Manual-Online,Hotspot,Email,Network Outage,81,157.79,13377.89,88.01,9,True,-2,5,Agent was very helpful,Positive,0.9189,38.4,0,165.16,0.1098,Platinum,0.8215,2023-10-31
CUST02870,West,Premium,2-Year,Mail,Business Line,Email,Billing Dispute,58,144.94,8223.05,52.3,15,True,95,3,Acceptable service,Neutral,0.3321,91.0,1,141.78,0.2542,Gold,0.7913,2024-12-21
CUST02871,Northeast,Enterprise,1-Year,In-Store,Hotspot,Chat,Billing Dispute,78,228.65,17582.61,102.9,9,False,23,1,Will consider switching providers,Negative,0.1851,100,1,225.42,0.1139,Platinum,0.4153,2022-11-13
CUST02872,West,Premium,Month-to-Month,Manual-Online,Home Internet,Chat,Billing Dispute,2,189.24,376.83,75.1,11,False,-52,3,Acceptable service,Neutral,0.5542,100,1,188.41,3.6667,Bronze,0.484,2023-12-20
CUST02873,West,Basic,1-Year,Manual-Online,Tablet,Chat,Plan Change,32,112.77,3227.03,76.11,2,True,-21,4,Outstanding customer care,Positive,0.9162,58.2,0,100.84,0.0606,Silver,0.6883,2022-08-10
CUST02874,Southwest,Enterprise,Month-to-Month,In-Store,Smartphone,Chat,Network Outage,55,138.46,7281.12,2.69,7,True,81,5,Very professional support team,Positive,0.7065,17.8,0,132.38,0.125,Gold,0.9667,2022-05-26
CUST02875,Northeast,Enterprise,Month-to-Month,Manual-Online,Smartphone,Phone,Contract Issue,63,36.14,2144.72,63.95,13,False,51,1,Problem kept recurring,Negative,0.2399,100,1,34.04,0.2031,Platinum,0.4642,2023-04-25
CUST02876,West,Standard,2-Year,Auto-Pay,Home Internet,App,No Issue,19,128.42,2371.47,59.35,13,True,-79,1,Worst customer service experience,Negative,0.1912,100,1,124.81,0.65,Silver,0.2868,2024-06-25
CUST02877,West,Premium,Month-to-Month,Auto-Pay,Business Line,In-Store,Billing Dispute,9,142.99,1127.92,75.94,12,False,90,1,Worst customer service experience,Negative,0.0281,100,1,125.32,1.2,Bronze,0.5325,2024-12-14
CUST02878,Midwest,Standard,1-Year,Auto-Pay,Smartphone,In-Store,Billing Dispute,3,52.04,161.4,90.29,4,True,-57,4,Problem resolved quickly,Positive,0.9496,69.4,1,53.8,1.0,Bronze,0.6253,2022-03-27
CUST02879,Midwest,Basic,2-Year,Auto-Pay,Smartphone,Chat,No Issue,70,229.9,16041.3,68.39,8,True,-99,4,Agent went above and beyond,Positive,0.8464,85.8,1,229.16,0.1127,Platinum,0.5517,2024-09-03
CUST02880,Northeast,Basic,Month-to-Month,In-Store,Business Line,Email,Billing Dispute,11,204.12,2330.7,119.09,7,True,43,2,Terrible wait times,Negative,0.0336,100,1,211.88,0.5833,Bronze,0.6002,2024-02-20
CUST02881,Midwest,Standard,2-Year,In-Store,Business Line,In-Store,Billing Dispute,56,128.12,6254.27,107.89,15,True,100,2,Billing overcharge not fixed,Negative,0.2561,100,1,111.68,0.2632,Gold,0.7,2024-03-10
CUST02882,Midwest,Premium,Month-to-Month,Manual-Online,Hotspot,Phone,Contract Issue,11,215.78,2332.46,95.34,10,True,62,5,Very happy with service,Positive,0.7325,27.6,0,212.04,0.8333,Bronze,0.9335,2024-08-13
CUST02883,Midwest,Premium,Month-to-Month,Manual-Online,Hotspot,Phone,Speed Issue,84,198.81,15594.26,30.17,11,True,-42,1,Terrible wait times,Negative,0.0862,100,1,185.65,0.1294,Platinum,0.3515,2024-06-25
CUST02884,West,Basic,2-Year,Manual-Online,Tablet,Chat,Network Outage,3,118.13,350.15,74.26,4,True,-40,1,Worst customer service experience,Negative,0.1349,100,1,116.72,1.0,Bronze,0.355,2024-08-04
CUST02885,Midwest,Premium,2-Year,Manual-Online,Tablet,App,Contract Issue,63,152.01,9095.88,24.24,1,True,-24,5,Agent went above and beyond,Positive,0.6922,26.8,0,144.38,0.0156,Platinum,0.783,2024-03-02
CUST02886,West,Enterprise,1-Year,Mail,Tablet,App,Device Problem,5,169.2,879.39,85.38,13,True,56,5,Excellent support experience,Positive,0.9628,34.8,0,175.88,2.1667,Bronze,0.923,2022-03-27
CUST02887,Midwest,Enterprise,Month-to-Month,Mail,Hotspot,App,Speed Issue,33,247.22,8517.39,76.92,8,True,4,3,Issue eventually resolved,Neutral,0.3735,95.2,1,258.1,0.2353,Silver,0.632,2024-07-11
CUST02888,Northeast,Premium,Month-to-Month,In-Store,Tablet,In-Store,Plan Change,75,76.61,5851.84,63.01,14,True,-63,2,Worst customer service experience,Negative,0.1279,100,1,78.02,0.1842,Platinum,0.4148,2023-10-19
CUST02889,Midwest,Premium,Month-to-Month,Mail,Hotspot,App,No Issue,38,245.76,9224.19,41.79,8,True,-52,1,Poor network reliability,Negative,0.193,100,1,242.74,0.2051,Gold,0.334,2023-09-07
CUST02890,Southeast,Enterprise,1-Year,In-Store,Business Line,Email,Speed Issue,26,151.9,3793.9,118.01,6,True,-37,3,Nothing exceptional,Neutral,0.517,99.4,1,145.92,0.2222,Silver,0.5603,2023-03-24
CUST02891,Midwest,Enterprise,1-Year,Manual-Online,Tablet,App,Plan Change,54,209.5,11359.08,80.83,9,True,70,1,Agent was unhelpful,Negative,0.2524,100,1,210.35,0.1636,Gold,0.5475,2022-01-02
CUST02892,Northeast,Standard,Month-to-Month,Mail,Home Internet,Chat,No Issue,79,47.15,3438.35,55.37,0,True,-21,1,Issue still not resolved,Negative,0.1068,100,1,43.52,0.0,Platinum,0.3882,2024-12-18
CUST02893,Northeast,Enterprise,Month-to-Month,Manual-Online,Smartphone,Email,Network Outage,79,90.12,6833.01,14.47,14,False,-14,1,Issue still not resolved,Negative,0.1129,100,1,86.49,0.175,Platinum,0.3505,2024-07-07
CUST02894,Midwest,Basic,1-Year,Mail,Business Line,Phone,Billing Dispute,48,44.15,2079.16,72.83,2,True,-93,5,Outstanding customer care,Positive,0.718,42.6,0,43.32,0.0408,Gold,0.6623,2022-01-31
CUST02895,Northeast,Standard,1-Year,Mail,Tablet,Phone,No Issue,2,179.0,328.35,68.34,4,False,64,4,Problem resolved quickly,Positive,0.8214,45.2,0,164.18,1.3333,Bronze,0.787,2024-12-13
CUST02896,Southeast,Enterprise,Month-to-Month,Manual-Online,Home Internet,In-Store,Device Problem,29,182.88,4614.55,37.82,2,True,17,3,Waited longer than expected,Neutral,0.4509,80.6,1,159.12,0.0667,Silver,0.6547,2024-09-01
CUST02897,Northeast,Premium,Month-to-Month,In-Store,Tablet,In-Store,Contract Issue,38,59.48,2020.99,95.5,8,False,-72,3,Acceptable service,Neutral,0.5201,100,1,53.18,0.2051,Gold,0.449,2024-11-02
CUST02898,Northeast,Enterprise,1-Year,In-Store,Tablet,App,Contract Issue,77,213.27,16941.64,104.78,11,True,68,4,Outstanding customer care,Positive,0.6985,58.4,0,220.02,0.141,Platinum,0.844,2023-08-23
CUST02899,West,Premium,Month-to-Month,Mail,Tablet,Email,Speed Issue,78,130.8,9822.71,113.17,5,True,-27,3,Decent support,Neutral,0.3079,95.4,1,125.93,0.0633,Platinum,0.5777,2023-07-27
CUST02900,Southeast,Basic,Month-to-Month,Auto-Pay,Smartphone,Email,Contract Issue,76,164.43,10918.23,91.57,15,False,34,3,Nothing exceptional,Neutral,0.3626,100,1,143.66,0.1948,Platinum,0.6345,2022-03-06
CUST02901,Midwest,Enterprise,2-Year,Mail,Home Internet,Phone,Contract Issue,56,160.79,9183.58,26.58,10,True,87,1,Poor network reliability,Negative,0.1963,100,1,163.99,0.1754,Gold,0.5773,2023-12-21
CUST02902,Southeast,Premium,2-Year,Manual-Online,Hotspot,In-Store,Contract Issue,27,129.96,3559.65,80.51,6,True,-56,3,Nothing exceptional,Neutral,0.4593,100,1,131.84,0.2143,Silver,0.527,2024-09-29
CUST02903,Northeast,Basic,Month-to-Month,Auto-Pay,Smartphone,Chat,Device Problem,45,56.81,2294.47,25.54,6,False,-64,3,Average experience,Neutral,0.3373,100,1,50.99,0.1304,Gold,0.463,2022-06-27
CUST02904,Midwest,Enterprise,2-Year,In-Store,Hotspot,Phone,Plan Change,64,224.89,13603.07,55.46,2,True,-18,5,Problem resolved quickly,Positive,0.7394,27.6,0,212.55,0.0308,Platinum,0.7935,2024-11-17
CUST02905,Southwest,Basic,Month-to-Month,In-Store,Hotspot,App,No Issue,23,102.77,2084.34,109.13,6,False,-29,2,Agent was unhelpful,Negative,0.2567,100,1,90.62,0.25,Silver,0.4243,2024-05-31
CUST02906,Northeast,Standard,Month-to-Month,Manual-Online,Business Line,In-Store,Contract Issue,69,175.46,11994.57,67.44,4,False,23,3,Expected better response time,Neutral,0.4191,83.4,1,173.83,0.0571,Platinum,0.6153,2024-06-19
CUST02907,Southeast,Basic,2-Year,Mail,Hotspot,Chat,No Issue,50,112.6,5452.97,82.4,4,True,88,4,Great network coverage,Positive,0.7319,40.4,0,109.06,0.0784,Gold,0.879,2023-07-18
CUST02908,Midwest,Basic,1-Year,In-Store,Business Line,Phone,Network Outage,13,198.48,2236.45,39.06,10,True,-93,2,Poor network reliability,Negative,0.0298,100,1,172.03,0.7143,Silver,0.3623,2022-03-26
CUST02909,West,Basic,2-Year,Manual-Online,Home Internet,Phone,Network Outage,30,180.63,5407.74,66.43,5,True,52,1,Terrible wait times,Negative,0.1197,100,1,180.26,0.1613,Silver,0.516,2023-02-13
CUST02910,Northeast,Enterprise,2-Year,Manual-Online,Business Line,App,Device Problem,11,172.55,1723.8,35.41,10,True,-22,2,Problem kept recurring,Negative,0.1937,100,1,156.71,0.8333,Bronze,0.4865,2023-11-22
CUST02911,West,Enterprise,1-Year,In-Store,Smartphone,Email,Device Problem,45,220.91,9446.74,12.55,7,True,93,2,Agent was unhelpful,Negative,0.2578,100,1,209.93,0.1522,Gold,0.6877,2023-05-12
CUST02912,West,Standard,Month-to-Month,In-Store,Home Internet,Email,Device Problem,65,208.99,12643.94,7.64,1,True,-14,1,Worst customer service experience,Negative,0.1283,100,1,194.52,0.0152,Platinum,0.4005,2022-04-02
CUST02913,West,Premium,Month-to-Month,In-Store,Tablet,In-Store,Billing Dispute,7,122.58,835.11,45.32,6,True,-2,3,Issue eventually resolved,Neutral,0.4946,92.4,1,119.3,0.75,Bronze,0.6215,2023-06-16
CUST02914,Northeast,Standard,2-Year,In-Store,Smartphone,Email,Network Outage,73,125.9,8333.27,101.41,10,False,-88,1,Issue still not resolved,Negative,0.1657,100,1,114.15,0.1351,Platinum,0.221,2022-11-15
CUST02915,Northeast,Enterprise,Month-to-Month,Mail,Tablet,App,Plan Change,16,160.32,2545.07,70.23,4,False,-80,5,Excellent support experience,Positive,0.8024,44.0,0,159.07,0.2353,Silver,0.635,2023-03-28
CUST02916,Southwest,Basic,2-Year,Mail,Business Line,Phone,Billing Dispute,53,103.13,4752.4,63.44,2,False,88,3,Service was okay,Neutral,0.3308,66.4,1,89.67,0.037,Gold,0.729,2022-03-07
CUST02917,Southwest,Enterprise,2-Year,Mail,Hotspot,Phone,Network Outage,53,58.85,3023.67,11.29,4,True,-57,5,Excellent support experience,Positive,0.9628,39.4,0,57.05,0.0741,Gold,0.7252,2024-04-06
CUST02918,West,Premium,2-Year,Auto-Pay,Home Internet,In-Store,Network Outage,10,75.36,768.03,92.36,14,True,45,2,Terrible wait times,Negative,0.0413,100,1,76.8,1.2727,Bronze,0.6038,2024-09-28
CUST02919,West,Standard,1-Year,In-Store,Business Line,Phone,Device Problem,55,175.02,8302.72,103.5,4,True,11,4,Highly satisfied with resolution,Positive,0.6441,55.8,0,150.96,0.0714,Gold,0.7443,2023-03-16
CUST02920,Southwest,Basic,1-Year,Manual-Online,Home Internet,Chat,No Issue,43,85.39,3630.08,50.2,2,True,-27,1,Terrible wait times,Negative,0.007,100,1,84.42,0.0455,Gold,0.3778,2023-02-18
CUST02921,Midwest,Enterprise,Month-to-Month,Mail,Hotspot,App,Device Problem,82,241.45,18575.24,54.06,9,False,79,3,Decent support,Neutral,0.4617,82.2,1,226.53,0.1084,Platinum,0.7132,2022-08-24
CUST02922,Southwest,Enterprise,Month-to-Month,Manual-Online,Smartphone,Phone,Speed Issue,42,142.21,6199.11,115.05,8,True,99,3,Issue eventually resolved,Neutral,0.4021,76.2,0,147.6,0.186,Gold,0.7983,2023-03-02
CUST02923,Midwest,Enterprise,1-Year,Auto-Pay,Business Line,In-Store,Speed Issue,54,166.32,9286.2,83.08,7,False,-32,3,Could be improved,Neutral,0.3235,100,1,171.97,0.1273,Gold,0.519,2023-09-23
CUST02924,Northeast,Standard,1-Year,Manual-Online,Business Line,Phone,Speed Issue,12,35.6,394.62,55.59,4,False,7,4,Highly satisfied with resolution,Positive,0.7687,56.6,0,32.88,0.3077,Silver,0.6873,2022-11-18
CUST02925,Northeast,Enterprise,1-Year,Auto-Pay,Tablet,App,Network Outage,28,245.36,6444.96,81.93,14,True,-21,1,No accountability at all,Negative,0.0756,100,1,230.18,0.4828,Silver,0.3882,2024-08-18
CUST02926,Northeast,Basic,2-Year,Manual-Online,Smartphone,Chat,Network Outage,36,37.73,1354.41,40.9,5,False,88,1,Problem kept recurring,Negative,0.0594,100,1,37.62,0.1351,Gold,0.529,2022-10-04
CUST02927,Northeast,Standard,Month-to-Month,Auto-Pay,Home Internet,In-Store,Device Problem,37,228.24,8364.36,12.48,8,False,30,5,Seamless experience overall,Positive,0.8865,30.0,0,226.06,0.2105,Gold,0.8275,2024-08-14
CUST02928,Southwest,Premium,1-Year,Mail,Business Line,Email,Device Problem,75,134.95,8803.37,104.98,2,False,54,3,Waited longer than expected,Neutral,0.3162,73.2,1,117.38,0.0263,Platinum,0.6695,2024-02-09
CUST02929,Southwest,Standard,Month-to-Month,In-Store,Smartphone,Chat,Plan Change,84,241.79,20199.48,88.57,6,True,95,4,Great network coverage,Positive,0.9849,43.0,0,240.47,0.0706,Platinum,0.8913,2024-03-14
CUST02930,Southwest,Enterprise,2-Year,In-Store,Tablet,Chat,Billing Dispute,30,71.19,1979.91,97.42,1,True,-88,3,Decent support,Neutral,0.3281,99.6,1,66.0,0.0323,Silver,0.471,2023-07-13
CUST02931,Southeast,Basic,2-Year,Mail,Home Internet,Email,No Issue,13,249.65,2903.35,41.14,9,True,21,4,Very happy with service,Positive,0.6995,63.8,0,223.33,0.6429,Silver,0.7618,2024-05-05
CUST02932,Northeast,Basic,2-Year,In-Store,Business Line,Phone,No Issue,76,135.12,9347.0,38.76,13,False,1,1,Will consider switching providers,Negative,0.1346,100,1,122.99,0.1688,Platinum,0.3768,2024-10-02
CUST02933,West,Standard,Month-to-Month,Manual-Online,Hotspot,Email,Contract Issue,42,118.88,4312.17,34.41,7,True,-12,2,No accountability at all,Negative,0.1881,100,1,102.67,0.1628,Gold,0.504,2023-09-15
CUST02934,Southwest,Premium,Month-to-Month,Auto-Pay,Tablet,Chat,Billing Dispute,67,198.5,12839.28,6.06,1,True,-56,3,Could be improved,Neutral,0.3096,93.2,1,191.63,0.0147,Platinum,0.527,2024-04-08
CUST02935,Midwest,Standard,Month-to-Month,Mail,Tablet,Phone,Billing Dispute,27,95.76,2525.28,38.05,9,False,-69,5,Very professional support team,Positive,0.9594,51.8,0,93.53,0.3214,Silver,0.6542,2024-03-16
CUST02936,Southeast,Basic,1-Year,Mail,Business Line,Email,Contract Issue,19,241.59,4490.87,22.14,1,True,26,2,Billing overcharge not fixed,Negative,0.1626,100,1,236.36,0.05,Silver,0.5705,2022-10-01
CUST02937,Northeast,Premium,Month-to-Month,Mail,Hotspot,Chat,Contract Issue,63,180.44,10621.61,10.54,4,True,75,1,Billing overcharge not fixed,Negative,0.176,100,1,168.6,0.0625,Platinum,0.5562,2022-06-14
CUST02938,Southwest,Enterprise,2-Year,In-Store,Smartphone,App,Device Problem,51,67.76,3000.92,42.76,1,False,-19,5,Agent went above and beyond,Positive,0.9115,25.8,0,58.84,0.0192,Gold,0.7417,2024-06-11
CUST02939,Southeast,Standard,1-Year,In-Store,Home Internet,In-Store,Billing Dispute,60,57.05,2954.62,71.3,6,True,26,4,Seamless experience overall,Positive,0.6004,56.8,0,49.24,0.0984,Platinum,0.7705,2024-09-29
CUST02940,Northeast,Basic,Month-to-Month,Manual-Online,Home Internet,App,No Issue,55,200.46,10995.66,37.42,5,False,29,3,Service was okay,Neutral,0.5098,84.2,1,199.92,0.0893,Gold,0.6258,2022-01-22
CUST02941,Southeast,Enterprise,2-Year,Auto-Pay,Home Internet,Email,Device Problem,44,213.36,8557.05,72.02,13,True,53,5,Seamless experience overall,Positive,0.8788,35.4,0,194.48,0.2889,Gold,0.9178,2023-02-01
CUST02942,Southeast,Basic,Month-to-Month,Manual-Online,Tablet,In-Store,Plan Change,52,140.26,6236.88,82.52,15,True,-5,4,Outstanding customer care,Positive,0.7311,81.0,1,119.94,0.283,Gold,0.7163,2024-03-02
CUST02943,Midwest,Standard,Month-to-Month,Manual-Online,Hotspot,In-Store,Speed Issue,27,33.96,872.04,27.48,4,True,-12,4,Highly satisfied with resolution,Positive,0.6076,60.4,0,32.3,0.1429,Silver,0.704,2022-06-05
CUST02944,Southeast,Standard,1-Year,Mail,Hotspot,Phone,Contract Issue,48,190.79,7789.77,34.47,10,True,89,4,Problem resolved quickly,Positive,0.6392,52.2,0,162.29,0.2041,Gold,0.8808,2022-11-05
CUST02945,West,Enterprise,Month-to-Month,Manual-Online,Hotspot,In-Store,Device Problem,55,30.53,1756.41,19.11,1,False,-83,1,Billing overcharge not fixed,Negative,0.0948,100,1,31.93,0.0179,Gold,0.2298,2024-12-17
CUST02946,West,Premium,Month-to-Month,Mail,Business Line,Phone,Plan Change,78,214.34,16259.12,72.76,7,True,-38,5,Problem resolved quickly,Positive,0.8898,41.6,0,208.45,0.0886,Platinum,0.7585,2024-12-15
CUST02947,West,Enterprise,2-Year,Manual-Online,Business Line,In-Store,Plan Change,75,203.99,13462.27,62.01,14,True,42,4,Excellent support experience,Positive,0.9644,69.6,1,179.5,0.1842,Platinum,0.7985,2024-02-15
CUST02948,Midwest,Standard,2-Year,Manual-Online,Tablet,Email,Billing Dispute,63,207.81,12790.86,100.22,7,False,39,4,Problem resolved quickly,Positive,0.8931,56.2,0,203.03,0.1094,Platinum,0.7432,2024-01-08
CUST02949,Southeast,Basic,2-Year,Auto-Pay,Home Internet,App,Speed Issue,77,118.84,8998.58,111.62,9,True,52,5,Highly satisfied with resolution,Positive,0.623,27.6,0,116.86,0.1154,Platinum,0.916,2024-03-19
CUST02950,West,Standard,2-Year,Manual-Online,Home Internet,In-Store,Network Outage,69,49.39,2935.29,49.09,14,False,98,5,Agent went above and beyond,Positive,0.9847,28.4,0,42.54,0.2,Platinum,0.9465,2023-04-14
CUST02951,Southwest,Enterprise,Month-to-Month,Auto-Pay,Business Line,Chat,Speed Issue,84,156.76,11889.95,52.19,7,True,-92,3,Could be improved,Neutral,0.3842,100,1,141.55,0.0824,Platinum,0.464,2024-05-19
CUST02952,Southeast,Premium,Month-to-Month,Mail,Smartphone,Chat,Contract Issue,31,83.14,2334.89,67.18,15,False,-52,4,Great network coverage,Positive,0.8146,90.4,1,75.32,0.4688,Silver,0.584,2022-08-16
CUST02953,Southwest,Enterprise,1-Year,Auto-Pay,Tablet,Phone,Plan Change,39,34.71,1215.13,44.36,15,True,-33,4,Problem resolved quickly,Positive,0.8398,86.6,1,31.16,0.375,Gold,0.6673,2023-12-15
CUST02954,West,Standard,1-Year,In-Store,Smartphone,Chat,Device Problem,18,151.6,2688.9,36.59,7,True,34,1,Will consider switching providers,Negative,0.2435,100,1,149.38,0.3684,Silver,0.4845,2024-11-12
CUST02955,West,Enterprise,2-Year,Manual-Online,Hotspot,Email,Contract Issue,3,234.54,607.2,32.81,0,True,28,4,Problem resolved quickly,Positive,0.7379,44.4,0,202.4,0.0,Bronze,0.774,2024-09-25
CUST02956,Midwest,Premium,Month-to-Month,In-Store,Hotspot,Phone,Device Problem,38,166.09,5859.21,86.18,15,False,84,5,Very professional support team,Positive,0.8544,33.2,0,154.19,0.3846,Gold,0.922,2024-07-23
CUST02957,Southeast,Standard,Month-to-Month,Manual-Online,Home Internet,Email,No Issue,49,190.69,8100.29,118.81,7,True,-92,1,Very disappointed with service,Negative,0.0407,100,1,165.31,0.14,Gold,0.264,2024-01-15
CUST02958,Northeast,Enterprise,1-Year,Mail,Home Internet,App,Network Outage,69,182.2,12941.71,13.88,11,True,41,4,Very professional support team,Positive,0.871,63.8,0,187.56,0.1571,Platinum,0.7968,2022-08-28
CUST02959,West,Basic,Month-to-Month,Auto-Pay,Home Internet,Email,No Issue,1,42.02,39.1,103.18,2,True,-7,5,Highly satisfied with resolution,Positive,0.9712,25.4,0,39.1,1.0,Bronze,0.8128,2023-03-25
CUST02960,Southwest,Standard,Month-to-Month,In-Store,Hotspot,Email,Speed Issue,56,104.51,5222.97,16.13,9,True,-29,1,Will consider switching providers,Negative,0.1724,100,1,93.27,0.1579,Gold,0.3742,2022-06-24
CUST02961,West,Enterprise,2-Year,Manual-Online,Tablet,Chat,Network Outage,71,47.4,3152.67,39.93,1,False,-97,3,Got what I needed but took a while,Neutral,0.4793,100,1,44.4,0.0139,Platinum,0.4052,2022-05-14
CUST02962,Northeast,Enterprise,Month-to-Month,Mail,Smartphone,Chat,No Issue,18,144.15,2457.02,5.88,3,True,16,2,Worst customer service experience,Negative,0.1734,100,1,136.5,0.1579,Silver,0.553,2023-04-15
CUST02963,Southwest,Standard,Month-to-Month,In-Store,Hotspot,Phone,Plan Change,57,225.61,13002.13,70.38,12,True,29,5,Problem resolved quickly,Positive,0.603,38.2,0,228.11,0.2069,Gold,0.8758,2023-01-19
CUST02964,Southwest,Premium,Month-to-Month,In-Store,Tablet,Chat,Plan Change,46,40.4,1722.11,7.21,6,True,46,1,Worst customer service experience,Negative,0.016,100,1,37.44,0.1277,Gold,0.5055,2023-12-26
CUST02965,Southwest,Enterprise,1-Year,In-Store,Business Line,App,Billing Dispute,71,244.11,15676.07,2.84,7,False,-10,3,Waited longer than expected,Neutral,0.5312,96.0,1,220.79,0.0972,Platinum,0.5575,2024-10-20
CUST02966,Northeast,Premium,1-Year,Mail,Hotspot,App,Device Problem,5,103.97,481.44,27.78,1,True,0,1,Billing overcharge not fixed,Negative,0.0817,100,1,96.29,0.1667,Bronze,0.425,2024-03-12
CUST02967,Northeast,Premium,Month-to-Month,Auto-Pay,Tablet,Phone,Speed Issue,7,121.74,831.45,103.31,13,True,-8,1,Will consider switching providers,Negative,0.0062,100,1,118.78,1.625,Bronze,0.411,2024-11-13
CUST02968,Midwest,Premium,2-Year,Mail,Home Internet,Email,Device Problem,69,226.08,13923.38,96.73,7,True,54,3,Expected better response time,Neutral,0.4385,83.2,1,201.79,0.1,Platinum,0.7195,2022-03-27
CUST02969,Southeast,Premium,Month-to-Month,Auto-Pay,Business Line,In-Store,No Issue,3,160.34,411.46,55.21,8,False,-82,3,Expected better response time,Neutral,0.3505,100,1,137.15,2.0,Bronze,0.4315,2022-07-26
CUST02970,Northeast,Basic,Month-to-Month,Mail,Home Internet,Phone,Network Outage,63,128.99,8519.74,111.88,3,True,-37,1,No accountability at all,Negative,0.073,100,1,135.23,0.0469,Platinum,0.3602,2023-06-23
CUST02971,Midwest,Standard,Month-to-Month,Mail,Business Line,Chat,Network Outage,40,114.88,4641.34,88.8,5,False,-33,2,Worst customer service experience,Negative,0.096,100,1,116.03,0.122,Gold,0.4173,2024-03-15
CUST02972,West,Basic,2-Year,In-Store,Business Line,Chat,Billing Dispute,7,187.41,1353.17,69.52,11,True,39,1,Terrible wait times,Negative,0.2595,100,1,193.31,1.375,Bronze,0.4932,2022-04-19
CUST02973,Northeast,Premium,1-Year,Manual-Online,Business Line,Email,Device Problem,70,53.43,3654.61,115.4,14,True,58,1,No accountability at all,Negative,0.294,100,1,52.21,0.1972,Platinum,0.5265,2022-08-23
CUST02974,Midwest,Basic,1-Year,In-Store,Home Internet,In-Store,Billing Dispute,77,174.71,12352.58,14.15,2,True,-100,4,Agent went above and beyond,Positive,0.9374,74.0,1,160.42,0.0256,Platinum,0.55,2024-03-21
CUST02975,West,Enterprise,2-Year,In-Store,Hotspot,Email,Contract Issue,43,81.68,3599.18,82.51,7,False,27,4,Agent went above and beyond,Positive,0.7442,58.6,0,83.7,0.1591,Gold,0.7223,2023-12-23
CUST02976,Southwest,Basic,Month-to-Month,Manual-Online,Hotspot,Email,No Issue,17,81.25,1395.65,13.17,13,True,-53,4,Outstanding customer care,Positive,0.8041,86.6,1,82.1,0.7222,Silver,0.6322,2023-09-27
CUST02977,Southwest,Basic,2-Year,Mail,Smartphone,Email,Device Problem,21,150.7,2837.91,26.93,10,True,68,3,Expected better response time,Neutral,0.326,86.4,1,135.14,0.4545,Silver,0.744,2024-01-09
CUST02978,Northeast,Standard,Month-to-Month,Manual-Online,Hotspot,In-Store,Billing Dispute,14,238.16,3432.06,20.5,9,False,-52,3,Waited longer than expected,Neutral,0.5366,100,1,245.15,0.6,Silver,0.484,2024-07-01
CUST02979,Southeast,Standard,Month-to-Month,Auto-Pay,Home Internet,In-Store,Billing Dispute,79,183.76,14858.83,67.35,5,True,33,5,Highly satisfied with resolution,Positive,0.8665,23.4,0,188.09,0.0625,Platinum,0.8828,2024-12-06
CUST02980,Midwest,Standard,Month-to-Month,Manual-Online,Hotspot,In-Store,Speed Issue,2,146.09,266.32,33.59,14,True,56,4,Agent went above and beyond,Positive,0.6417,66.8,0,133.16,4.6667,Bronze,0.823,2024-09-24
CUST02981,Midwest,Enterprise,1-Year,Mail,Home Internet,App,Plan Change,8,114.66,872.66,29.91,9,True,-62,3,Acceptable service,Neutral,0.3113,100,1,109.08,1.0,Bronze,0.5165,2023-10-10
CUST02982,Midwest,Premium,1-Year,Auto-Pay,Business Line,Phone,Speed Issue,14,111.2,1363.56,115.02,7,True,40,3,Got what I needed but took a while,Neutral,0.5535,86.0,1,97.4,0.4667,Silver,0.695,2022-06-28
CUST02983,West,Basic,2-Year,Mail,Hotspot,App,Billing Dispute,39,97.3,3386.65,30.21,11,True,-95,1,Worst customer service experience,Negative,0.1839,100,1,86.84,0.275,Gold,0.2587,2023-07-20
CUST02984,West,Basic,1-Year,In-Store,Smartphone,Email,Device Problem,30,71.3,2000.16,116.64,8,True,85,5,Excellent support experience,Positive,0.6806,19.0,0,66.67,0.2581,Silver,0.9738,2022-05-27
CUST02985,West,Basic,Month-to-Month,Auto-Pay,Home Internet,Chat,Plan Change,48,136.01,5682.56,114.89,11,True,-21,5,Highly satisfied with resolution,Positive,0.6395,46.2,0,118.39,0.2245,Gold,0.7883,2024-01-06
CUST02986,Midwest,Standard,2-Year,Mail,Tablet,In-Store,Plan Change,5,240.24,1133.21,71.78,13,True,32,1,Agent was unhelpful,Negative,0.2684,100,1,226.64,2.1667,Bronze,0.481,2024-11-28
CUST02987,Northeast,Enterprise,2-Year,In-Store,Business Line,Phone,No Issue,60,186.96,11731.45,78.6,0,True,16,1,Worst customer service experience,Negative,0.0826,100,1,195.52,0.0,Platinum,0.453,2023-11-29
CUST02988,Northeast,Standard,Month-to-Month,Auto-Pay,Home Internet,Chat,Speed Issue,46,186.9,7521.65,73.61,1,True,31,4,Problem resolved quickly,Positive,0.6844,45.8,0,163.51,0.0213,Gold,0.7792,2022-02-28
CUST02989,Southeast,Enterprise,2-Year,Mail,Tablet,Phone,No Issue,59,70.33,3698.61,60.05,13,True,-85,3,Average experience,Neutral,0.575,100,1,62.69,0.2167,Gold,0.4763,2024-03-01
CUST02990,Northeast,Premium,2-Year,Auto-Pay,Hotspot,In-Store,Network Outage,46,76.38,3579.08,20.55,11,True,50,2,Terrible wait times,Negative,0.2584,100,1,77.81,0.234,Gold,0.6125,2024-08-16
CUST02991,Southeast,Premium,1-Year,Auto-Pay,Tablet,Email,No Issue,79,159.22,11436.21,51.08,12,True,83,1,Will consider switching providers,Negative,0.212,100,1,144.76,0.15,Platinum,0.5702,2022-11-17
CUST02992,West,Premium,Month-to-Month,In-Store,Smartphone,Email,Contract Issue,32,55.17,1801.62,35.62,2,True,79,2,Worst customer service experience,Negative,0.0931,98.2,1,56.3,0.0606,Silver,0.6633,2022-04-12
CUST02993,Southeast,Premium,1-Year,Manual-Online,Home Internet,Chat,Billing Dispute,53,57.97,3073.93,69.45,5,True,-52,5,Outstanding customer care,Positive,0.6815,40.4,0,58.0,0.0926,Gold,0.734,2024-08-05
CUST02994,Southwest,Standard,2-Year,In-Store,Business Line,Email,Speed Issue,72,154.34,9791.45,8.59,15,True,24,3,Decent support,Neutral,0.4868,100,1,135.99,0.2055,Platinum,0.667,2024-07-27
CUST02995,Midwest,Enterprise,1-Year,In-Store,Smartphone,Phone,Plan Change,66,178.09,11443.46,40.64,13,True,37,2,Worst customer service experience,Negative,0.127,100,1,173.39,0.194,Platinum,0.5897,2024-07-18
CUST02996,Northeast,Standard,Month-to-Month,Auto-Pay,Smartphone,Phone,Network Outage,81,45.7,3312.65,91.46,15,True,-47,3,Decent support,Neutral,0.3862,100,1,40.9,0.1829,Platinum,0.5428,2024-11-13
CUST02997,Southeast,Premium,1-Year,In-Store,Home Internet,Email,Plan Change,65,145.79,9246.47,74.59,6,True,-8,2,Billing overcharge not fixed,Negative,0.0645,100,1,142.25,0.0909,Platinum,0.511,2023-01-29
CUST02998,Midwest,Standard,1-Year,Manual-Online,Smartphone,Email,Billing Dispute,63,73.04,4817.79,94.98,13,True,10,5,Very professional support team,Positive,0.8561,44.0,0,76.47,0.2031,Platinum,0.8425,2022-11-07
CUST02999,Midwest,Enterprise,Month-to-Month,In-Store,Home Internet,Email,Device Problem,14,33.77,406.25,109.29,1,True,-95,2,Issue still not resolved,Negative,0.2147,100,1,29.02,0.0667,Silver,0.3588,2023-03-06
CUST03000,Southwest,Premium,1-Year,Auto-Pay,Tablet,Chat,No Issue,54,161.18,7788.89,23.73,11,True,-75,3,Average experience,Neutral,0.4228,100,1,144.24,0.2,Gold,0.4938,2023-04-18
CUST03001,Southeast,Enterprise,2-Year,Manual-Online,Smartphone,Email,Speed Issue,41,74.63,2891.42,40.99,1,True,-18,1,Worst customer service experience,Negative,0.1465,100,1,70.52,0.0238,Gold,0.3935,2024-06-21
CUST03002,West,Basic,Month-to-Month,Auto-Pay,Hotspot,App,Billing Dispute,27,69.28,1790.77,23.16,5,False,-52,3,Decent support,Neutral,0.4244,100,1,66.32,0.1786,Silver,0.484,2022-03-25
CUST03003,Southeast,Standard,2-Year,Mail,Business Line,Phone,Billing Dispute,5,222.8,1136.89,53.89,14,True,-55,2,Issue still not resolved,Negative,0.1062,100,1,227.38,2.3333,Bronze,0.4288,2023-11-29
CUST03004,Midwest,Standard,1-Year,Mail,Home Internet,Phone,Contract Issue,49,31.44,1365.6,26.62,13,True,-95,5,Problem resolved quickly,Positive,0.6058,65.0,0,27.87,0.26,Gold,0.6587,2024-12-29
CUST03005,West,Basic,2-Year,In-Store,Smartphone,In-Store,Contract Issue,72,126.05,9416.83,118.95,6,True,45,1,Will consider switching providers,Negative,0.0871,100,1,130.79,0.0822,Platinum,0.5037,2024-07-31
CUST03006,Midwest,Enterprise,Month-to-Month,Manual-Online,Tablet,Chat,Plan Change,2,37.94,68.88,44.11,3,False,-17,5,Agent went above and beyond,Positive,0.9624,29.4,0,34.44,1.0,Bronze,0.7452,2024-07-16
CUST03007,Southeast,Premium,Month-to-Month,Manual-Online,Tablet,In-Store,Billing Dispute,17,141.02,2428.48,72.94,13,False,28,4,Great network coverage,Positive,0.7476,70.4,1,142.85,0.7222,Silver,0.724,2023-07-05
CUST03008,Southeast,Basic,Month-to-Month,Mail,Tablet,Chat,Billing Dispute,52,107.99,5725.89,11.02,8,False,-48,5,Agent went above and beyond,Positive,0.8936,45.6,0,110.11,0.1509,Gold,0.691,2023-08-18
CUST03009,Southeast,Basic,Month-to-Month,In-Store,Hotspot,In-Store,Device Problem,9,175.85,1640.34,81.96,4,False,-16,5,Agent went above and beyond,Positive,0.6166,31.2,0,182.26,0.4,Bronze,0.747,2023-11-09
CUST03010,Southwest,Enterprise,2-Year,Mail,Business Line,Phone,Speed Issue,67,95.86,5787.87,20.17,3,True,45,3,Average experience,Neutral,0.5225,77.0,1,86.39,0.0441,Platinum,0.7037,2022-12-12
CUST03011,Midwest,Enterprise,Month-to-Month,Mail,Tablet,Chat,No Issue,80,226.97,15824.3,6.3,8,True,67,5,Very professional support team,Positive,0.8339,22.6,0,197.8,0.0988,Platinum,0.9423,2023-10-12
CUST03012,Northeast,Premium,2-Year,Auto-Pay,Hotspot,Chat,Speed Issue,8,152.83,1042.73,10.42,7,True,22,3,Waited longer than expected,Neutral,0.5064,89.6,1,130.34,0.7778,Bronze,0.6635,2023-03-25
CUST03013,West,Premium,Month-to-Month,Manual-Online,Tablet,In-Store,Speed Issue,58,59.83,3429.95,83.03,5,True,-13,2,Worst customer service experience,Negative,0.0039,100,1,59.14,0.0847,Gold,0.5022,2023-08-16
CUST03014,Southeast,Premium,Month-to-Month,Auto-Pay,Home Internet,Email,Contract Issue,81,90.81,6792.78,29.24,12,True,92,2,Worst customer service experience,Negative,0.1509,100,1,83.86,0.1463,Platinum,0.686,2022-12-29
CUST03015,Northeast,Basic,2-Year,Auto-Pay,Tablet,Phone,Speed Issue,50,115.75,6002.5,106.16,1,False,-100,2,Problem kept recurring,Negative,0.1761,100,1,120.05,0.0196,Gold,0.3,2022-02-01
CUST03016,Southwest,Enterprise,2-Year,Manual-Online,Hotspot,Chat,No Issue,41,166.99,5922.03,41.65,6,True,-70,4,Highly satisfied with resolution,Positive,0.9581,76.0,0,144.44,0.1429,Gold,0.6025,2023-05-05
CUST03017,West,Enterprise,Month-to-Month,Mail,Smartphone,Email,Contract Issue,31,132.89,3895.98,42.12,14,True,96,3,Issue eventually resolved,Neutral,0.4477,88.8,1,125.68,0.4375,Silver,0.793,2022-03-14
CUST03018,Northeast,Premium,Month-to-Month,Manual-Online,Tablet,Chat,Billing Dispute,26,233.48,5386.17,114.18,13,True,13,3,Issue eventually resolved,Neutral,0.3573,100,1,207.16,0.4815,Silver,0.6478,2023-04-29
CUST03019,Northeast,Basic,1-Year,Auto-Pay,Business Line,In-Store,Plan Change,30,164.23,5160.36,90.32,9,True,-64,4,Problem resolved quickly,Positive,0.6348,80.8,1,172.01,0.2903,Silver,0.613,2023-09-12
CUST03020,Southeast,Basic,2-Year,Auto-Pay,Tablet,Email,Contract Issue,73,55.84,3526.89,98.69,10,True,81,4,Agent went above and beyond,Positive,0.7985,53.8,0,48.31,0.1351,Platinum,0.8668,2023-03-01
CUST03021,West,Premium,1-Year,Manual-Online,Hotspot,Chat,Contract Issue,39,101.45,3508.47,90.83,4,True,-65,3,Decent support,Neutral,0.4535,100,1,89.96,0.1,Gold,0.5112,2023-10-20
CUST03022,Southeast,Enterprise,2-Year,Manual-Online,Hotspot,App,No Issue,53,108.15,5374.42,38.52,7,True,-12,2,Will consider switching providers,Negative,0.1489,100,1,101.4,0.1296,Gold,0.504,2024-03-04
CUST03023,Midwest,Basic,1-Year,In-Store,Smartphone,Phone,Network Outage,83,46.78,3518.45,19.51,8,False,28,2,Problem kept recurring,Negative,0.267,100,1,42.39,0.0952,Platinum,0.524,2022-01-30
CUST03024,Northeast,Enterprise,Month-to-Month,Manual-Online,Home Internet,Chat,Network Outage,84,89.25,6544.92,13.16,0,True,-68,4,Very professional support team,Positive,0.8514,63.6,0,77.92,0.0,Platinum,0.606,2023-02-16
CUST03025,West,Premium,Month-to-Month,Mail,Tablet,Chat,Network Outage,52,238.38,11184.69,38.28,9,True,-1,4,Seamless experience overall,Positive,0.8445,68.2,1,215.09,0.1698,Gold,0.7233,2024-06-06
CUST03026,West,Premium,1-Year,Mail,Tablet,In-Store,Plan Change,66,119.82,7029.5,107.19,2,True,-48,2,Will consider switching providers,Negative,0.2325,100,1,106.51,0.0299,Platinum,0.441,2022-10-04
CUST03027,Northeast,Enterprise,Month-to-Month,Manual-Online,Home Internet,In-Store,Billing Dispute,78,154.66,10424.08,102.95,9,True,38,3,Could be improved,Neutral,0.4064,90.4,1,133.64,0.1139,Platinum,0.6915,2022-09-10
CUST03028,West,Basic,Month-to-Month,In-Store,Business Line,Email,Contract Issue,20,117.62,2384.92,62.34,5,True,28,4,Very professional support team,Positive,0.7254,54.4,0,119.25,0.2381,Silver,0.774,2024-04-07
CUST03029,Northeast,Premium,Month-to-Month,Auto-Pay,Business Line,In-Store,Device Problem,9,177.92,1479.14,21.2,6,True,87,3,Could be improved,Neutral,0.4583,74.6,1,164.35,0.6,Bronze,0.7772,2022-04-05
CUST03030,Southwest,Premium,Month-to-Month,Mail,Business Line,Chat,Network Outage,8,209.06,1715.45,27.49,15,True,-80,2,Problem kept recurring,Negative,0.0638,100,1,214.43,1.6667,Bronze,0.385,2022-10-12
CUST03031,Southeast,Premium,2-Year,In-Store,Smartphone,Phone,Plan Change,81,63.88,5383.77,56.3,4,True,-89,2,No accountability at all,Negative,0.045,100,1,66.47,0.0488,Platinum,0.3693,2023-04-05
CUST03032,Southwest,Premium,Month-to-Month,Auto-Pay,Smartphone,Phone,Contract Issue,80,158.15,12685.14,56.88,7,False,54,2,Problem kept recurring,Negative,0.117,100,1,158.56,0.0864,Platinum,0.5695,2024-06-15
CUST03033,Southwest,Standard,Month-to-Month,Mail,Smartphone,App,Contract Issue,38,70.11,2580.61,46.6,13,True,-74,3,Decent support,Neutral,0.5389,100,1,67.91,0.3333,Gold,0.4955,2024-02-11
CUST03034,Midwest,Enterprise,1-Year,Manual-Online,Smartphone,In-Store,Network Outage,3,114.06,295.27,81.44,9,True,50,5,Seamless experience overall,Positive,0.6565,28.0,0,98.42,2.25,Bronze,0.9125,2022-12-21
CUST03035,Southwest,Basic,Month-to-Month,Manual-Online,Smartphone,Chat,Plan Change,35,82.27,2820.06,70.62,9,True,48,5,Excellent support experience,Positive,0.9019,28.4,0,80.57,0.25,Silver,0.909,2022-06-04
CUST03036,West,Enterprise,Month-to-Month,Manual-Online,Smartphone,Email,Billing Dispute,59,195.66,10457.8,115.18,1,True,-28,2,Poor network reliability,Negative,0.1323,100,1,177.25,0.0167,Gold,0.476,2022-12-07
CUST03037,Southwest,Basic,Month-to-Month,In-Store,Hotspot,Chat,No Issue,53,49.01,2404.15,26.36,13,True,-31,1,No accountability at all,Negative,0.23,100,1,45.36,0.2407,Gold,0.3707,2022-08-23
CUST03038,West,Standard,Month-to-Month,Manual-Online,Business Line,Chat,Network Outage,63,33.06,2145.35,39.1,9,True,-91,2,Poor network reliability,Negative,0.0526,100,1,34.05,0.1406,Platinum,0.3658,2023-11-17
CUST03039,Southwest,Premium,Month-to-Month,In-Store,Tablet,Email,No Issue,69,76.26,4840.9,96.49,7,True,26,5,Excellent support experience,Positive,0.9973,28.8,0,70.16,0.1,Platinum,0.8705,2022-08-31
CUST03040,West,Premium,1-Year,Mail,Home Internet,App,Speed Issue,62,53.4,2940.03,82.47,1,True,98,1,Will consider switching providers,Negative,0.1947,100,1,47.42,0.0159,Platinum,0.5965,2023-11-25
CUST03041,Southwest,Premium,2-Year,Auto-Pay,Smartphone,App,Speed Issue,68,47.86,2844.9,113.41,3,True,-2,1,Terrible wait times,Negative,0.075,100,1,41.84,0.0435,Platinum,0.4215,2023-11-23
CUST03042,Southwest,Enterprise,2-Year,Manual-Online,Business Line,App,Billing Dispute,13,202.6,2745.39,65.0,4,True,-14,4,Problem resolved quickly,Positive,0.9248,60.8,0,211.18,0.2857,Silver,0.7005,2024-03-28
CUST03043,West,Enterprise,1-Year,Auto-Pay,Tablet,In-Store,Billing Dispute,51,153.41,6932.1,63.91,8,False,31,4,Excellent support experience,Positive,0.8181,59.8,0,135.92,0.1538,Gold,0.7292,2023-02-12
CUST03044,Southwest,Standard,1-Year,Mail,Home Internet,Chat,Speed Issue,12,32.77,398.59,89.3,8,False,-41,1,No accountability at all,Negative,0.0092,100,1,33.22,0.6154,Silver,0.3033,2024-11-25
CUST03045,Southeast,Basic,Month-to-Month,Auto-Pay,Smartphone,Email,No Issue,66,67.98,4378.16,102.83,9,True,-95,3,Decent support,Neutral,0.4145,100,1,66.34,0.1343,Platinum,0.4587,2024-08-09
CUST03046,Southwest,Premium,Month-to-Month,In-Store,Business Line,In-Store,Network Outage,39,157.51,6249.03,2.87,0,True,51,4,Agent went above and beyond,Positive,0.8104,39.8,0,160.23,0.0,Gold,0.8143,2023-04-09
CUST03047,Southeast,Premium,1-Year,Auto-Pay,Smartphone,Email,Billing Dispute,80,110.08,8659.54,24.57,1,True,-94,4,Agent went above and beyond,Positive,0.6282,70.8,1,108.24,0.0123,Platinum,0.5605,2022-01-09
CUST03048,West,Basic,1-Year,Mail,Business Line,Email,No Issue,53,98.37,5151.17,81.25,4,True,53,5,Seamless experience overall,Positive,0.6506,17.4,0,97.19,0.0741,Gold,0.9178,2023-09-26
CUST03049,Southwest,Basic,2-Year,Auto-Pay,Business Line,In-Store,Plan Change,51,162.95,7440.05,34.41,8,True,-17,3,Decent support,Neutral,0.4495,99.4,1,145.88,0.1538,Gold,0.5953,2024-08-02
CUST03050,Southeast,Basic,Month-to-Month,Mail,Tablet,In-Store,Network Outage,4,185.57,717.47,49.57,8,True,-72,4,Agent was very helpful,Positive,0.9457,80.4,1,179.37,1.6,Bronze,0.599,2022-05-20
CUST03051,Southwest,Basic,Month-to-Month,Mail,Smartphone,In-Store,Device Problem,68,232.76,14222.07,53.11,3,True,42,5,Problem resolved quickly,Positive,0.9369,17.6,0,209.15,0.0435,Platinum,0.8985,2024-11-17
CUST03052,Midwest,Basic,1-Year,Mail,Smartphone,Email,Contract Issue,59,49.43,3001.64,19.91,13,True,-1,3,Decent support,Neutral,0.3303,100,1,50.88,0.2167,Gold,0.6232,2024-05-27
CUST03053,Midwest,Enterprise,1-Year,Mail,Home Internet,Chat,Speed Issue,59,200.06,12262.91,116.57,3,True,-91,4,Great network coverage,Positive,0.8755,74.2,0,207.85,0.05,Gold,0.5657,2022-02-06
CUST03054,Midwest,Standard,1-Year,Mail,Home Internet,App,No Issue,24,206.87,5098.13,22.71,10,True,-12,4,Highly satisfied with resolution,Positive,0.6113,72.4,1,212.42,0.4,Silver,0.704,2023-05-02
CUST03055,Southeast,Premium,2-Year,In-Store,Business Line,Chat,No Issue,67,121.9,7765.44,81.0,6,True,-36,2,Poor network reliability,Negative,0.0483,100,1,115.9,0.0882,Platinum,0.462,2024-10-12
CUST03056,Southwest,Premium,Month-to-Month,Manual-Online,Smartphone,Chat,Billing Dispute,31,78.17,2342.3,68.26,6,True,44,1,Very disappointed with service,Negative,0.0742,100,1,75.56,0.1875,Silver,0.502,2024-05-10
CUST03057,Midwest,Premium,2-Year,Auto-Pay,Smartphone,Email,Billing Dispute,44,125.17,5491.82,18.62,11,False,40,4,Very happy with service,Positive,0.869,64.0,0,124.81,0.2444,Gold,0.745,2022-04-06
CUST03058,Southwest,Premium,2-Year,Auto-Pay,Tablet,In-Store,Contract Issue,78,153.99,10861.11,23.96,2,True,32,2,Worst customer service experience,Negative,0.2643,100,1,139.25,0.0253,Platinum,0.581,2024-12-22
CUST03059,Southwest,Standard,1-Year,Manual-Online,Home Internet,App,Device Problem,11,120.85,1181.49,114.48,15,True,16,4,Very professional support team,Positive,0.7644,76.8,1,107.41,1.25,Bronze,0.753,2023-09-05
CUST03060,Southeast,Enterprise,2-Year,Auto-Pay,Hotspot,Email,Contract Issue,70,169.14,11158.16,65.24,2,True,-76,2,Poor network reliability,Negative,0.2385,100,1,159.4,0.0282,Platinum,0.392,2024-08-25
CUST03061,Northeast,Premium,Month-to-Month,Mail,Hotspot,Email,Billing Dispute,42,124.58,4725.36,101.27,2,False,13,5,Very professional support team,Positive,0.8863,21.4,0,112.51,0.0465,Gold,0.7977,2022-02-21
CUST03062,Northeast,Standard,2-Year,Auto-Pay,Business Line,Phone,Plan Change,60,43.68,2710.41,100.71,2,True,-57,1,Billing overcharge not fixed,Negative,0.2509,100,1,45.17,0.0328,Platinum,0.3252,2023-09-27
CUST03063,Southeast,Standard,2-Year,Auto-Pay,Hotspot,Chat,Speed Issue,50,68.91,3255.83,53.06,6,True,12,2,Poor network reliability,Negative,0.1445,100,1,65.12,0.1176,Gold,0.546,2023-04-11
CUST03064,Southeast,Basic,2-Year,Auto-Pay,Tablet,Email,Speed Issue,38,98.16,3659.43,34.71,7,True,-84,1,Will consider switching providers,Negative,0.0966,100,1,96.3,0.1795,Gold,0.278,2024-03-03
CUST03065,Southwest,Enterprise,Month-to-Month,Mail,Home Internet,Phone,Billing Dispute,61,154.57,8020.08,74.83,8,False,14,4,Excellent support experience,Positive,0.7861,63.2,0,131.48,0.129,Platinum,0.6995,2024-02-02
CUST03066,Northeast,Basic,Month-to-Month,Manual-Online,Hotspot,In-Store,Contract Issue,21,100.06,2077.36,16.83,1,True,-64,5,Very happy with service,Positive,0.7386,34.8,0,98.92,0.0455,Silver,0.713,2023-12-05
CUST03067,Midwest,Basic,Month-to-Month,Auto-Pay,Hotspot,Email,Speed Issue,10,105.75,1078.96,100.17,12,True,-90,3,Average experience,Neutral,0.4491,100,1,107.9,1.0909,Bronze,0.4675,2024-06-07
CUST03068,Southeast,Standard,Month-to-Month,Manual-Online,Smartphone,In-Store,Speed Issue,70,155.0,11007.06,67.8,0,True,-51,4,Very happy with service,Positive,0.647,60.2,0,157.24,0.0,Platinum,0.6358,2023-04-10
CUST03069,West,Enterprise,2-Year,Auto-Pay,Home Internet,Phone,Billing Dispute,28,63.57,1773.49,62.81,6,True,-42,4,Seamless experience overall,Positive,0.9666,70.4,1,63.34,0.2069,Silver,0.6515,2024-05-11
CUST03070,West,Enterprise,2-Year,In-Store,Home Internet,In-Store,No Issue,70,101.53,7221.89,34.0,9,True,-61,4,Great network coverage,Positive,0.8417,80.2,1,103.17,0.1268,Platinum,0.6182,2022-03-14
CUST03071,West,Enterprise,1-Year,Mail,Hotspot,In-Store,No Issue,45,146.51,6496.36,53.24,11,False,-24,3,Waited longer than expected,Neutral,0.3538,100,1,144.36,0.2391,Gold,0.533,2022-10-09
CUST03072,West,Standard,1-Year,Mail,Business Line,Phone,No Issue,84,165.71,13389.28,44.22,12,True,-64,2,Problem kept recurring,Negative,0.2926,100,1,159.4,0.1412,Platinum,0.413,2023-03-02
CUST03073,Midwest,Basic,Month-to-Month,Mail,Home Internet,App,Device Problem,31,87.1,2633.71,33.58,15,False,12,3,Got what I needed but took a while,Neutral,0.5333,100,1,84.96,0.4688,Silver,0.596,2024-07-01
CUST03074,Northeast,Basic,Month-to-Month,Auto-Pay,Business Line,App,Device Problem,23,139.4,3285.5,113.93,1,False,70,5,Great network coverage,Positive,0.9178,8.0,0,142.85,0.0417,Silver,0.8975,2024-02-22
CUST03075,West,Premium,2-Year,Manual-Online,Smartphone,Email,Contract Issue,4,176.22,717.76,57.01,9,False,-56,2,Worst customer service experience,Negative,0.0628,100,1,179.44,1.8,Bronze,0.377,2024-04-13
CUST03076,Midwest,Basic,2-Year,Mail,Hotspot,Chat,Speed Issue,30,48.89,1265.37,107.17,7,True,60,5,Great network coverage,Positive,0.8567,22.0,0,42.18,0.2258,Silver,0.93,2024-09-18
CUST03077,Southwest,Basic,2-Year,Mail,Business Line,In-Store,Speed Issue,14,232.55,2932.39,100.74,1,True,26,1,Terrible wait times,Negative,0.17,100,1,209.46,0.0667,Silver,0.4705,2024-04-29
CUST03078,West,Basic,Month-to-Month,In-Store,Hotspot,Phone,Network Outage,50,97.8,4878.23,32.29,12,True,-15,2,Will consider switching providers,Negative,0.1084,100,1,97.56,0.2353,Gold,0.4988,2024-09-22
CUST03079,Southwest,Enterprise,Month-to-Month,In-Store,Smartphone,In-Store,Plan Change,31,60.7,1953.46,22.41,14,True,-79,2,No accountability at all,Negative,0.0151,100,1,63.01,0.4375,Silver,0.3868,2022-10-21
CUST03080,Northeast,Premium,2-Year,Auto-Pay,Smartphone,App,Speed Issue,57,244.22,12709.58,102.59,11,False,75,4,Problem resolved quickly,Positive,0.716,57.0,0,222.98,0.1897,Gold,0.8062,2023-03-20
CUST03081,Southeast,Standard,Month-to-Month,Auto-Pay,Tablet,Phone,Contract Issue,9,150.95,1378.47,29.68,12,True,59,5,Problem resolved quickly,Positive,0.7433,32.2,0,153.16,1.2,Bronze,0.9283,2024-11-16
CUST03082,Northeast,Premium,1-Year,Mail,Tablet,Phone,Plan Change,59,226.35,12714.9,91.08,13,True,21,1,Agent was unhelpful,Negative,0.1399,100,1,215.51,0.2167,Gold,0.4617,2022-10-22
CUST03083,Midwest,Premium,1-Year,In-Store,Hotspot,App,Plan Change,79,189.77,14547.76,46.17,0,True,19,5,Problem resolved quickly,Positive,0.9895,16.2,0,184.15,0.0,Platinum,0.8582,2024-05-03
CUST03084,Southeast,Enterprise,1-Year,Mail,Hotspot,App,Plan Change,73,159.85,11084.9,118.33,8,True,-1,2,No accountability at all,Negative,0.2053,100,1,151.85,0.1081,Platinum,0.5232,2022-10-14
CUST03085,Northeast,Standard,1-Year,In-Store,Business Line,Phone,Contract Issue,73,211.98,14975.92,11.95,2,True,-65,1,Issue still not resolved,Negative,0.1024,100,1,205.15,0.027,Platinum,0.3112,2022-07-17
CUST03086,Southeast,Premium,Month-to-Month,Manual-Online,Home Internet,App,Speed Issue,5,101.43,516.3,86.09,10,True,-42,4,Great network coverage,Positive,0.9438,78.4,0,103.26,1.6667,Bronze,0.6515,2024-07-14
CUST03087,West,Enterprise,1-Year,Auto-Pay,Business Line,Chat,No Issue,6,75.23,397.97,87.32,0,False,-39,3,Could be improved,Neutral,0.4528,87.8,1,66.33,0.0,Bronze,0.5068,2023-08-11
CUST03088,Southeast,Standard,1-Year,Mail,Hotspot,App,Speed Issue,55,89.87,4829.98,10.24,1,True,-65,2,No accountability at all,Negative,0.2795,100,1,87.82,0.0179,Gold,0.4113,2023-12-26
CUST03089,Midwest,Standard,1-Year,Mail,Home Internet,Phone,Billing Dispute,46,150.55,6631.75,10.18,13,True,95,3,Waited longer than expected,Neutral,0.4259,87.0,1,144.17,0.2766,Gold,0.7913,2022-11-01
CUST03090,Southeast,Premium,Month-to-Month,Auto-Pay,Tablet,Chat,Network Outage,46,239.57,10173.18,60.67,6,True,76,2,No accountability at all,Negative,0.0358,100,1,221.16,0.1277,Gold,0.658,2022-08-16
CUST03091,Southeast,Premium,1-Year,Auto-Pay,Home Internet,In-Store,Billing Dispute,59,139.6,8021.89,81.28,5,True,-36,3,Could be improved,Neutral,0.3978,97.2,1,135.96,0.0833,Gold,0.562,2024-06-16
CUST03092,Northeast,Basic,Month-to-Month,Auto-Pay,Hotspot,In-Store,No Issue,68,213.43,12948.39,81.18,4,True,-60,4,Highly satisfied with resolution,Positive,0.8406,70.0,1,190.42,0.058,Platinum,0.62,2024-05-29
CUST03093,Southeast,Premium,1-Year,In-Store,Hotspot,App,Network Outage,13,207.63,2726.35,2.73,11,True,28,4,Problem resolved quickly,Positive,0.8725,66.4,0,209.72,0.7857,Silver,0.774,2024-08-27
CUST03094,Midwest,Basic,Month-to-Month,Mail,Smartphone,App,Network Outage,50,97.24,4240.1,1.8,7,False,-59,5,Great network coverage,Positive,0.6124,45.8,0,84.8,0.1373,Gold,0.6718,2023-05-26
CUST03095,West,Enterprise,2-Year,In-Store,Business Line,In-Store,Billing Dispute,49,172.69,8587.6,69.88,0,True,44,4,Outstanding customer care,Positive,0.6883,41.2,0,175.26,0.0,Gold,0.802,2023-05-06
CUST03096,Midwest,Enterprise,Month-to-Month,Manual-Online,Business Line,Email,No Issue,4,67.87,279.07,103.58,15,True,75,1,Very disappointed with service,Negative,0.1613,100,1,69.77,3.0,Bronze,0.5562,2022-10-14
CUST03097,Southeast,Standard,Month-to-Month,In-Store,Tablet,Phone,Contract Issue,22,39.34,837.17,69.53,11,False,96,1,No accountability at all,Negative,0.0091,100,1,38.05,0.4783,Silver,0.543,2024-05-19
CUST03098,West,Basic,1-Year,Auto-Pay,Smartphone,Chat,Speed Issue,61,219.92,11889.42,97.25,11,True,96,1,Agent was unhelpful,Negative,0.1703,100,1,194.91,0.1774,Platinum,0.593,2024-03-14
CUST03099,West,Premium,Month-to-Month,Mail,Business Line,App,Contract Issue,65,110.3,7122.14,93.68,5,False,-50,1,Agent was unhelpful,Negative,0.2487,100,1,109.57,0.0758,Platinum,0.2875,2023-12-15
CUST03100,Northeast,Standard,2-Year,In-Store,Hotspot,Chat,Device Problem,26,57.85,1417.77,100.4,1,True,-61,3,Got what I needed but took a while,Neutral,0.4825,94.2,1,54.53,0.037,Silver,0.5182,2023-06-11
CUST03101,Midwest,Enterprise,1-Year,Mail,Business Line,In-Store,Device Problem,60,117.23,6872.7,79.56,8,False,57,1,No accountability at all,Negative,0.0915,100,1,114.55,0.1311,Platinum,0.4748,2022-02-05
CUST03102,Northeast,Basic,2-Year,Auto-Pay,Tablet,In-Store,Speed Issue,25,128.41,2902.85,88.07,0,False,-39,5,Agent was very helpful,Positive,0.6762,27.8,0,116.11,0.0,Silver,0.7067,2023-01-05
CUST03103,Southeast,Premium,2-Year,Manual-Online,Tablet,In-Store,Device Problem,22,171.27,3309.22,119.58,7,True,-16,1,Billing overcharge not fixed,Negative,0.0356,100,1,150.42,0.3043,Silver,0.397,2024-10-08
CUST03104,West,Premium,1-Year,Mail,Home Internet,Chat,Billing Dispute,84,41.09,2946.94,42.83,2,True,35,4,Agent was very helpful,Positive,0.8576,47.0,0,35.08,0.0235,Platinum,0.7863,2023-07-04
CUST03105,West,Standard,2-Year,Manual-Online,Tablet,Email,Plan Change,74,48.74,3106.21,47.98,12,True,-78,3,Nothing exceptional,Neutral,0.49,100,1,41.98,0.16,Platinum,0.4885,2024-12-12
CUST03106,Northeast,Basic,2-Year,Mail,Hotspot,In-Store,No Issue,44,131.39,5027.89,83.06,3,True,88,5,Agent was very helpful,Positive,0.9751,8.4,0,114.27,0.0667,Gold,0.979,2024-10-02
CUST03107,Northeast,Premium,1-Year,In-Store,Home Internet,App,Contract Issue,41,33.63,1356.11,76.09,2,True,29,3,Decent support,Neutral,0.5558,78.2,1,33.08,0.0476,Gold,0.6757,2023-09-25
CUST03108,Southeast,Standard,Month-to-Month,Mail,Hotspot,Email,Device Problem,6,44.45,272.66,115.15,14,True,-42,4,Excellent support experience,Positive,0.6189,86.4,1,45.44,2.0,Bronze,0.6515,2024-01-11
CUST03109,Southeast,Enterprise,Month-to-Month,In-Store,Hotspot,App,Device Problem,11,70.44,748.12,10.4,1,True,-1,2,Problem kept recurring,Negative,0.1404,100,1,68.01,0.0833,Bronze,0.5232,2024-05-06
CUST03110,Southwest,Basic,1-Year,Auto-Pay,Hotspot,Chat,Plan Change,56,165.56,8600.5,73.68,11,False,3,1,No accountability at all,Negative,0.0561,100,1,153.58,0.193,Gold,0.3802,2022-09-23
CUST03111,Northeast,Basic,1-Year,In-Store,Business Line,In-Store,Speed Issue,29,109.42,3210.55,3.66,15,True,-43,2,Agent was unhelpful,Negative,0.0339,100,1,110.71,0.5,Silver,0.4497,2023-06-21
CUST03112,Southwest,Standard,2-Year,Mail,Business Line,Chat,Plan Change,52,56.41,2771.91,77.97,13,True,-36,3,Waited longer than expected,Neutral,0.5878,100,1,53.31,0.2453,Gold,0.562,2023-07-27
CUST03113,Southeast,Standard,Month-to-Month,Mail,Business Line,App,Contract Issue,20,104.42,1918.46,93.08,1,True,-50,3,Acceptable service,Neutral,0.5331,92.0,1,95.92,0.0476,Silver,0.5375,2024-01-25
CUST03114,West,Standard,1-Year,In-Store,Business Line,Chat,Contract Issue,6,141.52,780.85,28.67,7,True,55,2,Poor network reliability,Negative,0.2807,100,1,130.14,1.0,Bronze,0.6212,2024-06-25
CUST03115,Southwest,Standard,1-Year,Auto-Pay,Home Internet,App,No Issue,81,208.19,14798.25,114.92,2,True,-2,4,Excellent support experience,Positive,0.9594,54.4,0,182.69,0.0244,Platinum,0.7215,2024-10-02
CUST03116,West,Basic,Month-to-Month,Auto-Pay,Tablet,Email,Billing Dispute,23,41.71,991.26,104.74,13,True,27,3,Decent support,Neutral,0.3316,100,1,43.1,0.5417,Silver,0.6723,2022-05-16
CUST03117,Southwest,Premium,2-Year,Auto-Pay,Smartphone,Chat,Billing Dispute,2,222.81,386.82,29.42,5,True,-30,5,Very professional support team,Positive,0.6074,36.0,0,193.41,1.6667,Bronze,0.7725,2022-01-17
CUST03118,Northeast,Basic,2-Year,Manual-Online,Business Line,Phone,Billing Dispute,46,175.3,7755.07,87.46,2,True,19,4,Agent was very helpful,Positive,0.7066,50.2,0,168.59,0.0426,Gold,0.7583,2023-05-27
CUST03119,West,Enterprise,1-Year,In-Store,Home Internet,Chat,Plan Change,40,123.77,4775.95,12.74,6,True,1,3,Could be improved,Neutral,0.3929,91.8,1,119.4,0.1463,Gold,0.6268,2022-04-02
CUST03120,Southwest,Basic,1-Year,Mail,Smartphone,App,Network Outage,78,195.84,15629.02,94.81,7,True,90,4,Highly satisfied with resolution,Positive,0.7688,46.0,0,200.37,0.0886,Platinum,0.8825,2024-08-20
CUST03121,Southwest,Enterprise,2-Year,Auto-Pay,Tablet,In-Store,Device Problem,53,180.36,9234.59,46.82,5,False,15,1,No accountability at all,Negative,0.2435,100,1,174.24,0.0926,Gold,0.4012,2024-05-19
CUST03122,West,Premium,1-Year,In-Store,Business Line,In-Store,Speed Issue,77,128.97,9759.1,39.05,14,False,11,4,Great network coverage,Positive,0.6063,75.8,0,126.74,0.1795,Platinum,0.6943,2024-08-04
CUST03123,Midwest,Basic,2-Year,Mail,Business Line,Phone,Network Outage,84,190.81,16125.3,28.97,7,True,-29,4,Excellent support experience,Positive,0.9706,69.8,1,191.97,0.0824,Platinum,0.6743,2022-12-26
CUST03124,West,Enterprise,2-Year,Mail,Hotspot,In-Store,Billing Dispute,58,84.08,4944.01,108.66,11,True,3,1,Terrible wait times,Negative,0.0466,100,1,85.24,0.1864,Gold,0.4303,2024-07-30
CUST03125,Southeast,Standard,Month-to-Month,Manual-Online,Tablet,Chat,Contract Issue,43,143.06,5768.72,67.69,5,True,-58,2,Terrible wait times,Negative,0.1001,100,1,134.16,0.1136,Gold,0.4235,2024-10-20
CUST03126,West,Standard,Month-to-Month,Manual-Online,Home Internet,Chat,Device Problem,77,191.01,14636.04,100.07,0,False,-68,2,Issue still not resolved,Negative,0.1037,100,1,190.08,0.0,Platinum,0.356,2023-08-01
CUST03127,Southeast,Premium,1-Year,Auto-Pay,Business Line,In-Store,Speed Issue,59,30.66,1735.12,106.87,12,False,-69,1,Poor network reliability,Negative,0.0879,100,1,29.41,0.2,Gold,0.2543,2024-12-18
CUST03128,Midwest,Enterprise,Month-to-Month,In-Store,Tablet,In-Store,Speed Issue,7,243.37,1533.44,50.69,4,False,16,2,No accountability at all,Negative,0.1821,100,1,219.06,0.5,Bronze,0.503,2022-12-02
CUST03129,Southwest,Enterprise,Month-to-Month,Auto-Pay,Tablet,Phone,No Issue,13,111.87,1484.28,51.44,1,True,73,5,Excellent support experience,Positive,0.8043,7.4,0,114.18,0.0714,Silver,0.9527,2022-09-01
CUST03130,West,Basic,Month-to-Month,In-Store,Hotspot,App,Plan Change,77,64.9,5137.66,57.68,2,True,-62,2,Issue still not resolved,Negative,0.2977,100,1,66.72,0.0256,Platinum,0.4165,2024-03-25
CUST03131,Northeast,Premium,Month-to-Month,Manual-Online,Hotspot,In-Store,Billing Dispute,82,49.76,3662.43,11.7,15,True,-78,3,Nothing exceptional,Neutral,0.4093,100,1,44.66,0.1807,Platinum,0.4885,2023-11-03
CUST03132,Northeast,Standard,Month-to-Month,Manual-Online,Hotspot,Email,Plan Change,10,121.3,1270.66,36.9,2,True,67,4,Agent went above and beyond,Positive,0.6774,40.6,0,127.07,0.1818,Bronze,0.8422,2023-02-07
CUST03133,West,Standard,Month-to-Month,Mail,Hotspot,App,Device Problem,43,34.19,1380.92,36.05,6,True,-55,3,Service was okay,Neutral,0.3193,100,1,32.11,0.1364,Gold,0.5288,2022-06-29
CUST03134,West,Premium,Month-to-Month,Mail,Hotspot,In-Store,Billing Dispute,51,173.27,8595.23,101.46,15,False,29,1,Agent was unhelpful,Negative,0.0794,100,1,168.53,0.2885,Gold,0.4257,2023-09-25
CUST03135,Midwest,Standard,1-Year,In-Store,Business Line,In-Store,Speed Issue,75,44.25,3365.56,26.71,0,True,71,3,Nothing exceptional,Neutral,0.5205,65.8,0,44.87,0.0,Platinum,0.7492,2022-06-05
CUST03136,Southwest,Premium,Month-to-Month,Mail,Tablet,App,Network Outage,77,186.44,14031.38,49.08,3,True,-63,4,Very happy with service,Positive,0.7197,68.6,0,182.23,0.0385,Platinum,0.6148,2022-08-01
CUST03137,Southeast,Enterprise,1-Year,Manual-Online,Business Line,Email,No Issue,61,186.48,11336.34,67.75,5,True,-8,1,Issue still not resolved,Negative,0.2981,100,1,185.84,0.0806,Platinum,0.411,2023-03-09
CUST03138,Southeast,Standard,2-Year,Manual-Online,Home Internet,Phone,Speed Issue,75,249.27,16392.35,66.74,11,False,91,1,Will consider switching providers,Negative,0.0506,100,1,218.56,0.1447,Platinum,0.5343,2023-08-24
CUST03139,Southwest,Basic,Month-to-Month,Manual-Online,Smartphone,Chat,Device Problem,23,221.6,5105.11,14.41,6,True,-32,3,Could be improved,Neutral,0.4712,98.4,1,221.96,0.25,Silver,0.569,2024-10-07
CUST03140,West,Enterprise,Month-to-Month,Mail,Smartphone,In-Store,Plan Change,11,50.87,491.37,113.91,4,True,-42,3,Expected better response time,Neutral,0.5195,96.4,1,44.67,0.3333,Bronze,0.5515,2024-01-11
CUST03141,Southeast,Basic,1-Year,Manual-Online,Hotspot,In-Store,Network Outage,70,218.81,15223.36,86.48,11,True,97,3,Service was okay,Neutral,0.4724,82.6,1,217.48,0.1549,Platinum,0.7948,2022-08-01
CUST03142,Midwest,Enterprise,2-Year,Mail,Smartphone,In-Store,Plan Change,22,147.0,3143.38,21.61,4,True,-27,4,Great network coverage,Positive,0.6644,63.4,0,142.88,0.1739,Silver,0.6778,2022-07-18
CUST03143,West,Standard,1-Year,Manual-Online,Business Line,In-Store,Billing Dispute,28,145.09,4146.43,34.9,14,True,-64,2,Poor network reliability,Negative,0.2874,100,1,148.09,0.4828,Silver,0.413,2023-06-01
CUST03144,Southeast,Enterprise,Month-to-Month,Mail,Business Line,Phone,Device Problem,66,194.14,11297.59,30.91,9,True,-66,5,Seamless experience overall,Positive,0.9766,51.2,0,171.18,0.1343,Platinum,0.7095,2023-07-28
CUST03145,West,Premium,2-Year,Auto-Pay,Hotspot,Email,Device Problem,37,183.24,6363.3,38.15,8,True,-81,1,Will consider switching providers,Negative,0.0899,100,1,171.98,0.2105,Gold,0.2833,2022-03-10
CUST03146,West,Premium,Month-to-Month,In-Store,Tablet,Phone,Plan Change,32,169.04,4887.92,100.46,7,True,86,3,Waited longer than expected,Neutral,0.4107,76.8,0,152.75,0.2121,Silver,0.7755,2022-01-11
CUST03147,Southwest,Enterprise,1-Year,In-Store,Hotspot,In-Store,Network Outage,70,202.51,14158.37,80.59,0,False,8,2,Very disappointed with service,Negative,0.0311,100,1,202.26,0.0,Platinum,0.489,2024-05-28
CUST03148,Southeast,Standard,Month-to-Month,In-Store,Tablet,In-Store,Device Problem,16,86.98,1423.94,66.21,15,True,-28,5,Outstanding customer care,Positive,0.8338,55.6,0,89.0,0.8824,Silver,0.776,2022-09-22
CUST03149,West,Basic,1-Year,Manual-Online,Business Line,Phone,Billing Dispute,42,195.31,7874.15,87.65,1,True,-95,4,Very happy with service,Positive,0.8376,71.0,1,187.48,0.0233,Gold,0.5588,2024-11-19
CUST03150,Southeast,Standard,Month-to-Month,Manual-Online,Hotspot,Phone,Contract Issue,15,30.85,458.44,71.61,4,True,62,3,Could be improved,Neutral,0.4695,75.6,1,30.56,0.25,Silver,0.7335,2023-03-10
CUST03151,Northeast,Standard,1-Year,Manual-Online,Business Line,App,Billing Dispute,22,99.32,1867.23,95.64,5,True,22,5,Great network coverage,Positive,0.9698,25.6,0,84.87,0.2174,Silver,0.8635,2022-10-06
CUST03152,Midwest,Enterprise,2-Year,Manual-Online,Hotspot,App,Contract Issue,33,234.23,6831.16,95.0,7,True,-57,3,Service was okay,Neutral,0.5567,100,1,207.0,0.2059,Silver,0.5252,2024-08-16
CUST03153,West,Basic,Month-to-Month,Manual-Online,Home Internet,App,Billing Dispute,63,53.27,3085.62,107.65,10,True,-25,4,Great network coverage,Positive,0.9563,75.0,0,48.98,0.1562,Platinum,0.6813,2024-01-27
CUST03154,Southwest,Standard,2-Year,Auto-Pay,Business Line,Email,Billing Dispute,46,48.53,1980.92,77.89,13,False,-89,1,Will consider switching providers,Negative,0.187,100,1,43.06,0.2766,Gold,0.2193,2024-07-24
CUST03155,Midwest,Premium,Month-to-Month,Auto-Pay,Home Internet,Chat,Speed Issue,75,227.56,15308.11,36.19,15,True,20,2,Will consider switching providers,Negative,0.2019,100,1,204.11,0.1974,Platinum,0.56,2022-02-13
CUST03156,Northeast,Standard,1-Year,Mail,Business Line,Email,Plan Change,27,89.19,2157.33,17.1,14,False,60,4,Outstanding customer care,Positive,0.9911,66.0,0,79.9,0.5,Silver,0.78,2023-01-13
CUST03157,Southwest,Premium,2-Year,In-Store,Home Internet,Chat,No Issue,75,96.43,7118.7,78.95,1,True,19,1,Issue still not resolved,Negative,0.2225,100,1,94.92,0.0132,Platinum,0.4582,2022-04-07
CUST03158,Southeast,Premium,Month-to-Month,Manual-Online,Home Internet,Phone,Speed Issue,80,62.67,4888.78,56.95,6,True,-98,3,Issue eventually resolved,Neutral,0.4119,100,1,61.11,0.0741,Platinum,0.4535,2024-12-27
CUST03159,Southwest,Enterprise,1-Year,Manual-Online,Smartphone,Email,Contract Issue,29,149.22,3727.15,14.08,10,True,-63,1,No accountability at all,Negative,0.228,100,1,128.52,0.3333,Silver,0.3147,2023-11-24
CUST03160,Southwest,Premium,2-Year,Auto-Pay,Business Line,Phone,Contract Issue,50,101.54,4905.05,14.99,6,True,0,4,Agent went above and beyond,Positive,0.7222,62.0,0,98.1,0.1176,Gold,0.725,2022-09-03
CUST03161,Midwest,Standard,Month-to-Month,Manual-Online,Home Internet,Email,Billing Dispute,1,183.98,177.24,7.91,3,True,-99,4,Agent was very helpful,Positive,0.6725,75.8,0,177.24,1.5,Bronze,0.5517,2023-07-10
CUST03162,Southeast,Standard,1-Year,In-Store,Hotspot,App,No Issue,41,47.65,1861.38,75.42,3,False,28,3,Issue eventually resolved,Neutral,0.5973,80.4,1,45.4,0.0714,Gold,0.624,2022-08-19
CUST03163,Midwest,Premium,Month-to-Month,Mail,Business Line,App,No Issue,6,226.34,1398.3,33.1,8,True,-93,3,Service was okay,Neutral,0.4574,100,1,233.05,1.1429,Bronze,0.4623,2022-05-23
CUST03164,Northeast,Basic,1-Year,In-Store,Home Internet,App,Plan Change,12,162.62,1932.52,23.4,6,True,1,4,Very professional support team,Positive,0.9838,61.8,0,161.04,0.4615,Silver,0.7268,2022-12-11
CUST03165,West,Enterprise,1-Year,Auto-Pay,Tablet,Chat,Device Problem,45,30.63,1327.05,69.38,0,False,-29,1,Very disappointed with service,Negative,0.1127,100,1,29.49,0.0,Gold,0.3242,2022-08-14
CUST03166,Northeast,Basic,1-Year,Mail,Hotspot,Chat,Billing Dispute,42,163.16,6961.89,4.03,12,True,-45,4,Outstanding customer care,Positive,0.7415,83.0,1,165.76,0.2791,Gold,0.6462,2024-01-02
CUST03167,Southwest,Standard,2-Year,Manual-Online,Smartphone,App,Speed Issue,56,114.74,6382.79,31.47,7,True,18,5,Excellent support experience,Positive,0.9172,30.4,0,113.98,0.1228,Gold,0.8565,2024-04-20
CUST03168,Southwest,Basic,Month-to-Month,Mail,Business Line,In-Store,Contract Issue,81,177.75,12744.42,10.63,14,True,60,2,No accountability at all,Negative,0.0362,100,1,157.34,0.1707,Platinum,0.63,2024-05-17
CUST03169,Southeast,Standard,2-Year,Manual-Online,Hotspot,Email,Plan Change,70,55.06,3774.67,86.29,3,True,88,4,Seamless experience overall,Positive,0.7674,38.4,0,53.92,0.0423,Platinum,0.879,2024-01-13
CUST03170,Northeast,Basic,1-Year,In-Store,Hotspot,Phone,Speed Issue,50,133.02,6695.15,95.78,0,True,-35,2,Terrible wait times,Negative,0.1825,100,1,133.9,0.0,Gold,0.4637,2024-04-22
CUST03171,Midwest,Enterprise,Month-to-Month,Manual-Online,Hotspot,Email,Speed Issue,45,149.9,6809.48,53.41,11,True,52,4,Excellent support experience,Positive,0.7017,61.6,0,151.32,0.2391,Gold,0.816,2022-02-06
CUST03172,Northeast,Premium,Month-to-Month,Auto-Pay,Hotspot,Email,Contract Issue,39,98.47,3703.2,21.23,11,True,-72,4,Great network coverage,Positive,0.9613,86.4,1,94.95,0.275,Gold,0.599,2024-07-24
CUST03173,Southeast,Basic,1-Year,Mail,Home Internet,In-Store,Device Problem,46,184.34,8643.89,77.67,5,True,-39,1,Terrible wait times,Negative,0.1442,100,1,187.91,0.1064,Gold,0.3568,2024-10-08
CUST03174,Northeast,Enterprise,1-Year,Auto-Pay,Smartphone,Phone,Speed Issue,48,196.55,9520.64,53.08,7,False,-43,3,Waited longer than expected,Neutral,0.4265,100,1,198.35,0.1429,Gold,0.4998,2024-11-13
CUST03175,Northeast,Basic,2-Year,Manual-Online,Tablet,In-Store,Billing Dispute,54,121.32,5838.92,109.03,7,True,-54,4,Seamless experience overall,Positive,0.999,74.8,0,108.13,0.1273,Gold,0.6305,2024-07-05
CUST03176,Southeast,Enterprise,1-Year,In-Store,Business Line,Chat,No Issue,27,57.97,1634.02,12.73,10,True,-66,4,Very happy with service,Positive,0.6329,83.2,1,60.52,0.3571,Silver,0.6095,2022-09-20
CUST03177,Southeast,Standard,2-Year,Manual-Online,Smartphone,Chat,Network Outage,42,219.68,9104.89,6.13,12,False,87,3,Could be improved,Neutral,0.3282,86.6,1,216.78,0.2791,Gold,0.7272,2024-02-02
CUST03178,Southeast,Standard,Month-to-Month,Auto-Pay,Hotspot,In-Store,Speed Issue,65,78.37,5196.07,22.15,14,True,-51,1,Billing overcharge not fixed,Negative,0.1629,100,1,79.94,0.2121,Platinum,0.3357,2023-04-30
CUST03179,Southeast,Enterprise,1-Year,Manual-Online,Smartphone,Email,Network Outage,76,121.28,8505.42,62.99,2,False,-2,2,Agent was unhelpful,Negative,0.2156,100,1,111.91,0.026,Platinum,0.4715,2023-03-01
CUST03180,Southeast,Standard,Month-to-Month,Mail,Business Line,App,Billing Dispute,60,30.68,1753.14,104.45,2,True,-14,4,Outstanding customer care,Positive,0.9876,56.8,0,29.22,0.0328,Platinum,0.7005,2022-06-29
CUST03181,Southeast,Premium,Month-to-Month,Manual-Online,Smartphone,App,Plan Change,25,241.78,5974.87,35.55,2,False,47,1,Billing overcharge not fixed,Negative,0.0798,100,1,238.99,0.0769,Silver,0.4572,2023-12-02
CUST03182,Midwest,Enterprise,1-Year,Mail,Business Line,In-Store,Network Outage,45,74.35,3145.88,13.29,15,True,91,2,Billing overcharge not fixed,Negative,0.2926,100,1,69.91,0.3261,Gold,0.6843,2024-09-09
CUST03183,Midwest,Basic,2-Year,Mail,Hotspot,In-Store,Speed Issue,80,188.64,13348.83,119.34,1,True,-53,3,Average experience,Neutral,0.3693,92.6,1,166.86,0.0123,Platinum,0.5323,2024-07-10
CUST03184,Northeast,Enterprise,1-Year,In-Store,Tablet,Phone,Contract Issue,25,191.9,4895.88,83.56,2,False,60,2,Issue still not resolved,Negative,0.0206,100,1,195.84,0.0769,Silver,0.58,2022-10-01
CUST03185,Southwest,Standard,1-Year,Auto-Pay,Business Line,App,Network Outage,8,122.76,927.31,76.04,4,True,62,1,Issue still not resolved,Negative,0.1496,100,1,115.91,0.4444,Bronze,0.5335,2023-05-18
CUST03186,Northeast,Basic,Month-to-Month,Auto-Pay,Business Line,Chat,Billing Dispute,34,116.31,3399.36,40.45,1,True,49,3,Got what I needed but took a while,Neutral,0.4605,72.2,1,99.98,0.0286,Silver,0.7107,2024-03-31
CUST03187,Midwest,Basic,Month-to-Month,Manual-Online,Business Line,App,Speed Issue,27,133.87,3529.84,17.12,7,True,88,5,Very happy with service,Positive,0.6666,16.4,0,130.73,0.25,Silver,0.979,2023-03-16
CUST03188,Southeast,Premium,1-Year,Auto-Pay,Home Internet,In-Store,Plan Change,56,108.51,5740.06,48.47,9,True,46,3,Average experience,Neutral,0.4662,88.8,1,102.5,0.1579,Gold,0.7055,2022-07-24
CUST03189,Midwest,Enterprise,Month-to-Month,Auto-Pay,Tablet,Email,Speed Issue,31,87.01,2433.86,84.7,2,True,3,1,Billing overcharge not fixed,Negative,0.2037,100,1,78.51,0.0625,Silver,0.4303,2024-08-11
CUST03190,Southwest,Basic,2-Year,Manual-Online,Tablet,Phone,Network Outage,83,187.0,15300.69,76.49,9,True,16,3,Acceptable service,Neutral,0.4065,94.8,1,184.35,0.1071,Platinum,0.653,2024-03-20
CUST03191,Southwest,Premium,1-Year,In-Store,Smartphone,Email,Network Outage,16,168.44,2540.6,74.86,2,True,-67,4,Seamless experience overall,Positive,0.6257,67.4,1,158.79,0.1176,Silver,0.6078,2023-02-20
CUST03192,Southwest,Basic,1-Year,Manual-Online,Business Line,Phone,Device Problem,52,202.86,10365.44,14.72,4,True,87,5,Highly satisfied with resolution,Positive,0.729,10.6,0,199.34,0.0755,Gold,0.9772,2024-01-22
CUST03193,Southeast,Premium,2-Year,Auto-Pay,Tablet,In-Store,Network Outage,2,211.29,426.3,53.53,6,True,58,4,Great network coverage,Positive,0.6106,50.4,0,213.15,2.0,Bronze,0.8265,2023-03-14
CUST03194,Midwest,Enterprise,2-Year,Mail,Tablet,Chat,Contract Issue,62,105.6,6805.44,26.24,3,True,94,5,Problem resolved quickly,Positive,0.8196,7.2,0,109.77,0.0476,Platinum,0.9895,2022-11-20
CUST03195,Southwest,Basic,2-Year,Manual-Online,Hotspot,Chat,Device Problem,31,166.92,4712.32,76.99,10,True,-98,3,Acceptable service,Neutral,0.3357,100,1,152.01,0.3125,Silver,0.4535,2022-07-12
CUST03196,Northeast,Premium,1-Year,Manual-Online,Home Internet,App,Speed Issue,51,199.29,9929.21,20.16,15,False,-59,4,Agent was very helpful,Positive,0.7239,91.8,1,194.69,0.2885,Gold,0.5717,2024-11-01
CUST03197,Northeast,Premium,1-Year,In-Store,Home Internet,Email,Billing Dispute,35,160.4,5279.85,25.23,1,True,-25,3,Expected better response time,Neutral,0.3732,87.0,1,150.85,0.0278,Silver,0.5813,2023-06-20
CUST03198,Midwest,Premium,1-Year,In-Store,Smartphone,Chat,Network Outage,84,61.29,4451.68,74.43,9,True,-48,1,Very disappointed with service,Negative,0.2879,100,1,53.0,0.1059,Platinum,0.341,2023-05-17
CUST03199,Northeast,Standard,Month-to-Month,Manual-Online,Tablet,Phone,Contract Issue,6,66.27,413.88,37.74,2,False,9,4,Very professional support team,Positive,0.7755,52.2,0,68.98,0.2857,Bronze,0.6907,2024-04-07
CUST03200,Southwest,Standard,2-Year,Manual-Online,Business Line,Phone,Device Problem,53,128.63,5877.09,111.7,0,False,24,2,Billing overcharge not fixed,Negative,0.1741,100,1,110.89,0.0,Gold,0.517,2024-04-18
CUST03201,Southeast,Premium,2-Year,In-Store,Business Line,Chat,Contract Issue,15,61.04,818.07,40.56,6,True,-70,2,Billing overcharge not fixed,Negative,0.2054,100,1,54.54,0.375,Silver,0.4025,2023-02-11
CUST03202,West,Premium,1-Year,Mail,Business Line,Phone,Device Problem,8,123.75,967.17,109.97,9,True,-95,2,Billing overcharge not fixed,Negative,0.1545,100,1,120.9,1.0,Bronze,0.3588,2023-01-11
CUST03203,Northeast,Basic,2-Year,In-Store,Hotspot,In-Store,Network Outage,3,225.73,622.61,39.11,7,True,-75,4,Great network coverage,Positive,0.9359,79.0,1,207.54,1.75,Bronze,0.5938,2023-12-22
CUST03204,Midwest,Basic,Month-to-Month,Mail,Business Line,Email,No Issue,48,33.01,1653.25,98.15,12,True,18,2,No accountability at all,Negative,0.1509,100,1,34.44,0.2449,Gold,0.5565,2023-02-13
CUST03205,Southwest,Standard,2-Year,Mail,Home Internet,App,Plan Change,68,33.19,1932.44,76.26,10,True,35,3,Decent support,Neutral,0.5203,93.0,1,28.42,0.1449,Platinum,0.6863,2022-03-07
CUST03206,Midwest,Standard,2-Year,Manual-Online,Home Internet,Chat,Speed Issue,13,125.07,1638.06,116.4,14,True,17,2,Billing overcharge not fixed,Negative,0.2116,100,1,126.0,1.0,Silver,0.5547,2022-03-01
CUST03207,Northeast,Premium,Month-to-Month,Manual-Online,Business Line,Email,No Issue,1,225.03,211.19,74.04,7,False,21,5,Great network coverage,Positive,0.9379,29.8,0,211.19,3.5,Bronze,0.8117,2022-04-07
CUST03208,Midwest,Premium,2-Year,Auto-Pay,Hotspot,App,Billing Dispute,46,220.13,8952.7,99.08,14,True,62,1,Billing overcharge not fixed,Negative,0.1498,100,1,194.62,0.2979,Gold,0.5335,2022-08-02
CUST03209,Midwest,Basic,2-Year,Mail,Home Internet,App,No Issue,45,216.35,8426.34,84.08,12,True,-66,5,Excellent support experience,Positive,0.974,57.2,0,187.25,0.2609,Gold,0.7095,2023-02-13
CUST03210,West,Basic,2-Year,Auto-Pay,Home Internet,App,Plan Change,37,178.34,6015.47,57.84,12,True,-42,1,Will consider switching providers,Negative,0.093,100,1,162.58,0.3158,Gold,0.3515,2022-07-24
CUST03211,Midwest,Basic,1-Year,Manual-Online,Business Line,Email,Network Outage,60,223.46,14077.71,59.35,14,True,-74,4,Seamless experience overall,Positive,0.712,92.8,1,234.63,0.2295,Platinum,0.5955,2024-04-15
CUST03212,West,Enterprise,2-Year,In-Store,Home Internet,Phone,Contract Issue,57,52.28,2709.7,48.25,3,True,3,5,Highly satisfied with resolution,Positive,0.8351,25.4,0,47.54,0.0517,Gold,0.8303,2024-01-31
CUST03213,Southeast,Premium,Month-to-Month,Mail,Smartphone,In-Store,Plan Change,64,96.17,5905.78,38.43,7,True,87,2,Issue still not resolved,Negative,0.003,100,1,92.28,0.1077,Platinum,0.6773,2022-06-17
CUST03214,Northeast,Standard,2-Year,Manual-Online,Smartphone,Email,Plan Change,9,89.36,692.17,11.68,4,True,-80,4,Seamless experience overall,Positive,0.7033,74.0,1,76.91,0.4,Bronze,0.585,2022-07-10
CUST03215,Midwest,Enterprise,2-Year,Mail,Smartphone,App,No Issue,36,224.94,7188.97,60.58,5,True,-56,3,Acceptable service,Neutral,0.3462,100,1,199.69,0.1351,Gold,0.527,2024-09-05
CUST03216,Northeast,Basic,2-Year,Mail,Smartphone,App,Network Outage,60,143.82,8692.14,54.39,6,False,77,3,Decent support,Neutral,0.3535,76.6,0,144.87,0.0984,Platinum,0.7097,2023-09-27
CUST03217,West,Basic,Month-to-Month,Mail,Business Line,Chat,Contract Issue,41,211.25,8508.14,48.42,13,True,-100,4,Agent was very helpful,Positive,0.8287,96.0,1,207.52,0.3095,Gold,0.55,2022-11-02
CUST03218,Southeast,Standard,2-Year,Auto-Pay,Business Line,In-Store,Billing Dispute,66,223.46,15314.71,29.66,9,True,-11,2,Terrible wait times,Negative,0.2622,100,1,232.04,0.1343,Platinum,0.5058,2022-04-06
CUST03219,Southwest,Standard,2-Year,Auto-Pay,Tablet,App,Contract Issue,42,115.65,4961.25,60.69,4,True,-29,1,Poor network reliability,Negative,0.1352,100,1,118.12,0.093,Gold,0.3742,2023-02-14
CUST03220,West,Standard,2-Year,Mail,Business Line,Email,Plan Change,38,53.92,2100.34,105.92,14,True,-33,3,Issue eventually resolved,Neutral,0.4039,100,1,55.27,0.359,Gold,0.5673,2024-10-01
CUST03221,Southwest,Standard,1-Year,Auto-Pay,Home Internet,Chat,Plan Change,17,84.8,1374.59,2.35,0,True,74,2,No accountability at all,Negative,0.0026,95.2,1,80.86,0.0,Silver,0.6545,2024-09-13
CUST03222,Southwest,Standard,2-Year,In-Store,Home Internet,Email,Contract Issue,41,74.55,2970.73,18.76,5,True,-68,5,Great network coverage,Positive,0.6414,43.6,0,72.46,0.119,Gold,0.706,2022-02-12
CUST03223,Southeast,Premium,2-Year,Manual-Online,Tablet,Phone,Network Outage,22,138.86,2734.46,31.83,8,True,96,4,Very happy with service,Positive,0.8063,46.8,0,124.29,0.3478,Silver,0.893,2024-12-11
CUST03224,Northeast,Premium,2-Year,In-Store,Business Line,Phone,Contract Issue,22,77.21,1768.46,16.1,9,False,93,4,Excellent support experience,Positive,0.8407,49.4,0,80.38,0.3913,Silver,0.8377,2024-06-29
CUST03225,Northeast,Basic,2-Year,Auto-Pay,Business Line,In-Store,Network Outage,19,236.06,4625.98,29.55,7,False,92,3,Average experience,Neutral,0.3242,75.6,1,243.47,0.35,Silver,0.736,2023-06-17
CUST03226,Midwest,Premium,1-Year,In-Store,Home Internet,Phone,Network Outage,62,36.13,1927.02,32.43,15,True,97,3,Average experience,Neutral,0.4973,90.6,1,31.08,0.2381,Platinum,0.7948,2024-07-15
CUST03227,Southeast,Basic,Month-to-Month,Mail,Hotspot,App,No Issue,47,172.5,7742.11,94.21,14,True,-44,2,Very disappointed with service,Negative,0.12,100,1,164.73,0.2917,Gold,0.448,2022-01-10
CUST03228,Southwest,Standard,Month-to-Month,Mail,Home Internet,Phone,Device Problem,49,136.25,6160.08,61.42,14,False,-77,3,Expected better response time,Neutral,0.3679,100,1,125.72,0.28,Gold,0.4403,2023-11-12
CUST03229,Southeast,Standard,1-Year,Auto-Pay,Tablet,Phone,Plan Change,76,231.19,15957.55,81.31,10,False,52,3,Could be improved,Neutral,0.4139,89.6,1,209.97,0.1299,Platinum,0.666,2022-08-03
CUST03230,Southwest,Standard,1-Year,Auto-Pay,Tablet,Chat,Device Problem,78,169.03,11614.73,65.37,11,True,-60,3,Could be improved,Neutral,0.3983,100,1,148.91,0.1392,Platinum,0.52,2022-08-26
CUST03231,West,Standard,1-Year,Manual-Online,Smartphone,Chat,Device Problem,3,43.99,123.95,76.93,10,False,16,4,Seamless experience overall,Positive,0.6991,66.8,1,41.32,2.5,Bronze,0.703,2022-08-18
CUST03232,Northeast,Enterprise,1-Year,In-Store,Hotspot,Email,Contract Issue,78,203.68,16014.74,68.07,1,False,-69,4,Seamless experience overall,Positive,0.8077,65.8,1,205.32,0.0127,Platinum,0.5543,2024-11-21
CUST03233,Northeast,Standard,Month-to-Month,Manual-Online,Hotspot,App,No Issue,18,78.19,1386.7,1.23,0,True,-43,3,Acceptable service,Neutral,0.4439,88.6,1,77.04,0.0,Silver,0.5497,2022-09-04
CUST03234,Midwest,Premium,2-Year,Auto-Pay,Tablet,App,Contract Issue,25,42.04,1069.95,61.64,0,True,92,3,Decent support,Neutral,0.3617,61.6,0,42.8,0.0,Silver,0.786,2023-05-26
CUST03235,West,Standard,Month-to-Month,Manual-Online,Business Line,Email,No Issue,4,204.83,740.76,108.02,3,False,79,3,Waited longer than expected,Neutral,0.4387,70.2,1,185.19,0.6,Bronze,0.7132,2022-10-10
CUST03236,Southeast,Standard,1-Year,Auto-Pay,Business Line,App,Network Outage,67,81.75,5533.51,79.88,12,True,47,1,Worst customer service experience,Negative,0.0536,100,1,82.59,0.1765,Platinum,0.5072,2023-07-21
CUST03237,West,Enterprise,2-Year,Mail,Tablet,Chat,No Issue,29,149.42,4421.23,69.88,8,False,22,1,Worst customer service experience,Negative,0.2096,100,1,152.46,0.2667,Silver,0.4135,2024-04-13
CUST03238,Midwest,Premium,1-Year,Auto-Pay,Smartphone,App,Speed Issue,11,39.29,397.01,80.6,14,True,-18,3,Expected better response time,Neutral,0.3044,100,1,36.09,1.1667,Bronze,0.5935,2022-07-29
CUST03239,Southwest,Basic,2-Year,Mail,Tablet,Email,Plan Change,39,68.58,2393.39,16.62,15,True,24,3,Nothing exceptional,Neutral,0.5528,100,1,61.37,0.375,Gold,0.667,2022-12-11
CUST03240,West,Standard,Month-to-Month,Auto-Pay,Smartphone,Email,Network Outage,37,44.9,1540.39,115.02,7,True,6,4,Seamless experience overall,Positive,0.9028,62.8,0,41.63,0.1842,Gold,0.7355,2024-06-18
CUST03241,Southeast,Enterprise,1-Year,Mail,Smartphone,App,Plan Change,36,119.62,3964.0,84.59,9,False,87,3,Could be improved,Neutral,0.3859,80.6,1,110.11,0.2432,Gold,0.7272,2022-05-05
CUST03242,Southwest,Enterprise,2-Year,Manual-Online,Hotspot,App,Device Problem,81,160.99,12361.43,51.82,9,False,-60,5,Agent was very helpful,Positive,0.826,50.0,0,152.61,0.1098,Platinum,0.67,2024-10-15
CUST03243,West,Standard,1-Year,Auto-Pay,Hotspot,Phone,No Issue,77,30.44,2423.41,65.7,2,True,100,1,Problem kept recurring,Negative,0.2549,100,1,31.47,0.0256,Platinum,0.6,2024-08-22
CUST03244,Southwest,Standard,Month-to-Month,Manual-Online,Home Internet,Phone,Device Problem,82,85.02,6744.13,58.68,1,True,-54,2,No accountability at all,Negative,0.0265,100,1,82.25,0.012,Platinum,0.4305,2023-02-12
CUST03245,Southeast,Standard,Month-to-Month,Mail,Hotspot,Email,No Issue,48,88.31,4191.04,87.45,9,True,23,2,Problem kept recurring,Negative,0.2127,100,1,87.31,0.1837,Gold,0.5653,2022-12-24
CUST03246,Midwest,Premium,1-Year,Mail,Smartphone,In-Store,Speed Issue,4,119.76,444.73,47.11,8,True,-99,4,Seamless experience overall,Positive,0.7716,85.8,1,111.18,1.6,Bronze,0.5517,2024-12-25
CUST03247,Southeast,Standard,1-Year,Mail,Smartphone,App,Network Outage,41,244.87,9748.66,107.83,6,True,39,4,Great network coverage,Positive,0.9438,54.2,0,237.77,0.1429,Gold,0.7933,2024-10-08
CUST03248,Southwest,Basic,2-Year,Auto-Pay,Tablet,App,Billing Dispute,23,238.21,5689.85,107.9,6,True,82,5,Excellent support experience,Positive,0.7461,15.6,0,247.38,0.25,Silver,0.9685,2024-09-06
CUST03249,Northeast,Basic,Month-to-Month,Mail,Tablet,Phone,Contract Issue,42,196.3,8221.7,73.33,6,True,7,2,No accountability at all,Negative,0.2596,100,1,195.75,0.1395,Gold,0.5373,2023-08-19
CUST03250,Southeast,Enterprise,2-Year,Manual-Online,Business Line,Phone,Plan Change,33,36.16,1227.79,104.17,11,True,-86,1,Poor network reliability,Negative,0.014,100,1,37.21,0.3235,Silver,0.2745,2022-05-23
CUST03251,Southwest,Standard,2-Year,Auto-Pay,Tablet,Email,Device Problem,80,117.4,8770.08,109.49,14,True,-94,2,Problem kept recurring,Negative,0.0508,100,1,109.63,0.1728,Platinum,0.3605,2023-06-30
CUST03252,Northeast,Standard,1-Year,In-Store,Smartphone,Phone,Device Problem,54,225.03,11986.89,113.54,8,True,-23,1,Worst customer service experience,Negative,0.1484,100,1,221.98,0.1455,Gold,0.3847,2022-07-24
CUST03253,Southwest,Premium,1-Year,Auto-Pay,Business Line,Phone,Billing Dispute,66,188.77,11267.3,74.97,13,True,-37,5,Highly satisfied with resolution,Positive,0.6365,53.4,0,170.72,0.194,Platinum,0.7602,2023-06-22
CUST03254,Northeast,Premium,1-Year,In-Store,Hotspot,App,No Issue,28,182.67,4403.3,105.61,1,False,-7,2,Will consider switching providers,Negative,0.1852,100,1,157.26,0.0345,Silver,0.4628,2022-12-04
CUST03255,Southeast,Premium,1-Year,In-Store,Smartphone,Phone,Network Outage,44,165.73,7502.73,97.6,5,True,21,2,Billing overcharge not fixed,Negative,0.2032,100,1,170.52,0.1111,Gold,0.5617,2024-01-20
CUST03256,Midwest,Basic,Month-to-Month,Auto-Pay,Home Internet,App,Speed Issue,70,59.14,3726.95,51.93,14,True,-40,5,Agent went above and beyond,Positive,0.7767,56.0,0,53.24,0.1972,Platinum,0.755,2024-09-20
CUST03257,Southwest,Standard,2-Year,Auto-Pay,Home Internet,Email,Billing Dispute,53,74.33,3352.09,51.72,12,False,59,3,Waited longer than expected,Neutral,0.5508,92.2,1,63.25,0.2222,Gold,0.6783,2022-03-20
CUST03258,West,Standard,1-Year,Manual-Online,Tablet,App,Contract Issue,15,139.89,1898.68,2.79,12,True,-27,3,Service was okay,Neutral,0.5036,100,1,126.58,0.75,Silver,0.5777,2023-01-09
CUST03259,Southwest,Basic,2-Year,In-Store,Home Internet,Email,Billing Dispute,42,194.43,7399.72,36.79,8,True,-68,5,Problem resolved quickly,Positive,0.9348,49.6,0,176.18,0.186,Gold,0.706,2024-04-02
CUST03260,Northeast,Standard,Month-to-Month,Manual-Online,Hotspot,Chat,Billing Dispute,63,200.11,12930.04,119.04,12,True,6,5,Problem resolved quickly,Positive,0.9702,42.8,0,205.24,0.1875,Platinum,0.8355,2022-04-05
CUST03261,Midwest,Premium,1-Year,Auto-Pay,Home Internet,Chat,Contract Issue,34,80.34,2688.16,13.48,11,True,-80,4,Excellent support experience,Positive,0.952,88.0,1,79.06,0.3143,Silver,0.585,2022-03-10
CUST03262,Southwest,Premium,1-Year,Mail,Tablet,Chat,No Issue,33,128.3,4099.82,48.25,5,False,-15,1,Will consider switching providers,Negative,0.1816,100,1,124.24,0.1471,Silver,0.3488,2024-01-08
CUST03263,Midwest,Premium,Month-to-Month,Mail,Business Line,App,Contract Issue,62,248.73,15986.09,100.86,13,False,31,1,Terrible wait times,Negative,0.0234,100,1,257.84,0.2063,Platinum,0.4293,2024-11-05
CUST03264,Southwest,Enterprise,1-Year,In-Store,Home Internet,Phone,No Issue,24,48.36,1135.21,119.3,10,True,-19,4,Seamless experience overall,Positive,0.9695,73.8,0,47.3,0.4,Silver,0.6918,2024-08-04
CUST03265,Northeast,Enterprise,Month-to-Month,In-Store,Hotspot,App,Contract Issue,65,177.35,10518.06,95.17,13,True,92,2,Problem kept recurring,Negative,0.2118,100,1,161.82,0.197,Platinum,0.686,2023-09-24
CUST03266,Northeast,Basic,2-Year,In-Store,Home Internet,Email,Network Outage,61,129.86,8180.59,111.72,11,False,-59,4,Very professional support team,Positive,0.8258,83.8,1,134.11,0.1774,Platinum,0.5717,2022-06-16
CUST03267,Southwest,Basic,1-Year,Manual-Online,Home Internet,App,Network Outage,4,39.91,146.09,48.37,3,False,84,3,Got what I needed but took a while,Neutral,0.3117,69.2,1,36.52,0.6,Bronze,0.722,2024-04-02
CUST03268,Midwest,Standard,Month-to-Month,Manual-Online,Home Internet,Email,Speed Issue,69,76.32,5024.59,87.36,7,True,67,1,Agent was unhelpful,Negative,0.1953,100,1,72.82,0.1,Platinum,0.5422,2024-01-03
CUST03269,Midwest,Premium,2-Year,Manual-Online,Business Line,Phone,Contract Issue,2,236.97,479.33,52.13,10,True,-34,4,Excellent support experience,Positive,0.614,76.8,1,239.66,3.3333,Bronze,0.6655,2022-02-13
CUST03270,Northeast,Standard,2-Year,Auto-Pay,Smartphone,Chat,Billing Dispute,27,227.08,6128.1,48.5,2,False,43,1,No accountability at all,Negative,0.2475,100,1,226.97,0.0714,Silver,0.4502,2023-06-10
CUST03271,Midwest,Basic,1-Year,Manual-Online,Home Internet,In-Store,No Issue,53,106.04,4943.14,88.14,9,True,-10,1,Poor network reliability,Negative,0.0399,100,1,93.27,0.1667,Gold,0.4075,2022-08-27
CUST03272,Midwest,Standard,1-Year,Manual-Online,Home Internet,Email,Plan Change,21,244.76,4444.04,71.49,12,False,-71,4,Agent was very helpful,Positive,0.8424,88.2,1,211.62,0.5455,Silver,0.5508,2023-01-24
CUST03273,Southeast,Basic,Month-to-Month,Auto-Pay,Home Internet,Chat,Billing Dispute,57,131.4,7741.28,35.95,12,True,38,2,No accountability at all,Negative,0.2731,100,1,135.81,0.2069,Gold,0.5915,2023-06-28
CUST03274,Southwest,Basic,1-Year,In-Store,Smartphone,In-Store,Plan Change,26,50.93,1160.52,25.39,3,True,74,2,Problem kept recurring,Negative,0.1132,100,1,44.64,0.1111,Silver,0.6545,2022-07-31
CUST03275,West,Premium,Month-to-Month,Auto-Pay,Tablet,In-Store,Speed Issue,14,95.59,1239.17,67.77,13,False,35,5,Great network coverage,Positive,0.6748,39.0,0,88.51,0.8667,Silver,0.8362,2023-01-24
CUST03276,Southwest,Enterprise,2-Year,Manual-Online,Tablet,In-Store,Plan Change,51,37.06,1913.58,35.49,13,True,-8,3,Service was okay,Neutral,0.3204,100,1,37.52,0.25,Gold,0.611,2022-05-16
CUST03277,Southwest,Basic,1-Year,In-Store,Tablet,Email,Network Outage,44,156.86,6193.2,1.9,12,True,-31,5,Seamless experience overall,Positive,0.6232,50.2,0,140.75,0.2667,Gold,0.7708,2023-08-17
CUST03278,Midwest,Premium,2-Year,Auto-Pay,Hotspot,Email,Network Outage,10,30.99,265.74,91.58,15,True,61,4,Agent went above and beyond,Positive,0.6089,67.8,0,26.57,1.3636,Bronze,0.8317,2023-08-13
CUST03279,Southeast,Basic,Month-to-Month,Auto-Pay,Smartphone,Chat,Speed Issue,53,149.08,7678.03,43.09,2,True,-85,5,Outstanding customer care,Positive,0.8205,41.0,0,144.87,0.037,Gold,0.6763,2023-10-05
CUST03280,Midwest,Standard,1-Year,In-Store,Home Internet,App,Device Problem,19,70.21,1298.59,114.38,10,True,-28,1,Very disappointed with service,Negative,0.1042,100,1,68.35,0.5,Silver,0.376,2024-02-23
CUST03281,West,Standard,2-Year,Manual-Online,Business Line,Phone,Contract Issue,83,120.52,9649.81,4.92,0,False,-36,5,Seamless experience overall,Positive,0.6567,27.2,0,116.26,0.0,Platinum,0.712,2023-05-08
CUST03282,Midwest,Standard,2-Year,In-Store,Smartphone,In-Store,Speed Issue,82,60.51,4519.39,58.49,1,True,33,2,Problem kept recurring,Negative,0.1172,100,1,55.11,0.012,Platinum,0.5827,2024-08-04
CUST03283,Southeast,Standard,1-Year,In-Store,Tablet,App,Network Outage,59,215.36,11580.39,67.46,4,False,95,2,Terrible wait times,Negative,0.0175,99.0,1,196.28,0.0667,Gold,0.6413,2023-03-03
CUST03284,Midwest,Standard,1-Year,Manual-Online,Tablet,Phone,No Issue,1,45.68,47.01,49.89,13,False,-7,1,Very disappointed with service,Negative,0.2382,100,1,47.01,6.5,Bronze,0.3628,2023-11-01
CUST03285,Midwest,Basic,2-Year,In-Store,Tablet,Chat,Network Outage,75,138.89,10614.21,97.87,3,True,-30,3,Service was okay,Neutral,0.4091,92.0,1,141.52,0.0395,Platinum,0.5725,2022-03-30
CUST03286,Southwest,Basic,2-Year,Manual-Online,Hotspot,Chat,Contract Issue,75,214.53,15918.8,7.53,15,False,28,3,Got what I needed but took a while,Neutral,0.4121,100,1,212.25,0.1974,Platinum,0.624,2024-12-03
CUST03287,Midwest,Standard,Month-to-Month,In-Store,Tablet,In-Store,Device Problem,50,144.96,6838.58,44.58,13,True,-21,2,Problem kept recurring,Negative,0.1481,100,1,136.77,0.2549,Gold,0.4882,2022-02-17
CUST03288,Northeast,Standard,Month-to-Month,In-Store,Tablet,In-Store,No Issue,57,98.66,5094.23,103.11,5,True,8,4,Very happy with service,Positive,0.8452,58.4,0,89.37,0.0862,Gold,0.739,2023-12-29
CUST03289,Southeast,Standard,2-Year,Auto-Pay,Hotspot,App,Plan Change,58,46.65,2455.56,89.86,7,True,16,4,Seamless experience overall,Positive,0.8491,60.8,0,42.34,0.1186,Gold,0.753,2022-09-04
CUST03290,Southeast,Premium,Month-to-Month,In-Store,Business Line,Phone,Plan Change,50,186.45,8321.53,18.44,7,True,25,3,Expected better response time,Neutral,0.3654,89.0,1,166.43,0.1373,Gold,0.6687,2024-08-14
CUST03291,Southeast,Premium,1-Year,Mail,Home Internet,Phone,Billing Dispute,56,100.45,5384.79,61.6,14,False,-9,3,Got what I needed but took a while,Neutral,0.5569,100,1,96.16,0.2456,Gold,0.5593,2022-05-19
CUST03292,Midwest,Enterprise,Month-to-Month,Auto-Pay,Tablet,In-Store,No Issue,66,233.89,16206.93,111.78,8,True,63,2,No accountability at all,Negative,0.2563,100,1,245.56,0.1194,Platinum,0.6352,2023-02-13
CUST03293,West,Enterprise,1-Year,Auto-Pay,Business Line,Chat,Device Problem,41,35.18,1340.21,12.8,11,True,-7,1,Billing overcharge not fixed,Negative,0.242,100,1,32.69,0.2619,Gold,0.4128,2022-09-09
CUST03294,Southwest,Enterprise,2-Year,Mail,Smartphone,Chat,Speed Issue,72,146.1,8999.2,59.07,14,True,51,4,Excellent support experience,Positive,0.8917,67.8,1,124.99,0.1918,Platinum,0.8143,2024-04-29
CUST03295,Southwest,Standard,2-Year,Auto-Pay,Hotspot,In-Store,Network Outage,83,222.09,16354.61,47.45,11,True,99,1,Problem kept recurring,Negative,0.1252,100,1,197.04,0.131,Platinum,0.5982,2022-01-22
CUST03296,Midwest,Premium,Month-to-Month,In-Store,Tablet,In-Store,Plan Change,17,191.57,3273.28,72.95,9,False,-79,5,Very happy with service,Positive,0.877,53.8,0,192.55,0.5,Silver,0.6368,2023-05-22
CUST03297,Southeast,Enterprise,2-Year,Auto-Pay,Smartphone,In-Store,No Issue,32,57.71,1920.63,44.49,4,True,-54,2,Agent was unhelpful,Negative,0.2582,100,1,60.02,0.1212,Silver,0.4305,2024-11-07
CUST03298,Southwest,Basic,1-Year,Mail,Hotspot,Phone,Billing Dispute,57,60.28,3570.17,88.72,8,False,-47,1,No accountability at all,Negative,0.2076,100,1,62.63,0.1379,Gold,0.2928,2024-07-20
CUST03299,Northeast,Basic,2-Year,Mail,Business Line,Phone,Speed Issue,3,180.16,491.94,36.13,6,True,40,1,Issue still not resolved,Negative,0.0446,100,1,163.98,1.5,Bronze,0.495,2023-08-22
CUST03300,West,Basic,2-Year,Mail,Tablet,Email,No Issue,14,81.9,1123.96,96.36,10,True,77,1,Worst customer service experience,Negative,0.0762,100,1,80.28,0.6667,Silver,0.5597,2024-09-15
CUST03301,Northeast,Enterprise,2-Year,Manual-Online,Business Line,Email,Network Outage,53,150.62,6962.09,11.49,10,True,92,5,Outstanding customer care,Positive,0.8211,21.6,0,131.36,0.1852,Gold,0.986,2022-01-18
CUST03302,West,Standard,Month-to-Month,Mail,Business Line,Email,Contract Issue,45,176.61,7578.74,40.18,9,True,-55,2,Problem kept recurring,Negative,0.2938,100,1,168.42,0.1957,Gold,0.4288,2022-01-12
CUST03303,Southeast,Basic,2-Year,Auto-Pay,Home Internet,In-Store,No Issue,63,57.82,3225.09,71.28,9,True,-31,3,Issue eventually resolved,Neutral,0.5136,100,1,51.19,0.1406,Platinum,0.5707,2022-03-20
CUST03304,West,Enterprise,1-Year,In-Store,Tablet,Chat,Contract Issue,1,217.15,226.55,23.88,13,True,85,3,Could be improved,Neutral,0.3309,89.0,1,226.55,6.5,Bronze,0.7737,2024-11-28
CUST03305,Midwest,Standard,1-Year,Mail,Hotspot,Email,Network Outage,30,131.23,3534.0,26.08,8,False,-68,3,Got what I needed but took a while,Neutral,0.4561,100,1,117.8,0.2581,Silver,0.456,2024-11-09
CUST03306,Southeast,Standard,Month-to-Month,In-Store,Tablet,Email,Billing Dispute,24,240.56,5117.52,112.16,8,False,63,5,Very happy with service,Positive,0.677,23.4,0,213.23,0.32,Silver,0.8852,2024-11-26
CUST03307,Midwest,Enterprise,Month-to-Month,Manual-Online,Home Internet,Chat,Speed Issue,68,223.97,15625.27,85.76,10,True,-59,2,Poor network reliability,Negative,0.2937,100,1,229.78,0.1449,Platinum,0.4218,2022-04-03
CUST03308,Northeast,Premium,Month-to-Month,Manual-Online,Tablet,Email,Network Outage,7,71.29,491.83,65.85,6,True,-5,2,Very disappointed with service,Negative,0.2382,100,1,70.26,0.75,Bronze,0.5162,2022-09-14
CUST03309,Northeast,Premium,2-Year,Mail,Tablet,App,Network Outage,52,113.06,5662.57,77.15,6,False,-14,5,Agent went above and beyond,Positive,0.8923,34.8,0,108.9,0.1132,Gold,0.7505,2023-09-15
CUST03310,Southwest,Basic,2-Year,Mail,Business Line,Email,No Issue,15,214.71,3194.72,107.64,9,True,85,3,Average experience,Neutral,0.4789,81.0,1,212.98,0.5625,Silver,0.7737,2024-10-16
CUST03311,West,Standard,1-Year,In-Store,Business Line,Email,No Issue,20,149.15,2588.49,78.03,12,True,1,4,Problem resolved quickly,Positive,0.9254,73.8,1,129.42,0.5714,Silver,0.7268,2023-01-14
CUST03312,Southwest,Basic,2-Year,Auto-Pay,Smartphone,Email,Speed Issue,15,113.4,1504.44,73.07,14,False,-99,3,Decent support,Neutral,0.5001,100,1,100.3,0.875,Silver,0.4018,2022-08-22
CUST03313,Northeast,Premium,Month-to-Month,Mail,Hotspot,Email,Device Problem,51,107.73,5743.92,111.46,13,False,75,3,Service was okay,Neutral,0.4374,91.0,1,112.63,0.25,Gold,0.7063,2023-04-08
CUST03314,Midwest,Basic,Month-to-Month,Manual-Online,Hotspot,Email,Device Problem,22,210.73,4141.08,36.94,10,False,-16,1,No accountability at all,Negative,0.0461,100,1,188.23,0.4348,Silver,0.347,2023-03-14
CUST03315,Northeast,Premium,1-Year,Mail,Smartphone,Email,Plan Change,55,128.43,7389.24,98.47,13,True,-58,3,Acceptable service,Neutral,0.505,100,1,134.35,0.2321,Gold,0.5235,2023-04-17
CUST03316,Midwest,Premium,Month-to-Month,In-Store,Home Internet,In-Store,No Issue,75,215.52,15619.11,88.86,6,True,-5,2,Issue still not resolved,Negative,0.2422,100,1,208.25,0.0789,Platinum,0.5162,2023-04-04
CUST03317,West,Standard,1-Year,Manual-Online,Business Line,Chat,Plan Change,29,48.48,1401.29,84.51,13,False,76,3,Decent support,Neutral,0.5336,90.8,1,48.32,0.4333,Silver,0.708,2024-07-06
CUST03318,Southwest,Enterprise,2-Year,Mail,Tablet,Phone,Billing Dispute,59,43.92,2247.5,12.56,8,True,-71,5,Agent was very helpful,Positive,0.7576,50.2,0,38.09,0.1333,Gold,0.7007,2024-10-17
CUST03319,Northeast,Enterprise,2-Year,Auto-Pay,Smartphone,Email,Network Outage,74,152.33,10623.81,114.33,0,True,92,3,Issue eventually resolved,Neutral,0.4733,61.6,0,143.56,0.0,Platinum,0.786,2023-09-05
CUST03320,Southwest,Premium,2-Year,Auto-Pay,Smartphone,In-Store,Speed Issue,22,115.89,2325.98,17.88,14,True,-93,3,Average experience,Neutral,0.5504,100,1,105.73,0.6087,Silver,0.4623,2024-12-08
CUST03321,Midwest,Standard,2-Year,Mail,Smartphone,App,Billing Dispute,7,193.51,1245.03,82.34,7,True,42,5,Excellent support experience,Positive,0.6148,25.6,0,177.86,0.875,Bronze,0.8985,2023-09-30
CUST03322,Southwest,Standard,1-Year,Mail,Smartphone,Chat,No Issue,20,149.25,2751.44,80.43,14,True,2,2,Terrible wait times,Negative,0.0158,100,1,137.57,0.6667,Silver,0.5285,2022-05-27
CUST03323,Northeast,Enterprise,1-Year,Mail,Smartphone,Email,Contract Issue,17,192.2,3011.91,82.77,0,True,-18,3,Got what I needed but took a while,Neutral,0.3813,83.6,1,177.17,0.0,Silver,0.5935,2024-12-17
CUST03324,Southeast,Standard,1-Year,In-Store,Business Line,App,Device Problem,51,238.55,11953.95,64.99,13,True,95,5,Outstanding customer care,Positive,0.6303,27.0,0,234.39,0.25,Gold,0.9912,2022-12-26
CUST03325,Northeast,Standard,Month-to-Month,In-Store,Business Line,In-Store,Billing Dispute,45,162.49,7155.83,91.11,1,False,-63,4,Agent was very helpful,Positive,0.6903,64.6,0,159.02,0.0217,Gold,0.5648,2022-10-13
CUST03326,West,Premium,2-Year,Manual-Online,Home Internet,Chat,Billing Dispute,32,216.13,7243.16,95.65,15,True,81,3,Got what I needed but took a while,Neutral,0.3485,93.8,1,226.35,0.4545,Silver,0.7668,2024-11-04
CUST03327,Midwest,Enterprise,2-Year,In-Store,Hotspot,App,Device Problem,6,192.45,993.67,52.25,13,True,-32,4,Outstanding customer care,Positive,0.8058,82.4,1,165.61,1.8571,Bronze,0.669,2024-11-15
CUST03328,Midwest,Enterprise,2-Year,Auto-Pay,Smartphone,In-Store,No Issue,55,140.66,7432.88,91.55,14,False,34,5,Highly satisfied with resolution,Positive,0.6923,41.2,0,135.14,0.25,Gold,0.8345,2022-10-08
CUST03329,Midwest,Enterprise,1-Year,Manual-Online,Business Line,Phone,Billing Dispute,30,171.11,5320.31,105.07,6,True,-4,1,No accountability at all,Negative,0.2776,100,1,177.34,0.1935,Silver,0.418,2024-03-24
CUST03330,Northeast,Premium,2-Year,Mail,Hotspot,Phone,No Issue,25,220.29,5270.5,54.48,0,True,15,1,No accountability at all,Negative,0.13,100,1,210.82,0.0,Silver,0.4512,2022-02-13
CUST03331,West,Premium,1-Year,Auto-Pay,Tablet,Chat,Speed Issue,53,104.32,5060.74,38.78,12,True,76,4,Problem resolved quickly,Positive,0.7563,58.8,0,95.49,0.2222,Gold,0.858,2022-08-21
CUST03332,Southeast,Standard,2-Year,Manual-Online,Tablet,Phone,No Issue,8,229.16,1913.24,22.79,1,True,25,5,Very professional support team,Positive,0.8196,17.0,0,239.16,0.1111,Bronze,0.8688,2023-01-16
CUST03333,Northeast,Premium,2-Year,Mail,Business Line,Phone,Device Problem,6,231.39,1205.78,28.58,10,False,79,5,Problem resolved quickly,Positive,0.8961,24.2,0,200.96,1.4286,Bronze,0.9132,2024-08-22
CUST03334,Midwest,Basic,Month-to-Month,Manual-Online,Business Line,Phone,Plan Change,80,58.54,4125.68,3.86,7,True,13,1,Terrible wait times,Negative,0.265,100,1,51.57,0.0864,Platinum,0.4477,2023-07-02
CUST03335,Northeast,Premium,Month-to-Month,Mail,Hotspot,App,Contract Issue,11,233.53,2225.03,27.88,4,True,-50,4,Outstanding customer care,Positive,0.8493,68.0,1,202.28,0.3333,Bronze,0.6375,2022-10-30
CUST03336,West,Standard,Month-to-Month,Manual-Online,Business Line,Chat,Contract Issue,3,187.13,501.67,30.72,6,True,11,4,Problem resolved quickly,Positive,0.9777,59.8,0,167.22,1.5,Bronze,0.7443,2024-04-08
CUST03337,Northeast,Premium,2-Year,Auto-Pay,Hotspot,In-Store,Contract Issue,53,46.83,2252.93,44.41,13,True,71,3,Acceptable service,Neutral,0.3334,91.8,1,42.51,0.2407,Gold,0.7492,2022-06-03
CUST03338,Northeast,Enterprise,2-Year,In-Store,Tablet,App,Network Outage,22,234.76,4455.6,74.83,10,True,64,2,Very disappointed with service,Negative,0.2987,100,1,202.53,0.4348,Silver,0.637,2024-11-26
CUST03339,Northeast,Basic,1-Year,Manual-Online,Tablet,Phone,Contract Issue,19,173.85,3390.28,81.05,15,True,89,4,Great network coverage,Positive,0.6948,62.2,0,178.44,0.75,Silver,0.8808,2022-03-12
CUST03340,Northeast,Premium,1-Year,Auto-Pay,Smartphone,App,Plan Change,27,97.54,2733.8,30.79,10,True,24,3,Waited longer than expected,Neutral,0.5274,95.2,1,101.25,0.3571,Silver,0.667,2022-07-08
CUST03341,West,Premium,2-Year,In-Store,Home Internet,In-Store,Billing Dispute,20,77.32,1354.83,80.77,6,True,-86,5,Excellent support experience,Positive,0.7497,49.2,0,67.74,0.2857,Silver,0.6745,2022-05-21
CUST03342,Southwest,Basic,Month-to-Month,In-Store,Tablet,App,Device Problem,74,184.87,12107.02,114.74,9,True,-93,2,Billing overcharge not fixed,Negative,0.0433,100,1,163.61,0.12,Platinum,0.3623,2022-04-05
CUST03343,Midwest,Enterprise,Month-to-Month,Auto-Pay,Smartphone,In-Store,No Issue,21,123.23,2489.67,34.51,2,False,100,4,Agent went above and beyond,Positive,0.9336,34.0,0,118.56,0.0909,Silver,0.85,2024-04-29
CUST03344,Northeast,Enterprise,1-Year,Mail,Tablet,App,Device Problem,17,189.24,2747.29,21.25,15,True,81,5,Excellent support experience,Positive,0.6232,33.8,0,161.61,0.8333,Silver,0.9667,2022-07-11
CUST03345,Midwest,Basic,Month-to-Month,Auto-Pay,Business Line,Phone,Speed Issue,76,169.79,11514.53,47.04,3,True,22,4,Great network coverage,Positive,0.6644,51.6,0,151.51,0.039,Platinum,0.7635,2023-10-28
CUST03346,Northeast,Premium,Month-to-Month,Auto-Pay,Smartphone,Email,Plan Change,54,237.15,12996.16,33.64,0,True,-89,5,Outstanding customer care,Positive,0.8573,37.8,0,240.67,0.0,Gold,0.6693,2023-11-16
CUST03347,Northeast,Enterprise,2-Year,Auto-Pay,Hotspot,Phone,No Issue,7,197.12,1305.15,100.92,14,False,-16,2,Poor network reliability,Negative,0.0496,100,1,186.45,1.75,Bronze,0.447,2024-12-05
CUST03348,Midwest,Premium,Month-to-Month,Manual-Online,Tablet,Phone,Speed Issue,71,173.46,12590.79,82.32,2,True,-45,4,Seamless experience overall,Positive,0.606,63.0,0,177.34,0.0278,Platinum,0.6462,2022-10-18
CUST03349,Southeast,Standard,1-Year,Manual-Online,Tablet,Email,No Issue,4,126.05,475.81,80.64,11,False,-87,5,Great network coverage,Positive,0.6807,59.4,0,118.95,2.2,Bronze,0.6228,2024-11-05
CUST03350,West,Basic,1-Year,Auto-Pay,Home Internet,Chat,Speed Issue,29,105.16,2762.76,97.23,9,True,83,5,Very professional support team,Positive,0.6605,21.4,0,95.27,0.3,Silver,0.9703,2023-09-22
CUST03351,Midwest,Premium,1-Year,In-Store,Home Internet,Email,Contract Issue,30,73.08,1964.64,33.4,0,True,-89,3,Issue eventually resolved,Neutral,0.4503,97.8,1,65.49,0.0,Silver,0.4693,2024-01-08
CUST03352,Southwest,Premium,Month-to-Month,In-Store,Smartphone,In-Store,Network Outage,78,63.43,5146.46,64.71,1,True,56,1,Billing overcharge not fixed,Negative,0.2321,100,1,65.98,0.0127,Platinum,0.523,2024-06-26
CUST03353,Southeast,Standard,Month-to-Month,Auto-Pay,Tablet,App,No Issue,27,183.37,4585.63,103.33,11,True,3,5,Highly satisfied with resolution,Positive,0.947,41.4,0,169.84,0.3929,Silver,0.8303,2022-05-02
CUST03354,Southeast,Standard,Month-to-Month,Auto-Pay,Hotspot,Phone,Plan Change,39,196.19,7963.02,81.23,4,False,52,3,Average experience,Neutral,0.5867,77.6,0,204.18,0.1,Gold,0.666,2023-07-28
CUST03355,West,Premium,Month-to-Month,Manual-Online,Hotspot,App,Billing Dispute,33,125.64,4046.14,6.31,8,True,86,4,Very professional support team,Positive,0.9618,48.8,0,122.61,0.2353,Silver,0.8755,2023-04-08
CUST03356,Midwest,Basic,Month-to-Month,Mail,Home Internet,Chat,No Issue,84,122.65,8880.65,88.58,7,True,12,2,Will consider switching providers,Negative,0.2179,100,1,105.72,0.0824,Platinum,0.546,2024-05-31
CUST03357,Southeast,Standard,Month-to-Month,In-Store,Hotspot,Phone,Contract Issue,31,216.94,6773.77,103.78,10,True,-74,4,Agent was very helpful,Positive,0.9269,84.8,1,218.51,0.3125,Silver,0.5955,2024-02-09
CUST03358,Northeast,Standard,2-Year,Manual-Online,Hotspot,Chat,Contract Issue,7,37.23,237.82,24.48,10,True,36,2,Very disappointed with service,Negative,0.0555,100,1,33.97,1.25,Bronze,0.588,2024-08-26
CUST03359,Midwest,Basic,2-Year,Mail,Hotspot,In-Store,Contract Issue,67,188.94,12962.19,109.92,11,True,60,5,Very happy with service,Positive,0.883,30.0,0,193.47,0.1618,Platinum,0.93,2022-11-24
CUST03360,West,Premium,Month-to-Month,Auto-Pay,Hotspot,App,Network Outage,69,185.99,11670.49,47.13,7,True,-27,4,Very professional support team,Positive,0.972,69.4,1,169.14,0.1,Platinum,0.6778,2024-09-20
CUST03361,Southwest,Enterprise,2-Year,Manual-Online,Business Line,Phone,Billing Dispute,45,111.1,4330.08,117.04,11,False,-99,3,Expected better response time,Neutral,0.521,100,1,96.22,0.2391,Gold,0.4018,2023-04-19
CUST03362,Northeast,Premium,Month-to-Month,In-Store,Business Line,Email,Plan Change,15,109.56,1583.29,110.22,4,False,32,4,Outstanding customer care,Positive,0.7164,51.6,0,105.55,0.25,Silver,0.731,2023-05-05
CUST03363,West,Standard,Month-to-Month,In-Store,Smartphone,Phone,Plan Change,3,80.0,204.97,65.85,0,True,55,1,Billing overcharge not fixed,Negative,0.0037,100,1,68.32,0.0,Bronze,0.5212,2023-12-07
CUST03364,Midwest,Enterprise,2-Year,Mail,Tablet,Chat,No Issue,54,229.37,11153.2,37.37,9,True,-85,3,Decent support,Neutral,0.5794,100,1,206.54,0.1636,Gold,0.4763,2024-09-07
CUST03365,Midwest,Premium,Month-to-Month,Manual-Online,Tablet,App,Network Outage,68,169.74,11099.83,110.98,2,True,17,1,Terrible wait times,Negative,0.2052,100,1,163.23,0.029,Platinum,0.4547,2022-03-01
CUST03366,West,Standard,Month-to-Month,Mail,Smartphone,Email,Device Problem,29,106.7,2812.23,64.55,13,False,-46,5,Seamless experience overall,Positive,0.6709,55.2,0,96.97,0.4333,Silver,0.6945,2023-03-05
CUST03367,Southeast,Standard,2-Year,Manual-Online,Tablet,Phone,Device Problem,8,98.67,712.25,105.32,4,False,77,3,Got what I needed but took a while,Neutral,0.4058,72.6,0,89.03,0.4444,Bronze,0.7097,2023-10-25
CUST03368,Southwest,Standard,1-Year,In-Store,Business Line,Chat,Network Outage,31,188.64,5260.55,4.47,3,True,65,3,Service was okay,Neutral,0.5453,73.0,1,169.7,0.0938,Silver,0.7388,2022-07-10
CUST03369,Midwest,Standard,2-Year,Manual-Online,Home Internet,Phone,Device Problem,82,200.31,14837.32,69.81,8,True,27,1,Issue still not resolved,Negative,0.2166,100,1,180.94,0.0964,Platinum,0.4722,2022-10-23
CUST03370,Midwest,Basic,1-Year,Manual-Online,Smartphone,Email,Device Problem,13,81.11,970.31,53.1,7,False,-85,2,Terrible wait times,Negative,0.0966,100,1,74.64,0.5,Silver,0.3263,2024-03-11
CUST03371,Southeast,Premium,2-Year,Auto-Pay,Hotspot,Chat,No Issue,83,107.76,9352.03,80.03,1,False,-36,5,Agent was very helpful,Positive,0.6576,29.2,0,112.68,0.0119,Platinum,0.712,2023-01-22
CUST03372,Southwest,Enterprise,1-Year,In-Store,Tablet,App,Contract Issue,47,184.59,8482.87,13.65,0,True,96,4,Outstanding customer care,Positive,0.7268,30.8,0,180.49,0.0,Gold,0.893,2024-07-15
CUST03373,Midwest,Premium,1-Year,In-Store,Business Line,App,Network Outage,48,33.91,1523.32,23.65,7,False,76,2,Agent was unhelpful,Negative,0.1121,100,1,31.74,0.1429,Gold,0.608,2023-04-18
CUST03374,West,Basic,Month-to-Month,Auto-Pay,Hotspot,In-Store,Network Outage,7,139.78,958.67,7.9,10,True,-95,3,Acceptable service,Neutral,0.577,100,1,136.95,1.25,Bronze,0.4587,2024-03-14
CUST03375,Southeast,Standard,Month-to-Month,Auto-Pay,Smartphone,Phone,Device Problem,46,181.35,8663.35,60.16,15,True,74,3,Got what I needed but took a while,Neutral,0.418,95.2,1,188.33,0.3191,Gold,0.7545,2023-04-12
CUST03376,Midwest,Standard,Month-to-Month,Mail,Smartphone,App,Network Outage,39,40.15,1616.47,61.4,14,True,99,1,Will consider switching providers,Negative,0.0611,100,1,41.45,0.35,Gold,0.5982,2024-03-12
CUST03377,Midwest,Enterprise,2-Year,Manual-Online,Hotspot,Phone,Plan Change,44,220.92,8580.9,13.52,10,True,-62,4,Agent went above and beyond,Positive,0.7818,82.4,1,195.02,0.2222,Gold,0.6165,2022-06-16
CUST03378,Southwest,Standard,1-Year,Mail,Smartphone,Chat,Network Outage,56,44.36,2157.37,47.1,7,True,-64,1,Problem kept recurring,Negative,0.1948,100,1,38.52,0.1228,Gold,0.313,2024-07-06
CUST03379,Midwest,Premium,Month-to-Month,In-Store,Hotspot,In-Store,Device Problem,23,35.3,735.59,27.84,7,False,87,4,Very professional support team,Positive,0.9139,46.6,0,31.98,0.2917,Silver,0.8273,2024-07-23
CUST03380,Southwest,Basic,2-Year,Mail,Tablet,In-Store,Device Problem,20,204.25,3695.48,69.5,1,False,-44,1,Problem kept recurring,Negative,0.1769,100,1,184.77,0.0476,Silver,0.298,2022-12-21
CUST03381,Southeast,Standard,2-Year,Auto-Pay,Home Internet,App,Device Problem,27,176.14,4389.57,50.83,5,True,-73,5,Seamless experience overall,Positive,0.8216,44.6,0,162.58,0.1786,Silver,0.6973,2022-07-31
CUST03382,West,Standard,1-Year,Mail,Home Internet,Phone,Speed Issue,15,234.3,3235.64,82.58,14,True,-24,3,Got what I needed but took a while,Neutral,0.457,100,1,215.71,0.875,Silver,0.583,2022-01-05
CUST03383,Northeast,Premium,1-Year,In-Store,Home Internet,App,Network Outage,75,81.49,5986.4,93.3,3,False,5,2,Will consider switching providers,Negative,0.2835,100,1,79.82,0.0395,Platinum,0.4838,2024-06-30
CUST03384,Southwest,Standard,2-Year,Mail,Business Line,In-Store,Network Outage,83,207.45,16105.62,89.59,14,False,-41,5,Agent went above and beyond,Positive,0.7543,56.2,0,194.04,0.1667,Platinum,0.7032,2024-02-02
CUST03385,Southeast,Enterprise,Month-to-Month,Mail,Smartphone,Chat,No Issue,58,109.46,5410.57,2.08,8,True,81,2,Agent was unhelpful,Negative,0.2342,100,1,93.29,0.1356,Gold,0.6667,2022-04-15
CUST03386,Northeast,Basic,1-Year,In-Store,Tablet,App,Contract Issue,17,30.97,551.3,77.42,0,False,23,5,Great network coverage,Positive,0.8905,15.4,0,32.43,0.0,Silver,0.8153,2024-04-03
CUST03387,Northeast,Standard,1-Year,Mail,Smartphone,In-Store,Device Problem,34,38.82,1167.06,77.25,4,True,-63,2,Poor network reliability,Negative,0.2038,100,1,34.33,0.1143,Silver,0.4148,2023-08-26
CUST03388,West,Enterprise,Month-to-Month,Mail,Hotspot,Chat,Device Problem,47,153.53,6707.9,119.14,12,True,27,1,Agent was unhelpful,Negative,0.1633,100,1,142.72,0.25,Gold,0.4722,2024-12-21
CUST03389,Southeast,Standard,2-Year,Manual-Online,Tablet,App,Speed Issue,4,166.97,662.79,23.28,12,True,16,4,Very professional support team,Positive,0.8231,70.8,1,165.7,2.4,Bronze,0.753,2024-07-06
CUST03390,West,Premium,Month-to-Month,Mail,Tablet,Email,Plan Change,71,240.1,17733.04,81.81,14,True,84,3,Average experience,Neutral,0.3144,91.2,1,249.76,0.1944,Platinum,0.772,2022-10-01
CUST03391,West,Premium,1-Year,In-Store,Tablet,App,Device Problem,59,187.7,11234.78,108.36,3,True,79,4,Agent went above and beyond,Positive,0.8162,40.2,0,190.42,0.05,Gold,0.8633,2024-09-30
CUST03392,Southeast,Basic,2-Year,Auto-Pay,Smartphone,Chat,Device Problem,73,133.61,9074.14,113.03,1,True,-55,2,Agent was unhelpful,Negative,0.2067,100,1,124.3,0.0135,Platinum,0.4288,2024-05-30
CUST03393,Midwest,Standard,Month-to-Month,Manual-Online,Tablet,Phone,Speed Issue,41,69.74,2447.37,37.98,5,True,-14,4,Agent was very helpful,Positive,0.8533,62.8,0,59.69,0.119,Gold,0.7005,2022-08-11
CUST03394,Southeast,Basic,Month-to-Month,In-Store,Hotspot,Chat,Plan Change,33,53.29,1805.71,68.73,12,True,-34,3,Nothing exceptional,Neutral,0.3293,100,1,54.72,0.3529,Silver,0.5655,2024-03-08
CUST03395,Midwest,Enterprise,2-Year,Manual-Online,Home Internet,Email,No Issue,78,236.79,15795.65,72.33,5,False,-63,5,Very professional support team,Positive,0.9236,42.6,0,202.51,0.0633,Platinum,0.6647,2024-01-30
CUST03396,West,Standard,Month-to-Month,Manual-Online,Smartphone,Email,Contract Issue,26,218.13,5280.44,36.63,5,True,35,5,Very professional support team,Positive,0.716,23.0,0,203.09,0.1852,Silver,0.8862,2022-03-22
CUST03397,Southwest,Basic,1-Year,Auto-Pay,Business Line,App,Network Outage,29,203.39,5570.85,8.12,9,True,26,1,Agent was unhelpful,Negative,0.1979,100,1,192.1,0.3,Silver,0.4705,2023-06-04
CUST03398,West,Basic,1-Year,Mail,Business Line,Email,Plan Change,4,71.65,249.37,77.69,14,False,58,1,No accountability at all,Negative,0.2229,100,1,62.34,2.8,Bronze,0.4765,2023-11-13
CUST03399,Northeast,Premium,Month-to-Month,In-Store,Tablet,App,Device Problem,83,239.42,17804.73,89.53,14,False,-49,2,Very disappointed with service,Negative,0.2601,100,1,214.51,0.1667,Platinum,0.3892,2023-06-02
CUST03400,Northeast,Premium,2-Year,Manual-Online,Tablet,In-Store,Contract Issue,83,236.88,20199.04,76.64,3,True,-33,2,Poor network reliability,Negative,0.2795,100,1,243.36,0.0357,Platinum,0.4672,2022-03-10
CUST03401,Southwest,Enterprise,1-Year,Mail,Tablet,Phone,Network Outage,34,153.59,4985.9,74.24,9,True,-77,1,Problem kept recurring,Negative,0.1934,100,1,146.64,0.2571,Silver,0.2903,2024-03-23
CUST03402,West,Premium,1-Year,Manual-Online,Tablet,Email,Billing Dispute,81,85.06,6315.76,50.95,14,True,-78,2,Poor network reliability,Negative,0.0347,100,1,77.97,0.1707,Platinum,0.3885,2024-07-27
CUST03403,Southwest,Standard,1-Year,Mail,Home Internet,Chat,Device Problem,36,40.66,1340.08,85.74,1,True,96,3,Got what I needed but took a while,Neutral,0.4562,62.8,0,37.22,0.027,Gold,0.793,2023-07-09
CUST03404,Northeast,Enterprise,Month-to-Month,Mail,Tablet,Email,Billing Dispute,51,154.28,8112.48,97.39,8,True,-42,2,Very disappointed with service,Negative,0.2738,100,1,159.07,0.1538,Gold,0.4515,2022-07-30
CUST03405,Midwest,Basic,2-Year,Manual-Online,Tablet,App,Plan Change,26,39.85,912.11,9.99,7,True,18,1,Terrible wait times,Negative,0.2364,100,1,35.08,0.2593,Silver,0.4565,2022-03-27
CUST03406,Southeast,Enterprise,Month-to-Month,Mail,Tablet,App,Speed Issue,25,37.66,826.55,55.44,8,True,-69,2,Issue still not resolved,Negative,0.1844,100,1,33.06,0.3077,Silver,0.4042,2022-10-26
CUST03407,Southwest,Premium,1-Year,Mail,Home Internet,App,Contract Issue,31,56.27,1798.15,5.71,4,False,31,4,Problem resolved quickly,Positive,0.9878,51.8,0,58.0,0.125,Silver,0.7292,2023-08-30
CUST03408,Southwest,Enterprise,1-Year,In-Store,Home Internet,Chat,Network Outage,68,214.85,15317.54,112.2,11,True,100,2,Issue still not resolved,Negative,0.0107,100,1,225.26,0.1594,Platinum,0.7,2023-11-10
CUST03409,Southeast,Basic,1-Year,Auto-Pay,Hotspot,In-Store,No Issue,51,133.82,6556.7,41.15,14,True,-46,3,Average experience,Neutral,0.4823,100,1,128.56,0.2692,Gold,0.5445,2024-11-30
CUST03410,Northeast,Basic,1-Year,Manual-Online,Tablet,App,Contract Issue,42,167.85,6349.67,74.78,10,True,-26,3,Acceptable service,Neutral,0.3971,100,1,151.18,0.2326,Gold,0.5795,2023-06-19
CUST03411,Southwest,Premium,2-Year,Auto-Pay,Home Internet,App,Billing Dispute,40,82.86,3337.1,57.53,9,True,96,3,Got what I needed but took a while,Neutral,0.3116,78.8,1,83.43,0.2195,Gold,0.793,2024-03-05
CUST03412,Southwest,Basic,2-Year,In-Store,Business Line,Email,Billing Dispute,45,179.49,7079.94,117.13,0,True,-100,4,Problem resolved quickly,Positive,0.6204,70.0,1,157.33,0.0,Gold,0.55,2024-10-27
CUST03413,Northeast,Premium,Month-to-Month,Auto-Pay,Tablet,App,Network Outage,27,74.61,1868.37,108.86,14,True,-12,2,Will consider switching providers,Negative,0.041,100,1,69.2,0.5,Silver,0.504,2023-04-25
CUST03414,Southwest,Premium,Month-to-Month,Manual-Online,Home Internet,App,Contract Issue,14,203.22,2499.94,27.22,7,True,79,3,Acceptable service,Neutral,0.4528,78.2,1,178.57,0.4667,Silver,0.7632,2023-06-17
CUST03415,Northeast,Premium,Month-to-Month,Mail,Tablet,In-Store,Speed Issue,23,60.16,1211.74,99.39,2,True,-23,3,Acceptable service,Neutral,0.5258,88.6,1,52.68,0.0833,Silver,0.5847,2022-02-01
CUST03416,Southeast,Premium,1-Year,Auto-Pay,Smartphone,Chat,Device Problem,69,50.58,2968.98,13.17,15,False,73,5,Seamless experience overall,Positive,0.6926,35.4,0,43.03,0.2143,Platinum,0.9027,2023-11-17
CUST03417,Northeast,Premium,2-Year,Mail,Smartphone,In-Store,Network Outage,64,67.82,3956.48,29.96,5,True,-98,3,Service was okay,Neutral,0.3308,100,1,61.82,0.0769,Platinum,0.4535,2022-06-04
CUST03418,West,Premium,1-Year,Manual-Online,Hotspot,Phone,Device Problem,9,90.25,749.65,4.88,5,True,-36,2,Poor network reliability,Negative,0.1587,100,1,83.29,0.5,Bronze,0.462,2024-06-09
CUST03419,Southwest,Enterprise,1-Year,Mail,Home Internet,Email,Device Problem,38,117.85,4353.13,97.28,6,False,-39,2,Poor network reliability,Negative,0.0104,100,1,114.56,0.1538,Gold,0.4068,2023-08-02
CUST03420,Southwest,Basic,1-Year,In-Store,Tablet,Chat,Plan Change,75,175.14,11169.59,63.49,1,True,93,3,Got what I needed but took a while,Neutral,0.3339,63.4,0,148.93,0.0132,Platinum,0.7877,2024-11-21
CUST03421,West,Basic,2-Year,Manual-Online,Home Internet,Phone,Plan Change,17,88.63,1398.21,65.04,7,True,-22,4,Highly satisfied with resolution,Positive,0.9087,68.4,0,82.25,0.3889,Silver,0.6865,2024-11-06
CUST03422,Southwest,Standard,Month-to-Month,Manual-Online,Hotspot,Phone,Plan Change,53,213.53,10597.0,75.58,9,False,73,4,Problem resolved quickly,Positive,0.9797,53.4,0,199.94,0.1667,Gold,0.8028,2023-05-26
CUST03423,West,Standard,1-Year,Manual-Online,Business Line,Phone,Contract Issue,12,84.32,888.04,113.83,12,True,32,4,Outstanding customer care,Positive,0.7617,67.6,1,74.0,0.9231,Silver,0.781,2024-01-03
CUST03424,West,Standard,1-Year,In-Store,Hotspot,Chat,Speed Issue,53,165.87,8643.91,20.98,2,False,88,5,Excellent support experience,Positive,0.6799,6.4,0,163.09,0.037,Gold,0.929,2023-04-01
CUST03425,Southwest,Basic,Month-to-Month,In-Store,Business Line,Chat,Network Outage,41,220.23,7980.62,72.35,8,False,11,1,Billing overcharge not fixed,Negative,0.0175,100,1,194.65,0.1905,Gold,0.3942,2022-10-29
CUST03426,Midwest,Basic,1-Year,Manual-Online,Home Internet,Email,Device Problem,20,122.92,2517.82,7.52,12,True,-37,1,Very disappointed with service,Negative,0.1316,100,1,125.89,0.5714,Silver,0.3602,2023-09-18
CUST03427,West,Enterprise,1-Year,Auto-Pay,Hotspot,Phone,Billing Dispute,28,165.67,4388.88,63.94,14,True,22,4,Very professional support team,Positive,0.9129,73.6,1,156.75,0.4828,Silver,0.7635,2024-10-06
CUST03428,West,Enterprise,Month-to-Month,In-Store,Tablet,Email,Network Outage,62,142.18,8872.62,9.58,15,False,97,1,No accountability at all,Negative,0.0434,100,1,143.11,0.2381,Platinum,0.5448,2022-08-05
CUST03429,Southeast,Premium,2-Year,Mail,Home Internet,App,Plan Change,77,215.64,16301.16,99.9,2,True,77,1,No accountability at all,Negative,0.0365,100,1,211.7,0.0256,Platinum,0.5597,2024-07-27
CUST03430,Midwest,Enterprise,Month-to-Month,Auto-Pay,Hotspot,Chat,Plan Change,55,133.87,7708.17,18.04,12,True,33,1,Poor network reliability,Negative,0.0828,100,1,140.15,0.2143,Gold,0.4828,2022-06-02
CUST03431,West,Premium,1-Year,Manual-Online,Business Line,In-Store,Speed Issue,9,234.57,1805.28,32.28,11,True,28,1,No accountability at all,Negative,0.1263,100,1,200.59,1.1,Bronze,0.474,2023-09-06
CUST03432,West,Enterprise,Month-to-Month,Auto-Pay,Home Internet,App,Device Problem,18,232.25,4293.32,18.96,7,True,-3,2,Very disappointed with service,Negative,0.12,100,1,238.52,0.3684,Silver,0.5197,2023-05-15
CUST03433,Southwest,Basic,Month-to-Month,Mail,Business Line,App,Speed Issue,50,181.69,9424.68,40.0,7,True,66,1,Very disappointed with service,Negative,0.0934,100,1,188.49,0.1373,Gold,0.5405,2024-05-01
CUST03434,Southeast,Premium,2-Year,In-Store,Tablet,Email,No Issue,7,104.69,628.64,34.03,10,True,91,1,Worst customer service experience,Negative,0.2292,100,1,89.81,1.25,Bronze,0.5842,2022-01-26
CUST03435,Midwest,Basic,2-Year,In-Store,Business Line,Phone,Contract Issue,34,76.44,2541.63,78.7,2,True,34,5,Problem resolved quickly,Positive,0.6652,17.2,0,74.75,0.0571,Silver,0.8845,2024-02-07
CUST03436,West,Basic,Month-to-Month,Auto-Pay,Smartphone,In-Store,Plan Change,50,118.51,5824.0,6.16,5,True,-35,5,Great network coverage,Positive,0.8424,37.0,0,116.48,0.098,Gold,0.7638,2023-12-18
CUST03437,West,Basic,2-Year,Mail,Business Line,Chat,No Issue,47,248.05,11485.22,66.73,6,False,-78,1,No accountability at all,Negative,0.0661,100,1,244.37,0.125,Gold,0.2385,2024-02-13
CUST03438,West,Premium,1-Year,Manual-Online,Hotspot,In-Store,Contract Issue,37,80.31,2664.09,77.51,13,False,40,3,Got what I needed but took a while,Neutral,0.4303,98.0,1,72.0,0.3421,Gold,0.645,2022-05-13
CUST03439,Northeast,Premium,1-Year,Mail,Business Line,Chat,Device Problem,1,161.17,149.34,80.94,11,False,30,4,Agent went above and beyond,Positive,0.611,66.0,1,149.34,5.5,Bronze,0.7275,2022-06-05
CUST03440,West,Standard,2-Year,Mail,Smartphone,Email,Contract Issue,81,133.63,9237.33,35.79,0,True,16,5,Seamless experience overall,Positive,0.8923,16.8,0,114.04,0.0,Platinum,0.853,2022-10-02
CUST03441,West,Standard,Month-to-Month,Auto-Pay,Business Line,App,Device Problem,80,203.79,15764.16,48.04,11,True,-73,4,Highly satisfied with resolution,Positive,0.861,86.6,1,197.05,0.1358,Platinum,0.5973,2023-10-06
CUST03442,Southwest,Premium,Month-to-Month,Mail,Business Line,Email,No Issue,39,215.36,8295.9,3.68,12,True,-73,3,Waited longer than expected,Neutral,0.4061,100,1,212.72,0.3,Gold,0.4973,2023-12-13
CUST03443,West,Standard,2-Year,Auto-Pay,Hotspot,In-Store,Contract Issue,58,157.18,8834.97,56.79,4,True,-12,4,Excellent support experience,Positive,0.6752,60.4,0,152.33,0.0678,Gold,0.704,2022-02-13
CUST03444,Southeast,Standard,Month-to-Month,Mail,Home Internet,Phone,Plan Change,12,116.73,1367.62,74.72,15,True,97,5,Seamless experience overall,Positive,0.7573,30.6,0,113.97,1.1538,Silver,0.9948,2024-08-07
CUST03445,West,Premium,2-Year,Mail,Hotspot,In-Store,Billing Dispute,69,203.85,12181.38,112.22,11,True,-32,1,Issue still not resolved,Negative,0.2957,100,1,176.54,0.1571,Platinum,0.369,2024-06-22
CUST03446,Midwest,Basic,Month-to-Month,Mail,Hotspot,In-Store,Network Outage,37,210.62,6715.11,6.93,3,True,50,1,Poor network reliability,Negative,0.13,100,1,181.49,0.0789,Gold,0.5125,2024-04-30
CUST03447,Southwest,Enterprise,1-Year,Manual-Online,Home Internet,App,Contract Issue,31,77.22,2422.37,22.15,6,False,-49,1,No accountability at all,Negative,0.0523,100,1,78.14,0.1875,Silver,0.2893,2023-02-01
CUST03448,West,Basic,Month-to-Month,Auto-Pay,Smartphone,In-Store,Device Problem,72,181.43,12275.9,51.23,3,True,8,5,Excellent support experience,Positive,0.8554,24.4,0,170.5,0.0411,Platinum,0.839,2024-08-17
CUST03449,Northeast,Basic,Month-to-Month,Manual-Online,Business Line,Email,Contract Issue,46,94.38,4453.02,46.44,12,True,24,1,Very disappointed with service,Negative,0.1295,100,1,96.8,0.2553,Gold,0.467,2024-03-16
CUST03450,Midwest,Standard,2-Year,In-Store,Tablet,Chat,Billing Dispute,34,102.1,3276.61,78.78,12,True,58,2,Poor network reliability,Negative,0.2597,100,1,96.37,0.3429,Silver,0.6265,2022-04-18
CUST03451,Northeast,Enterprise,1-Year,Mail,Home Internet,Email,Contract Issue,15,95.31,1253.95,7.69,0,True,-27,2,Worst customer service experience,Negative,0.2999,100,1,83.6,0.0,Silver,0.4778,2024-08-14
CUST03452,Southeast,Basic,1-Year,Auto-Pay,Hotspot,In-Store,Device Problem,68,248.74,16549.04,4.28,3,False,56,4,Agent was very helpful,Positive,0.6498,44.8,0,243.37,0.0435,Platinum,0.773,2024-06-07
CUST03453,West,Basic,Month-to-Month,Manual-Online,Smartphone,Email,Device Problem,44,141.63,6518.16,48.27,11,True,91,1,Worst customer service experience,Negative,0.1074,100,1,148.14,0.2444,Gold,0.5842,2022-07-28
CUST03454,Southeast,Enterprise,1-Year,Manual-Online,Tablet,Phone,No Issue,5,149.49,764.44,82.5,4,True,-40,1,Terrible wait times,Negative,0.0073,100,1,152.89,0.6667,Bronze,0.355,2024-02-20
CUST03455,Southeast,Premium,1-Year,Manual-Online,Hotspot,App,Plan Change,10,182.9,1699.7,91.11,4,True,78,4,Outstanding customer care,Positive,0.6062,42.4,0,169.97,0.3636,Bronze,0.8615,2024-08-17
CUST03456,Southwest,Premium,Month-to-Month,In-Store,Hotspot,Email,No Issue,15,177.53,2512.28,44.91,13,False,-78,5,Agent went above and beyond,Positive,0.6743,61.6,0,167.49,0.8125,Silver,0.6385,2023-04-01
CUST03457,Southeast,Standard,2-Year,Manual-Online,Business Line,Email,Billing Dispute,15,231.73,3615.88,70.88,12,True,-90,2,Issue still not resolved,Negative,0.1176,100,1,241.06,0.75,Silver,0.3675,2024-10-25
CUST03458,Northeast,Enterprise,Month-to-Month,Mail,Home Internet,Chat,No Issue,43,174.92,7490.57,74.78,6,True,54,1,No accountability at all,Negative,0.0263,100,1,174.2,0.1364,Gold,0.5195,2024-08-20
CUST03459,Southeast,Basic,2-Year,Manual-Online,Smartphone,Email,Network Outage,5,49.25,236.96,70.7,11,True,22,2,No accountability at all,Negative,0.1316,100,1,47.39,1.8333,Bronze,0.5635,2024-03-17
CUST03460,Midwest,Enterprise,1-Year,Manual-Online,Tablet,Email,Billing Dispute,21,142.33,3092.86,87.58,7,True,-69,1,Will consider switching providers,Negative,0.1062,100,1,147.28,0.3182,Silver,0.3043,2023-01-18
CUST03461,Southeast,Standard,1-Year,Manual-Online,Hotspot,Email,No Issue,34,36.01,1222.46,52.42,2,True,46,2,Poor network reliability,Negative,0.0158,100,1,35.95,0.0571,Silver,0.6055,2024-10-01
CUST03462,West,Premium,2-Year,Mail,Smartphone,App,Network Outage,72,66.95,4872.12,41.16,3,True,-44,2,Issue still not resolved,Negative,0.2125,100,1,67.67,0.0411,Platinum,0.448,2022-12-16
CUST03463,Midwest,Premium,1-Year,Auto-Pay,Hotspot,Chat,Plan Change,23,42.19,948.72,66.74,3,False,31,1,Issue still not resolved,Negative,0.0599,100,1,41.25,0.125,Silver,0.4293,2023-04-04
CUST03464,Southwest,Premium,1-Year,Manual-Online,Tablet,Email,Network Outage,8,225.5,1782.7,43.6,1,True,10,3,Nothing exceptional,Neutral,0.4741,80.0,1,222.84,0.1111,Bronze,0.6425,2023-10-10
CUST03465,West,Basic,1-Year,Manual-Online,Home Internet,App,Network Outage,77,30.39,2111.54,52.23,2,True,86,4,Agent was very helpful,Positive,0.9657,36.8,0,27.42,0.0256,Platinum,0.8755,2023-04-12
CUST03466,West,Basic,Month-to-Month,Mail,Smartphone,In-Store,Device Problem,12,114.96,1363.06,22.53,15,True,-62,2,Issue still not resolved,Negative,0.0114,100,1,113.59,1.1538,Silver,0.4165,2022-12-06
CUST03467,West,Standard,Month-to-Month,Auto-Pay,Business Line,Phone,Billing Dispute,71,75.42,4751.49,91.94,2,True,81,2,Will consider switching providers,Negative,0.0713,97.8,1,66.92,0.0278,Platinum,0.6667,2023-06-07
CUST03468,Northeast,Premium,Month-to-Month,Auto-Pay,Smartphone,App,Plan Change,22,80.54,1676.82,28.51,7,False,-64,5,Great network coverage,Positive,0.8078,46.8,0,76.22,0.3043,Silver,0.663,2023-01-03
CUST03469,Southwest,Enterprise,1-Year,Auto-Pay,Tablet,Chat,Speed Issue,19,217.74,3936.38,80.8,0,True,-97,4,Seamless experience overall,Positive,0.8466,69.4,1,207.18,0.0,Silver,0.5553,2023-07-31
CUST03470,Southeast,Enterprise,1-Year,Auto-Pay,Business Line,In-Store,Plan Change,48,62.81,2710.9,116.15,2,True,34,3,Issue eventually resolved,Neutral,0.3677,77.2,1,56.48,0.0408,Gold,0.6845,2024-08-01
CUST03471,Midwest,Premium,2-Year,In-Store,Smartphone,App,Speed Issue,33,91.85,2679.72,27.53,8,True,-90,2,No accountability at all,Negative,0.1958,100,1,81.2,0.2353,Silver,0.3675,2024-01-13
CUST03472,Midwest,Basic,Month-to-Month,Manual-Online,Smartphone,In-Store,Billing Dispute,1,226.24,222.37,33.54,10,True,-80,3,Waited longer than expected,Neutral,0.43,100,1,222.37,5.0,Bronze,0.485,2024-03-23
CUST03473,Northeast,Enterprise,2-Year,Manual-Online,Hotspot,Email,Device Problem,64,244.11,14312.57,113.57,3,False,11,5,Problem resolved quickly,Positive,0.7474,23.8,0,223.63,0.0462,Platinum,0.7943,2022-09-22
CUST03474,Midwest,Enterprise,2-Year,Auto-Pay,Smartphone,Chat,No Issue,16,204.47,2879.69,116.97,15,True,99,3,Expected better response time,Neutral,0.327,90.2,1,179.98,0.8824,Silver,0.7983,2022-07-01
CUST03475,Midwest,Basic,1-Year,In-Store,Business Line,Chat,Contract Issue,79,34.15,2318.62,33.24,8,True,-71,5,Agent went above and beyond,Positive,0.7154,50.2,0,29.35,0.1,Platinum,0.7007,2023-01-06
CUST03476,Southeast,Basic,1-Year,Mail,Smartphone,App,Billing Dispute,15,135.32,1835.62,62.59,9,True,-19,2,Worst customer service experience,Negative,0.253,100,1,122.37,0.5625,Silver,0.4918,2024-08-08
CUST03477,Northeast,Standard,Month-to-Month,Mail,Hotspot,In-Store,Network Outage,75,35.37,2535.52,42.97,10,True,-59,3,Nothing exceptional,Neutral,0.5001,100,1,33.81,0.1316,Platinum,0.5217,2024-01-10
CUST03478,Northeast,Standard,Month-to-Month,Manual-Online,Smartphone,In-Store,Contract Issue,77,111.99,7792.65,16.87,5,True,6,5,Problem resolved quickly,Positive,0.7403,28.8,0,101.2,0.0641,Platinum,0.8355,2022-09-10
CUST03479,West,Enterprise,2-Year,Manual-Online,Home Internet,In-Store,Device Problem,21,197.21,3775.32,110.95,15,True,28,5,Great network coverage,Positive,0.8716,44.4,0,179.78,0.6818,Silver,0.874,2022-10-18
CUST03480,West,Basic,2-Year,Mail,Business Line,In-Store,Speed Issue,54,92.0,4575.77,88.32,5,True,-96,2,Problem kept recurring,Negative,0.1298,100,1,84.74,0.0909,Gold,0.357,2024-04-02
CUST03481,Midwest,Premium,2-Year,In-Store,Hotspot,Chat,Device Problem,51,143.9,7109.98,87.59,4,True,-45,2,Worst customer service experience,Negative,0.1746,100,1,139.41,0.0769,Gold,0.4463,2022-01-12
CUST03482,Southwest,Basic,Month-to-Month,Auto-Pay,Business Line,In-Store,Network Outage,15,173.17,2502.85,87.5,0,True,-91,1,Worst customer service experience,Negative,0.1881,100,1,166.86,0.0,Silver,0.2657,2023-12-01
CUST03483,West,Standard,2-Year,Manual-Online,Business Line,In-Store,Contract Issue,16,119.75,1646.87,65.86,13,True,48,1,Agent was unhelpful,Negative,0.2827,100,1,102.93,0.7647,Silver,0.509,2024-06-02
CUST03484,Midwest,Basic,2-Year,Mail,Business Line,Email,Plan Change,5,202.03,931.61,109.46,9,True,-25,4,Problem resolved quickly,Positive,0.7417,73.0,1,186.32,1.5,Bronze,0.6813,2023-04-28
CUST03485,Northeast,Premium,2-Year,Mail,Hotspot,Chat,Device Problem,29,70.15,2129.2,38.22,13,True,-42,4,Very happy with service,Positive,0.9817,84.4,1,73.42,0.4333,Silver,0.6515,2023-01-12
CUST03486,Southeast,Premium,Month-to-Month,Auto-Pay,Home Internet,App,Contract Issue,18,249.93,3918.96,102.52,5,True,-37,1,Terrible wait times,Negative,0.0223,100,1,217.72,0.2632,Silver,0.3602,2022-11-14
CUST03487,West,Basic,2-Year,Auto-Pay,Hotspot,App,Billing Dispute,34,131.14,4563.33,69.41,1,True,-4,2,Agent was unhelpful,Negative,0.0106,100,1,134.22,0.0286,Silver,0.518,2023-06-08
CUST03488,West,Enterprise,1-Year,In-Store,Hotspot,Phone,Speed Issue,83,114.8,9737.09,33.58,4,True,-34,4,Problem resolved quickly,Positive,0.9864,64.8,0,117.31,0.0476,Platinum,0.6655,2024-09-03
CUST03489,Southeast,Standard,Month-to-Month,Auto-Pay,Smartphone,Phone,Contract Issue,1,89.92,78.21,80.45,4,True,-28,2,Very disappointed with service,Negative,0.2945,100,1,78.21,2.0,Bronze,0.476,2022-09-15
CUST03490,Southwest,Basic,2-Year,In-Store,Smartphone,Chat,Billing Dispute,12,59.92,660.65,7.14,3,False,87,3,Got what I needed but took a while,Neutral,0.4044,68.6,0,55.05,0.2308,Silver,0.7272,2024-05-05
CUST03491,Southeast,Enterprise,Month-to-Month,Mail,Smartphone,Email,No Issue,31,170.84,5004.58,92.09,14,True,-80,3,Expected better response time,Neutral,0.558,100,1,161.44,0.4375,Silver,0.485,2023-12-21
CUST03492,Midwest,Enterprise,2-Year,Manual-Online,Tablet,Phone,Contract Issue,69,224.59,14103.63,91.79,12,False,-91,1,Billing overcharge not fixed,Negative,0.2347,100,1,204.4,0.1714,Platinum,0.2157,2022-01-03
CUST03493,Southwest,Basic,2-Year,Manual-Online,Home Internet,Chat,Plan Change,29,112.16,2828.6,13.05,3,True,59,3,Decent support,Neutral,0.5861,74.2,0,97.54,0.1,Silver,0.7283,2024-04-02
CUST03494,Midwest,Enterprise,Month-to-Month,In-Store,Home Internet,App,Speed Issue,35,177.46,6021.7,38.35,12,False,18,3,Issue eventually resolved,Neutral,0.3481,100,1,172.05,0.3333,Silver,0.6065,2023-08-21
CUST03495,Northeast,Basic,Month-to-Month,In-Store,Tablet,Phone,Plan Change,4,224.1,766.49,11.65,0,False,10,2,Billing overcharge not fixed,Negative,0.0512,100,1,191.62,0.0,Bronze,0.4925,2022-07-21
CUST03496,Southeast,Basic,1-Year,Manual-Online,Tablet,Chat,Plan Change,39,78.93,2723.69,3.91,4,True,-79,5,Great network coverage,Positive,0.8616,43.8,0,69.84,0.1,Gold,0.6867,2024-08-06
CUST03497,West,Enterprise,Month-to-Month,In-Store,Smartphone,Phone,Device Problem,20,75.73,1504.76,55.38,10,False,-75,2,Issue still not resolved,Negative,0.1503,100,1,75.24,0.4762,Silver,0.3438,2024-08-13
CUST03498,Midwest,Enterprise,2-Year,In-Store,Tablet,Email,Network Outage,42,147.36,6335.49,97.23,10,True,-70,3,Decent support,Neutral,0.3744,100,1,150.84,0.2326,Gold,0.5025,2022-04-21
CUST03499,Midwest,Standard,2-Year,Mail,Tablet,Email,Network Outage,1,246.63,234.92,67.45,12,True,9,3,Decent support,Neutral,0.3901,100,1,234.92,6.0,Bronze,0.6408,2022-11-12
CUST03500,Midwest,Basic,2-Year,Mail,Business Line,Phone,Network Outage,64,103.02,6244.86,82.27,3,True,-9,1,Very disappointed with service,Negative,0.2604,100,1,97.58,0.0462,Platinum,0.4093,2023-02-18
CUST03501,Southwest,Premium,2-Year,In-Store,Hotspot,Email,Speed Issue,1,168.03,172.97,79.58,5,False,-12,2,Billing overcharge not fixed,Negative,0.1422,100,1,172.97,2.5,Bronze,0.454,2024-10-25
CUST03502,Northeast,Premium,1-Year,Manual-Online,Hotspot,Chat,Speed Issue,13,211.29,2465.05,37.65,0,True,17,3,Could be improved,Neutral,0.503,76.6,1,189.62,0.0,Silver,0.6547,2022-09-12
CUST03503,Midwest,Standard,2-Year,In-Store,Smartphone,Phone,Contract Issue,26,124.11,2900.71,65.73,9,True,-61,1,Billing overcharge not fixed,Negative,0.1037,100,1,111.57,0.3333,Silver,0.3182,2024-11-30
CUST03504,Northeast,Premium,1-Year,Auto-Pay,Home Internet,Email,Network Outage,40,169.62,6056.05,74.81,13,False,-50,3,Got what I needed but took a while,Neutral,0.4128,100,1,151.4,0.3171,Gold,0.4875,2022-04-21
CUST03505,Midwest,Premium,1-Year,Mail,Tablet,App,Billing Dispute,34,108.92,3620.05,23.86,5,True,-51,1,Agent was unhelpful,Negative,0.0221,100,1,106.47,0.1429,Silver,0.3357,2022-11-15
CUST03506,Northeast,Basic,2-Year,Auto-Pay,Smartphone,Chat,Network Outage,70,137.59,8554.84,87.48,0,True,14,4,Great network coverage,Positive,0.8406,47.2,0,122.21,0.0,Platinum,0.7495,2024-11-23
CUST03507,Northeast,Enterprise,2-Year,Mail,Smartphone,In-Store,No Issue,50,237.11,11284.87,61.34,6,True,-78,4,Very professional support team,Positive,0.8172,77.6,1,225.7,0.1176,Gold,0.5885,2023-04-07
CUST03508,Southwest,Basic,2-Year,Manual-Online,Home Internet,Phone,No Issue,38,163.39,5332.87,101.52,8,True,-8,3,Waited longer than expected,Neutral,0.3691,97.6,1,140.34,0.2051,Gold,0.611,2024-02-11
CUST03509,Southwest,Premium,1-Year,Manual-Online,Business Line,Email,Network Outage,76,99.63,6761.19,58.97,11,True,-77,3,Nothing exceptional,Neutral,0.4564,100,1,88.96,0.1429,Platinum,0.4903,2024-04-26
CUST03510,Southeast,Basic,Month-to-Month,Manual-Online,Tablet,Phone,Billing Dispute,21,32.39,702.34,73.39,12,False,-85,1,No accountability at all,Negative,0.1065,100,1,33.44,0.5455,Silver,0.2263,2024-01-16
CUST03511,Midwest,Premium,Month-to-Month,In-Store,Smartphone,App,Billing Dispute,60,216.62,13452.18,112.34,2,True,-60,4,Agent was very helpful,Positive,0.7183,66.0,1,224.2,0.0328,Platinum,0.62,2023-04-10
CUST03512,West,Enterprise,1-Year,Auto-Pay,Hotspot,Chat,Billing Dispute,3,140.27,362.18,106.59,12,True,58,1,Terrible wait times,Negative,0.1969,100,1,120.73,3.0,Bronze,0.5265,2024-09-03
CUST03513,Midwest,Premium,1-Year,In-Store,Tablet,Email,Network Outage,63,104.52,5879.92,53.73,2,True,-8,2,Terrible wait times,Negative,0.123,100,1,93.33,0.0312,Platinum,0.511,2024-02-28
CUST03514,Southeast,Standard,1-Year,Manual-Online,Hotspot,Phone,No Issue,40,150.26,5839.57,74.5,0,True,-94,2,Very disappointed with service,Negative,0.2741,100,1,145.99,0.0,Gold,0.3605,2022-05-28
CUST03515,Southeast,Enterprise,1-Year,Mail,Smartphone,In-Store,Device Problem,18,112.1,1950.08,117.2,15,False,-25,3,Average experience,Neutral,0.5196,100,1,108.34,0.7895,Silver,0.5312,2023-09-29
CUST03516,Southwest,Premium,Month-to-Month,Auto-Pay,Home Internet,Phone,No Issue,63,85.76,5565.27,76.13,2,True,-86,3,Could be improved,Neutral,0.4671,100,1,88.34,0.0312,Platinum,0.4745,2022-06-26
CUST03517,Southeast,Enterprise,1-Year,Auto-Pay,Home Internet,Chat,Contract Issue,54,145.48,7140.4,70.99,2,True,-2,2,Poor network reliability,Negative,0.1354,100,1,132.23,0.0364,Gold,0.5215,2023-09-24
CUST03518,Northeast,Premium,1-Year,In-Store,Smartphone,App,Device Problem,31,222.16,6144.56,107.15,15,True,-44,5,Agent was very helpful,Positive,0.8817,58.8,0,198.21,0.4688,Silver,0.748,2022-12-15
CUST03519,Southwest,Premium,2-Year,Manual-Online,Home Internet,Chat,Speed Issue,79,128.07,9946.04,34.05,9,False,-47,3,Could be improved,Neutral,0.3772,100,1,125.9,0.1125,Platinum,0.4928,2024-06-06
CUST03520,Midwest,Basic,Month-to-Month,Auto-Pay,Smartphone,Chat,Billing Dispute,48,57.95,2456.38,9.81,2,True,93,5,Highly satisfied with resolution,Positive,0.9751,5.4,0,51.17,0.0408,Gold,0.9878,2024-12-26
CUST03521,Northeast,Standard,Month-to-Month,Mail,Business Line,App,Device Problem,50,37.27,1828.9,117.5,7,True,-40,3,Expected better response time,Neutral,0.497,100,1,36.58,0.1373,Gold,0.555,2023-11-05
CUST03522,Southeast,Standard,1-Year,In-Store,Business Line,Email,Speed Issue,58,34.23,1719.29,48.85,3,True,-78,2,Billing overcharge not fixed,Negative,0.1409,100,1,29.64,0.0508,Gold,0.3885,2024-09-11
CUST03523,Southeast,Basic,2-Year,Auto-Pay,Hotspot,Chat,Speed Issue,24,238.69,5372.17,53.15,8,True,74,3,Nothing exceptional,Neutral,0.559,81.2,1,223.84,0.32,Silver,0.7545,2022-09-08
CUST03524,West,Standard,2-Year,Manual-Online,Smartphone,Chat,Device Problem,44,183.53,7287.54,61.43,12,True,14,5,Excellent support experience,Positive,0.9834,41.2,0,165.63,0.2667,Gold,0.8495,2024-01-31
CUST03525,Southwest,Basic,1-Year,Mail,Hotspot,Email,Contract Issue,12,203.94,2151.18,67.37,8,True,-81,2,Issue still not resolved,Negative,0.1441,100,1,179.26,0.6154,Silver,0.3832,2022-07-10
CUST03526,Midwest,Enterprise,Month-to-Month,Manual-Online,Tablet,App,No Issue,37,102.73,3950.21,68.14,10,True,-2,3,Issue eventually resolved,Neutral,0.4642,100,1,106.76,0.2632,Gold,0.6215,2022-02-01
CUST03527,Midwest,Premium,Month-to-Month,Auto-Pay,Business Line,Email,Contract Issue,29,143.89,4221.3,2.61,8,True,-96,4,Agent went above and beyond,Positive,0.8773,85.2,1,145.56,0.2667,Silver,0.557,2022-03-18
CUST03528,Southwest,Enterprise,2-Year,Mail,Hotspot,App,Contract Issue,11,79.75,764.14,106.26,0,False,32,1,Billing overcharge not fixed,Negative,0.2082,100,1,69.47,0.0,Bronze,0.431,2022-09-04
CUST03529,West,Enterprise,Month-to-Month,Mail,Hotspot,In-Store,Device Problem,7,178.6,1194.18,52.19,15,True,-70,4,Very happy with service,Positive,0.6805,94.0,1,170.6,1.875,Bronze,0.6025,2024-01-23
CUST03530,Southeast,Premium,1-Year,In-Store,Smartphone,Chat,No Issue,44,238.53,9526.5,84.24,11,True,2,5,Very professional support team,Positive,0.823,41.6,0,216.51,0.2444,Gold,0.8285,2022-07-03
CUST03531,Northeast,Basic,Month-to-Month,Mail,Home Internet,App,Device Problem,26,89.79,2445.8,67.58,10,True,78,3,Got what I needed but took a while,Neutral,0.5593,84.4,1,94.07,0.3704,Silver,0.7615,2024-07-16
CUST03532,Midwest,Enterprise,2-Year,Auto-Pay,Home Internet,App,Speed Issue,38,35.33,1192.72,118.54,6,True,-53,4,Very professional support team,Positive,0.8616,72.6,1,31.39,0.1538,Gold,0.6322,2024-02-23
CUST03533,Southwest,Premium,1-Year,Auto-Pay,Tablet,App,No Issue,46,132.07,5219.14,51.27,9,True,-84,2,Billing overcharge not fixed,Negative,0.2654,100,1,113.46,0.1915,Gold,0.378,2022-05-08
CUST03534,Southeast,Standard,2-Year,Mail,Business Line,App,Contract Issue,25,39.72,950.75,108.36,14,False,-87,3,Got what I needed but took a while,Neutral,0.5623,100,1,38.03,0.5385,Silver,0.4228,2023-01-12
CUST03535,West,Standard,2-Year,Manual-Online,Tablet,Email,No Issue,73,202.44,14662.9,25.16,13,True,-70,1,No accountability at all,Negative,0.2569,100,1,200.86,0.1757,Platinum,0.3025,2023-02-13
CUST03536,Southeast,Enterprise,Month-to-Month,Mail,Tablet,Chat,Device Problem,51,131.85,7020.44,105.79,0,True,47,4,Problem resolved quickly,Positive,0.9853,40.6,0,137.66,0.0,Gold,0.8073,2023-05-08
CUST03537,West,Premium,2-Year,Manual-Online,Home Internet,Email,Speed Issue,8,238.59,1915.58,62.46,0,False,43,2,No accountability at all,Negative,0.0369,100,1,239.45,0.0,Bronze,0.5502,2024-06-24
CUST03538,Northeast,Premium,2-Year,Mail,Home Internet,Phone,Plan Change,39,59.83,2319.43,92.02,2,False,-46,4,Very professional support team,Positive,0.8092,63.2,0,59.47,0.05,Gold,0.5945,2022-03-01
CUST03539,Northeast,Premium,1-Year,Manual-Online,Smartphone,Phone,Contract Issue,68,236.18,15439.3,21.08,6,False,44,4,Very happy with service,Positive,0.9068,53.2,0,227.05,0.087,Platinum,0.752,2024-06-20
CUST03540,West,Basic,Month-to-Month,In-Store,Tablet,Email,Contract Issue,23,246.59,5142.58,11.38,4,True,-64,1,Agent was unhelpful,Negative,0.299,100,1,223.59,0.1667,Silver,0.313,2024-08-24
CUST03541,Midwest,Basic,Month-to-Month,Manual-Online,Hotspot,Email,Network Outage,64,35.26,2184.08,26.61,3,True,-40,3,Could be improved,Neutral,0.3314,94.0,1,34.13,0.0462,Platinum,0.555,2023-03-21
CUST03542,Northeast,Premium,2-Year,In-Store,Hotspot,Chat,No Issue,71,59.03,3976.6,43.62,12,True,41,1,Problem kept recurring,Negative,0.084,100,1,56.01,0.1667,Platinum,0.4967,2023-09-05
CUST03543,West,Enterprise,1-Year,Manual-Online,Tablet,Phone,Network Outage,69,117.68,8517.17,20.64,10,True,-23,4,Seamless experience overall,Positive,0.6374,74.6,0,123.44,0.1429,Platinum,0.6847,2024-09-21
CUST03544,Midwest,Standard,1-Year,In-Store,Business Line,App,No Issue,39,231.2,9409.35,49.46,2,True,-31,3,Issue eventually resolved,Neutral,0.4299,90.2,1,241.27,0.05,Gold,0.5707,2022-03-19
CUST03545,Northeast,Standard,2-Year,In-Store,Smartphone,App,Billing Dispute,13,181.94,2035.4,48.27,3,True,49,4,Very professional support team,Positive,0.8597,46.2,0,156.57,0.2143,Silver,0.8108,2022-11-30
CUST03546,West,Standard,Month-to-Month,Mail,Business Line,Email,Device Problem,24,190.84,4036.47,46.18,2,True,-83,1,Poor network reliability,Negative,0.0844,100,1,168.19,0.08,Silver,0.2797,2023-03-16
CUST03547,Southeast,Premium,2-Year,In-Store,Smartphone,Email,No Issue,56,218.86,12138.43,34.96,12,True,81,4,Agent was very helpful,Positive,0.9068,57.8,0,216.76,0.2105,Gold,0.8668,2024-07-26
CUST03548,Southeast,Enterprise,2-Year,Manual-Online,Smartphone,App,No Issue,72,155.26,9584.82,109.82,9,True,-1,2,Problem kept recurring,Negative,0.0845,100,1,133.12,0.1233,Platinum,0.5232,2023-08-13
CUST03549,Midwest,Enterprise,Month-to-Month,Auto-Pay,Home Internet,In-Store,Network Outage,37,183.62,6933.87,9.81,4,True,-75,3,Acceptable service,Neutral,0.532,100,1,187.4,0.1053,Gold,0.4938,2023-04-19
CUST03550,West,Enterprise,1-Year,Manual-Online,Business Line,Chat,Device Problem,8,72.15,584.4,102.0,9,True,18,1,Agent was unhelpful,Negative,0.2182,100,1,73.05,1.0,Bronze,0.4565,2022-10-20
CUST03551,Midwest,Enterprise,Month-to-Month,Mail,Hotspot,App,Network Outage,17,212.82,3302.86,53.97,3,False,85,3,Service was okay,Neutral,0.3841,69.0,0,194.29,0.1667,Silver,0.7237,2024-10-23
CUST03552,Southwest,Premium,Month-to-Month,In-Store,Smartphone,Email,Network Outage,82,91.78,7650.05,84.68,11,False,-22,4,Problem resolved quickly,Positive,0.8414,76.4,1,93.29,0.1325,Platinum,0.6365,2022-06-12
CUST03553,Southwest,Basic,Month-to-Month,Manual-Online,Smartphone,In-Store,Network Outage,31,107.84,3475.88,43.45,15,True,52,4,Agent went above and beyond,Positive,0.7842,69.6,1,112.13,0.4688,Silver,0.816,2024-05-07
CUST03554,Midwest,Enterprise,2-Year,Mail,Home Internet,In-Store,Device Problem,57,206.96,12302.13,86.02,7,True,79,5,Excellent support experience,Positive,0.7572,18.2,0,215.83,0.1207,Gold,0.9632,2023-07-25
CUST03555,Northeast,Standard,Month-to-Month,In-Store,Tablet,Phone,Billing Dispute,55,248.6,12321.7,43.02,4,True,84,3,Average experience,Neutral,0.336,71.2,1,224.03,0.0714,Gold,0.772,2024-03-28
CUST03556,Northeast,Basic,Month-to-Month,In-Store,Business Line,App,Network Outage,41,237.75,8369.23,7.28,3,True,8,3,Decent support,Neutral,0.4201,84.4,1,204.13,0.0714,Gold,0.639,2022-04-28
CUST03557,Midwest,Basic,2-Year,Manual-Online,Home Internet,In-Store,Speed Issue,27,166.27,4333.65,4.95,10,False,37,2,Issue still not resolved,Negative,0.0051,100,1,160.51,0.3571,Silver,0.5397,2022-04-12
CUST03558,West,Premium,Month-to-Month,In-Store,Smartphone,Phone,Speed Issue,35,228.62,7397.42,25.93,13,True,-91,2,Will consider switching providers,Negative,0.267,100,1,211.35,0.3611,Silver,0.3658,2022-12-25
CUST03559,Southeast,Basic,2-Year,In-Store,Business Line,Email,Billing Dispute,25,247.91,5391.58,95.26,3,True,-14,5,Highly satisfied with resolution,Positive,0.8299,28.8,0,215.66,0.1154,Silver,0.8005,2024-01-25
CUST03560,Southwest,Standard,1-Year,Auto-Pay,Business Line,In-Store,Billing Dispute,56,116.1,5945.91,96.39,12,True,-70,5,Excellent support experience,Positive,0.6437,58.0,0,106.18,0.2105,Gold,0.7025,2024-08-21
CUST03561,Northeast,Standard,Month-to-Month,Auto-Pay,Tablet,Phone,Contract Issue,46,74.23,3038.82,9.43,9,True,78,5,Excellent support experience,Positive,0.7879,22.4,0,66.06,0.1915,Gold,0.9615,2022-11-16
CUST03562,Northeast,Enterprise,1-Year,Auto-Pay,Hotspot,App,Billing Dispute,9,51.88,485.43,36.02,13,False,-55,4,Seamless experience overall,Positive,0.6938,87.0,1,53.94,1.3,Bronze,0.5788,2022-01-30
CUST03563,Southeast,Basic,1-Year,Manual-Online,Business Line,Email,Speed Issue,6,220.25,1219.09,75.62,12,False,-43,1,Issue still not resolved,Negative,0.0455,100,1,203.18,1.7143,Bronze,0.2998,2023-02-20
CUST03564,Northeast,Standard,1-Year,Manual-Online,Hotspot,In-Store,Device Problem,50,58.18,2824.43,115.24,12,True,-80,3,Decent support,Neutral,0.5863,100,1,56.49,0.2353,Gold,0.485,2023-06-13
CUST03565,Northeast,Enterprise,Month-to-Month,Auto-Pay,Hotspot,In-Store,Contract Issue,15,183.01,2338.51,86.52,8,True,-35,4,Very professional support team,Positive,0.68,73.0,1,155.9,0.5,Silver,0.6638,2022-05-07
CUST03566,Northeast,Enterprise,1-Year,Auto-Pay,Tablet,Phone,Speed Issue,31,76.44,2343.08,114.31,8,True,13,3,Service was okay,Neutral,0.5021,93.4,1,75.58,0.25,Silver,0.6478,2024-07-07
CUST03567,Midwest,Enterprise,1-Year,Manual-Online,Hotspot,Email,Speed Issue,66,192.34,12075.62,67.47,12,True,-64,2,Terrible wait times,Negative,0.2302,100,1,182.96,0.1791,Platinum,0.413,2024-09-23
CUST03568,Southwest,Basic,1-Year,Auto-Pay,Home Internet,Phone,Billing Dispute,77,43.59,3434.12,68.31,10,False,-37,4,Seamless experience overall,Positive,0.6775,77.4,1,44.6,0.1282,Platinum,0.6102,2023-03-14
CUST03569,Southwest,Enterprise,2-Year,Manual-Online,Business Line,In-Store,Network Outage,27,149.85,3810.38,37.62,0,True,71,1,Billing overcharge not fixed,Negative,0.0591,100,1,141.13,0.0,Silver,0.5493,2024-01-05
CUST03570,Southwest,Standard,2-Year,Manual-Online,Business Line,Email,Network Outage,57,246.83,13398.88,89.69,4,True,96,3,Nothing exceptional,Neutral,0.5229,68.8,1,235.07,0.069,Gold,0.793,2024-02-22
CUST03571,Northeast,Premium,Month-to-Month,Manual-Online,Business Line,In-Store,Speed Issue,40,131.26,5423.0,46.77,2,True,-39,3,Average experience,Neutral,0.4854,91.8,1,135.57,0.0488,Gold,0.5568,2022-11-14
CUST03572,Midwest,Premium,Month-to-Month,Manual-Online,Hotspot,Chat,Device Problem,70,143.74,8985.75,71.44,7,False,-94,4,Agent went above and beyond,Positive,0.6785,82.8,1,128.37,0.0986,Platinum,0.5105,2022-10-30
CUST03573,Southeast,Basic,2-Year,Manual-Online,Business Line,Email,Device Problem,65,181.23,11122.02,43.23,8,True,7,1,Issue still not resolved,Negative,0.1947,100,1,171.11,0.1212,Platinum,0.4373,2024-04-22
CUST03574,Southwest,Enterprise,1-Year,Manual-Online,Home Internet,App,No Issue,77,222.94,17771.08,14.56,5,False,-25,3,Decent support,Neutral,0.4559,95.0,1,230.79,0.0641,Platinum,0.5312,2022-09-24
CUST03575,West,Enterprise,Month-to-Month,In-Store,Business Line,Chat,Contract Issue,16,167.21,2588.33,14.17,7,False,-24,3,Could be improved,Neutral,0.3482,98.8,1,161.77,0.4118,Silver,0.533,2022-07-17
CUST03576,Northeast,Premium,1-Year,Auto-Pay,Smartphone,Email,Device Problem,1,152.44,159.08,11.48,12,True,20,2,No accountability at all,Negative,0.0401,100,1,159.08,6.0,Bronze,0.56,2024-11-23
CUST03577,Midwest,Premium,2-Year,Manual-Online,Home Internet,Chat,Contract Issue,65,216.14,12685.3,39.79,2,True,38,5,Very professional support team,Positive,0.749,16.4,0,195.16,0.0303,Platinum,0.8915,2022-11-27
CUST03578,Northeast,Enterprise,1-Year,In-Store,Home Internet,Email,Device Problem,30,116.13,3047.81,60.94,15,True,-23,4,Agent was very helpful,Positive,0.6771,84.6,1,101.59,0.4839,Silver,0.6847,2024-07-17
CUST03579,Northeast,Standard,1-Year,Auto-Pay,Home Internet,App,Network Outage,15,191.19,2516.42,111.41,7,True,31,1,Will consider switching providers,Negative,0.1889,100,1,167.76,0.4375,Silver,0.4792,2024-06-29
CUST03580,Southwest,Premium,Month-to-Month,Mail,Tablet,Email,Speed Issue,20,88.21,1628.72,61.26,14,True,-41,3,Waited longer than expected,Neutral,0.5963,100,1,81.44,0.6667,Silver,0.5533,2024-11-16
CUST03581,Southwest,Premium,1-Year,Manual-Online,Tablet,App,Network Outage,79,126.54,10070.05,22.66,9,True,43,3,Decent support,Neutral,0.3408,89.4,1,127.47,0.1125,Platinum,0.7003,2022-03-19
CUST03582,Midwest,Premium,2-Year,Mail,Tablet,App,Billing Dispute,24,162.08,3817.45,105.76,12,False,-39,2,Agent was unhelpful,Negative,0.1368,100,1,159.06,0.48,Silver,0.4068,2024-05-27
CUST03583,Southeast,Standard,Month-to-Month,Auto-Pay,Smartphone,Chat,Device Problem,11,163.84,1841.71,43.11,11,False,10,2,Terrible wait times,Negative,0.1947,100,1,167.43,0.9167,Bronze,0.4925,2022-09-02
CUST03584,West,Enterprise,Month-to-Month,Auto-Pay,Hotspot,In-Store,Contract Issue,61,89.38,5242.28,45.8,15,True,25,1,Very disappointed with service,Negative,0.0638,100,1,85.94,0.2419,Platinum,0.4688,2024-03-16
CUST03585,Southeast,Enterprise,2-Year,Auto-Pay,Tablet,In-Store,Contract Issue,66,130.09,7498.21,55.31,8,True,-15,2,Issue still not resolved,Negative,0.1594,100,1,113.61,0.1194,Platinum,0.4988,2024-04-12
CUST03586,Midwest,Premium,Month-to-Month,Manual-Online,Business Line,App,Contract Issue,61,115.85,6180.88,19.67,8,False,-86,1,Billing overcharge not fixed,Negative,0.027,100,1,101.33,0.129,Platinum,0.2245,2024-02-05
CUST03587,Southwest,Standard,2-Year,Mail,Smartphone,Phone,Speed Issue,12,134.88,1566.4,33.04,14,True,-14,1,Very disappointed with service,Negative,0.1811,100,1,130.53,1.0769,Silver,0.4005,2022-04-12
CUST03588,West,Premium,2-Year,In-Store,Smartphone,In-Store,Contract Issue,10,170.82,1684.47,28.22,9,False,-73,1,Terrible wait times,Negative,0.1878,100,1,168.45,0.8182,Bronze,0.2473,2023-01-09
CUST03589,Midwest,Basic,Month-to-Month,Mail,Business Line,Phone,Billing Dispute,15,109.61,1418.52,28.26,0,True,52,3,Issue eventually resolved,Neutral,0.5305,69.6,0,94.57,0.0,Silver,0.716,2023-10-25
CUST03590,Northeast,Premium,Month-to-Month,Manual-Online,Tablet,Email,Speed Issue,8,212.93,1635.48,51.29,15,True,89,2,Worst customer service experience,Negative,0.1149,100,1,204.44,1.6667,Bronze,0.6807,2024-08-15
CUST03591,Northeast,Basic,1-Year,Auto-Pay,Home Internet,Chat,Speed Issue,8,186.53,1354.88,43.22,2,True,-55,5,Outstanding customer care,Positive,0.6088,35.0,0,169.36,0.2222,Bronze,0.7288,2022-07-19
CUST03592,Midwest,Premium,Month-to-Month,Mail,Business Line,Chat,Speed Issue,26,230.68,6288.74,106.67,6,True,-43,1,Poor network reliability,Negative,0.2593,100,1,241.87,0.2222,Silver,0.3498,2024-06-06
CUST03593,Northeast,Premium,2-Year,In-Store,Tablet,Phone,Speed Issue,84,186.05,13492.52,111.85,2,True,41,1,No accountability at all,Negative,0.1699,100,1,160.63,0.0235,Platinum,0.4967,2024-02-27
CUST03594,Midwest,Standard,1-Year,Manual-Online,Home Internet,Phone,Plan Change,27,216.89,5828.04,114.1,13,True,4,1,Worst customer service experience,Negative,0.2908,100,1,215.85,0.4643,Silver,0.432,2023-07-04
CUST03595,Midwest,Enterprise,2-Year,In-Store,Home Internet,Chat,Plan Change,28,223.19,6086.22,59.51,13,True,44,1,Agent was unhelpful,Negative,0.1783,100,1,217.37,0.4483,Silver,0.502,2023-06-02
CUST03596,Midwest,Premium,2-Year,Manual-Online,Smartphone,In-Store,Contract Issue,71,97.96,6544.21,99.86,8,True,52,1,Poor network reliability,Negative,0.2427,100,1,92.17,0.1111,Platinum,0.516,2023-04-24
CUST03597,Northeast,Enterprise,1-Year,Auto-Pay,Hotspot,In-Store,No Issue,43,232.54,8562.57,119.87,4,False,-97,1,No accountability at all,Negative,0.075,100,1,199.13,0.0909,Gold,0.2053,2024-04-16
CUST03598,Southwest,Basic,Month-to-Month,Auto-Pay,Business Line,App,Plan Change,13,182.91,2380.55,57.26,1,True,-72,1,Very disappointed with service,Negative,0.1526,100,1,183.12,0.0714,Silver,0.299,2023-07-03
CUST03599,Midwest,Premium,1-Year,In-Store,Tablet,Phone,Speed Issue,52,133.37,6018.94,99.46,2,True,-81,1,Billing overcharge not fixed,Negative,0.1087,100,1,115.75,0.0377,Gold,0.2833,2022-09-28
CUST03600,West,Premium,2-Year,Manual-Online,Smartphone,In-Store,Speed Issue,46,49.46,2300.43,21.54,0,True,-99,5,Great network coverage,Positive,0.8169,39.8,0,50.01,0.0,Gold,0.6518,2024-12-03
CUST03601,West,Enterprise,1-Year,Auto-Pay,Hotspot,Phone,Device Problem,57,66.41,3352.89,44.88,13,True,-80,3,Nothing exceptional,Neutral,0.3862,100,1,58.82,0.2241,Gold,0.485,2022-05-28
CUST03602,Northeast,Enterprise,Month-to-Month,Manual-Online,Home Internet,In-Store,No Issue,10,159.98,1673.68,86.95,7,False,20,4,Problem resolved quickly,Positive,0.6354,60.0,0,167.37,0.6364,Bronze,0.71,2022-01-20
CUST03603,Southeast,Premium,2-Year,Manual-Online,Home Internet,Email,No Issue,75,78.23,5374.63,65.71,3,True,70,1,Will consider switching providers,Negative,0.0822,100,1,71.66,0.0395,Platinum,0.5475,2022-02-10
CUST03604,West,Premium,1-Year,Mail,Tablet,Phone,Plan Change,59,199.96,11945.18,112.42,2,True,34,5,Agent was very helpful,Positive,0.6385,17.2,0,202.46,0.0333,Gold,0.8845,2022-04-07
CUST03605,West,Enterprise,2-Year,Auto-Pay,Hotspot,App,Speed Issue,41,147.78,5917.89,82.39,1,True,-64,3,Could be improved,Neutral,0.5727,94.8,1,144.34,0.0238,Gold,0.513,2024-04-12
CUST03606,Southwest,Enterprise,1-Year,Manual-Online,Tablet,Email,Speed Issue,76,116.31,7566.85,98.43,15,True,-55,5,Seamless experience overall,Positive,0.6859,61.0,0,99.56,0.1948,Platinum,0.7288,2024-10-11
CUST03607,Southeast,Standard,2-Year,Auto-Pay,Hotspot,In-Store,Billing Dispute,20,55.48,1132.32,89.08,13,True,54,4,Agent went above and beyond,Positive,0.809,65.2,1,56.62,0.619,Silver,0.8195,2023-01-07
CUST03608,West,Standard,1-Year,Manual-Online,Business Line,App,No Issue,8,173.81,1255.76,48.25,10,True,-26,4,Agent went above and beyond,Positive,0.9989,75.2,1,156.97,1.1111,Bronze,0.6795,2024-12-15
CUST03609,Southwest,Premium,2-Year,Manual-Online,Tablet,Chat,Plan Change,10,177.66,1798.88,28.3,1,True,-24,2,Will consider switching providers,Negative,0.0976,100,1,179.89,0.0909,Bronze,0.483,2023-03-07
CUST03610,Midwest,Premium,1-Year,In-Store,Hotspot,Chat,Speed Issue,40,121.22,4371.88,102.92,9,True,-76,4,Excellent support experience,Positive,0.7699,83.2,1,109.3,0.2195,Gold,0.592,2024-03-02
CUST03611,Midwest,Basic,1-Year,Auto-Pay,Smartphone,Chat,Network Outage,29,126.93,3140.51,117.2,14,True,-68,1,Very disappointed with service,Negative,0.1277,100,1,108.29,0.4667,Silver,0.306,2024-03-19
CUST03612,Northeast,Premium,2-Year,Auto-Pay,Business Line,Email,Device Problem,76,233.47,17753.11,87.21,3,False,-87,5,Great network coverage,Positive,0.8008,43.4,0,233.59,0.039,Platinum,0.6228,2024-06-17
CUST03613,Southeast,Premium,Month-to-Month,Auto-Pay,Home Internet,Email,Network Outage,3,241.54,697.3,83.41,14,True,-62,4,Agent went above and beyond,Positive,0.9099,90.4,1,232.43,3.5,Bronze,0.6165,2024-03-12
CUST03614,West,Standard,1-Year,In-Store,Business Line,In-Store,Billing Dispute,12,192.09,2288.73,6.33,11,True,94,3,Decent support,Neutral,0.5069,83.2,1,190.73,0.8462,Silver,0.7895,2023-12-19
CUST03615,Northeast,Enterprise,1-Year,Manual-Online,Smartphone,Phone,Device Problem,9,188.28,1764.0,39.1,12,True,23,1,Problem kept recurring,Negative,0.018,100,1,196.0,1.2,Bronze,0.4652,2024-05-31
CUST03616,Southwest,Standard,2-Year,Mail,Tablet,Chat,Billing Dispute,56,86.15,4730.09,38.48,8,False,-80,2,Terrible wait times,Negative,0.1662,100,1,84.47,0.1404,Gold,0.335,2024-04-15
CUST03617,Southeast,Premium,2-Year,Auto-Pay,Tablet,Chat,No Issue,5,96.8,505.13,29.77,12,True,-5,4,Highly satisfied with resolution,Positive,0.6983,75.0,1,101.03,2.0,Bronze,0.7163,2023-05-06
CUST03618,Northeast,Premium,2-Year,Auto-Pay,Business Line,In-Store,Contract Issue,49,66.35,2946.93,34.41,13,False,-77,1,Very disappointed with service,Negative,0.1304,100,1,60.14,0.26,Gold,0.2403,2022-05-14
CUST03619,Southwest,Premium,2-Year,Auto-Pay,Home Internet,Chat,Plan Change,79,74.58,5183.05,83.85,13,True,-51,4,Excellent support experience,Positive,0.7196,86.2,1,65.61,0.1625,Platinum,0.6358,2022-02-05
CUST03620,Northeast,Basic,2-Year,Mail,Business Line,Email,No Issue,8,241.34,1955.63,36.8,6,False,65,1,Issue still not resolved,Negative,0.0855,100,1,244.45,0.6667,Bronze,0.4887,2024-03-03
CUST03621,Northeast,Basic,Month-to-Month,In-Store,Smartphone,Email,No Issue,21,44.68,812.69,78.64,7,True,39,4,Problem resolved quickly,Positive,0.6069,56.2,0,38.7,0.3182,Silver,0.7933,2024-03-02
CUST03622,Northeast,Standard,2-Year,Manual-Online,Business Line,App,Device Problem,78,202.12,15589.01,113.72,7,False,90,4,Highly satisfied with resolution,Positive,0.7743,46.0,0,199.86,0.0886,Platinum,0.8325,2023-08-31
CUST03623,Northeast,Basic,2-Year,In-Store,Hotspot,Phone,Billing Dispute,62,57.8,3599.8,73.47,8,True,-51,4,Very professional support team,Positive,0.7196,76.2,1,58.06,0.127,Platinum,0.6358,2022-06-13
CUST03624,Southeast,Standard,Month-to-Month,In-Store,Hotspot,Email,Network Outage,18,211.01,3474.37,115.06,8,True,-57,5,Highly satisfied with resolution,Positive,0.9992,47.4,0,193.02,0.4211,Silver,0.7252,2022-05-26
CUST03625,Midwest,Basic,Month-to-Month,Mail,Tablet,Phone,Speed Issue,41,146.13,5609.29,13.92,6,True,67,2,Worst customer service experience,Negative,0.0299,100,1,136.81,0.1429,Gold,0.6422,2023-04-11
CUST03626,Northeast,Basic,Month-to-Month,Manual-Online,Home Internet,Phone,Network Outage,54,133.25,7106.53,7.44,5,True,-46,3,Average experience,Neutral,0.522,99.2,1,131.6,0.0909,Gold,0.5445,2022-11-07
CUST03627,Northeast,Basic,Month-to-Month,Auto-Pay,Business Line,App,Billing Dispute,74,150.83,10966.41,6.81,15,True,-44,2,Issue still not resolved,Negative,0.0565,100,1,148.19,0.2,Platinum,0.448,2022-06-18
CUST03628,Southwest,Enterprise,Month-to-Month,Manual-Online,Smartphone,App,Network Outage,72,154.03,10884.19,80.0,3,True,-32,2,Terrible wait times,Negative,0.2769,100,1,151.17,0.0411,Platinum,0.469,2024-11-29
CUST03629,West,Standard,2-Year,Manual-Online,Hotspot,App,Contract Issue,72,31.83,2396.57,63.43,14,False,68,5,Agent went above and beyond,Positive,0.8001,34.4,0,33.29,0.1918,Platinum,0.894,2024-07-25
CUST03630,West,Enterprise,2-Year,Auto-Pay,Tablet,Email,Speed Issue,54,87.47,4164.61,24.76,11,False,-31,5,Outstanding customer care,Positive,0.6113,48.2,0,77.12,0.2,Gold,0.7208,2023-01-16
CUST03631,West,Basic,Month-to-Month,Auto-Pay,Home Internet,Email,Speed Issue,19,205.12,4036.46,111.26,8,True,-77,3,Acceptable service,Neutral,0.473,100,1,212.45,0.4,Silver,0.4903,2023-03-01
CUST03632,West,Standard,2-Year,Auto-Pay,Hotspot,App,Device Problem,46,198.21,8434.18,81.58,3,True,-87,2,No accountability at all,Negative,0.2551,100,1,183.35,0.0638,Gold,0.3728,2023-11-29
CUST03633,Midwest,Premium,Month-to-Month,Mail,Home Internet,App,No Issue,25,173.41,3834.41,50.57,6,True,-12,4,Very happy with service,Positive,0.8027,64.4,0,153.38,0.2308,Silver,0.704,2022-05-25
CUST03634,Northeast,Enterprise,1-Year,Mail,Home Internet,Chat,Contract Issue,38,97.29,3455.91,45.41,8,True,34,5,Highly satisfied with resolution,Positive,0.7882,29.2,0,90.94,0.2051,Gold,0.8845,2022-04-11
CUST03635,West,Basic,1-Year,Auto-Pay,Smartphone,Email,No Issue,2,236.54,417.9,26.47,10,False,-98,4,Great network coverage,Positive,0.7339,89.6,1,208.95,3.3333,Bronze,0.5035,2023-12-22
CUST03636,Southeast,Standard,2-Year,In-Store,Smartphone,App,Contract Issue,39,93.5,3416.7,96.43,8,True,36,4,Excellent support experience,Positive,0.8133,58.8,0,87.61,0.2,Gold,0.788,2024-10-12
CUST03637,Midwest,Premium,1-Year,In-Store,Home Internet,In-Store,Plan Change,17,125.09,1898.4,52.6,0,True,29,5,Seamless experience overall,Positive,0.9772,14.2,0,111.67,0.0,Silver,0.8758,2023-04-25
CUST03638,Northeast,Standard,1-Year,In-Store,Business Line,Chat,Device Problem,60,90.48,5089.59,114.07,6,True,-24,1,Problem kept recurring,Negative,0.0161,100,1,84.83,0.0984,Platinum,0.383,2023-11-24
CUST03639,Midwest,Basic,Month-to-Month,Manual-Online,Tablet,Phone,No Issue,38,220.12,8781.45,89.81,15,True,75,4,Outstanding customer care,Positive,0.849,65.0,0,231.09,0.3846,Gold,0.8562,2024-05-15
CUST03640,Southeast,Basic,2-Year,In-Store,Tablet,Email,Billing Dispute,19,116.06,1929.15,81.74,3,True,90,5,Highly satisfied with resolution,Positive,0.9869,8.0,0,101.53,0.15,Silver,0.9825,2022-11-08
CUST03641,West,Standard,Month-to-Month,Manual-Online,Smartphone,Chat,Device Problem,67,216.59,14154.43,41.04,15,True,7,2,Terrible wait times,Negative,0.2517,100,1,211.26,0.2206,Platinum,0.5373,2022-10-03
CUST03642,Northeast,Basic,Month-to-Month,Mail,Home Internet,App,Network Outage,61,66.23,3617.33,37.11,2,True,-28,5,Seamless experience overall,Positive,0.9242,29.6,0,59.3,0.0323,Platinum,0.776,2024-06-19
CUST03643,Midwest,Basic,2-Year,Auto-Pay,Business Line,Phone,Device Problem,11,172.27,1972.45,95.17,3,True,92,1,No accountability at all,Negative,0.0509,100,1,179.31,0.25,Bronze,0.586,2022-10-15
CUST03644,West,Enterprise,2-Year,Manual-Online,Hotspot,Phone,No Issue,77,87.88,6067.1,54.16,3,False,63,5,Problem resolved quickly,Positive,0.7269,13.4,0,78.79,0.0385,Platinum,0.8852,2023-07-28
CUST03645,West,Standard,1-Year,In-Store,Hotspot,In-Store,Billing Dispute,40,213.47,8929.64,54.21,14,True,72,4,Very professional support team,Positive,0.9694,63.6,0,223.24,0.3415,Gold,0.851,2022-09-11
CUST03646,Southwest,Basic,1-Year,Auto-Pay,Tablet,Phone,Network Outage,55,127.5,6105.27,18.26,3,True,-10,3,Average experience,Neutral,0.5492,88.0,1,111.0,0.0536,Gold,0.6075,2024-06-17
CUST03647,Southeast,Enterprise,1-Year,Auto-Pay,Hotspot,Chat,Speed Issue,44,231.8,9771.88,108.53,2,True,1,3,Expected better response time,Neutral,0.4104,83.8,1,222.09,0.0444,Gold,0.6268,2022-03-08
CUST03648,West,Standard,Month-to-Month,Mail,Home Internet,Email,No Issue,44,237.34,10379.63,60.62,1,True,-28,2,Very disappointed with service,Negative,0.293,100,1,235.9,0.0222,Gold,0.476,2024-09-22
CUST03649,Southwest,Premium,1-Year,Mail,Smartphone,Chat,Contract Issue,74,119.31,8242.24,79.48,12,False,46,2,Will consider switching providers,Negative,0.2222,100,1,111.38,0.16,Platinum,0.5555,2024-10-07
CUST03650,Southwest,Standard,1-Year,Auto-Pay,Home Internet,App,Plan Change,77,39.13,3073.37,58.94,5,True,27,5,Great network coverage,Positive,0.9952,24.6,0,39.91,0.0641,Platinum,0.8722,2023-05-14
CUST03651,Southwest,Basic,Month-to-Month,Auto-Pay,Tablet,In-Store,Network Outage,36,31.19,1121.32,10.73,10,True,83,4,Outstanding customer care,Positive,0.9101,53.4,0,31.15,0.2703,Gold,0.8702,2024-09-13
CUST03652,Midwest,Premium,1-Year,Mail,Tablet,Phone,Network Outage,83,231.35,17585.01,44.49,12,False,88,5,Great network coverage,Positive,0.9319,26.4,0,211.87,0.1429,Platinum,0.929,2023-08-13
CUST03653,Southwest,Basic,1-Year,In-Store,Hotspot,In-Store,Speed Issue,24,31.61,664.21,119.37,4,True,-23,2,Issue still not resolved,Negative,0.2906,100,1,27.68,0.16,Silver,0.4848,2022-12-26
CUST03654,Midwest,Standard,2-Year,Auto-Pay,Smartphone,Phone,Contract Issue,60,220.51,11717.33,33.43,5,True,-92,5,Agent went above and beyond,Positive,0.8428,48.4,0,195.29,0.082,Platinum,0.664,2024-05-08
CUST03655,Midwest,Enterprise,Month-to-Month,In-Store,Tablet,In-Store,Speed Issue,14,68.67,846.21,58.69,2,True,46,5,Very happy with service,Positive,0.732,14.8,0,60.44,0.1333,Silver,0.9055,2022-01-12
CUST03656,Southeast,Standard,Month-to-Month,In-Store,Home Internet,Chat,Network Outage,22,170.99,3947.5,11.01,6,False,36,1,No accountability at all,Negative,0.0926,100,1,179.43,0.2609,Silver,0.438,2024-04-17
CUST03657,Midwest,Standard,2-Year,Manual-Online,Business Line,Email,Speed Issue,47,38.64,1771.51,23.47,0,True,76,5,Agent was very helpful,Positive,0.8632,4.8,0,37.69,0.0,Gold,0.958,2023-09-06
CUST03658,Midwest,Basic,Month-to-Month,Auto-Pay,Home Internet,Chat,Billing Dispute,66,111.61,7228.46,58.82,8,True,48,2,Very disappointed with service,Negative,0.2429,100,1,109.52,0.1194,Platinum,0.609,2024-02-22
CUST03659,Midwest,Basic,1-Year,Auto-Pay,Smartphone,App,Network Outage,24,67.42,1411.84,80.81,5,True,-85,1,Agent was unhelpful,Negative,0.0537,100,1,58.83,0.2,Silver,0.2762,2022-11-20
CUST03660,Northeast,Standard,2-Year,Manual-Online,Business Line,Email,No Issue,65,226.68,13358.39,23.21,7,True,-91,2,Billing overcharge not fixed,Negative,0.2345,100,1,205.51,0.1061,Platinum,0.3658,2022-06-23
CUST03661,West,Basic,Month-to-Month,Auto-Pay,Business Line,App,Speed Issue,29,180.15,5447.86,1.01,15,True,69,2,No accountability at all,Negative,0.0266,100,1,187.86,0.5,Silver,0.6457,2023-08-24
CUST03662,Southeast,Premium,Month-to-Month,In-Store,Smartphone,App,No Issue,74,133.02,9560.76,64.94,2,False,4,2,Issue still not resolved,Negative,0.1784,100,1,129.2,0.0267,Platinum,0.482,2022-07-30
CUST03663,Northeast,Premium,1-Year,Manual-Online,Smartphone,In-Store,Contract Issue,58,249.88,12546.2,35.79,0,True,72,5,Great network coverage,Positive,0.6549,5.6,0,216.31,0.0,Gold,0.951,2022-02-26
CUST03664,West,Premium,2-Year,In-Store,Home Internet,Phone,Contract Issue,81,36.52,2529.57,66.1,5,False,-52,4,Agent was very helpful,Positive,0.8592,70.4,1,31.23,0.061,Platinum,0.584,2023-02-23
CUST03665,Southwest,Enterprise,Month-to-Month,In-Store,Tablet,Chat,Contract Issue,82,99.38,7498.49,82.83,14,True,95,4,Seamless experience overall,Positive,0.9784,59.0,0,91.44,0.1687,Platinum,0.8913,2022-05-27
CUST03666,Southeast,Enterprise,2-Year,In-Store,Hotspot,Chat,Billing Dispute,30,34.77,1090.51,54.61,10,True,-37,2,Will consider switching providers,Negative,0.1364,100,1,36.35,0.3226,Silver,0.4602,2022-03-31
CUST03667,West,Standard,Month-to-Month,Mail,Business Line,In-Store,No Issue,71,142.1,10521.13,100.94,3,True,-85,2,Poor network reliability,Negative,0.1629,100,1,148.18,0.0417,Platinum,0.3762,2023-12-07
CUST03668,Midwest,Basic,1-Year,Auto-Pay,Tablet,In-Store,No Issue,12,124.27,1383.92,117.73,8,True,75,1,Worst customer service experience,Negative,0.2245,100,1,115.33,0.6154,Silver,0.5562,2022-09-24
CUST03669,Southeast,Premium,2-Year,In-Store,Business Line,Chat,Plan Change,3,119.63,325.9,99.61,5,False,40,1,Problem kept recurring,Negative,0.2928,100,1,108.63,1.25,Bronze,0.445,2023-12-01
CUST03670,West,Premium,2-Year,Mail,Smartphone,In-Store,Network Outage,75,57.24,3992.67,62.07,10,True,-43,3,Nothing exceptional,Neutral,0.3676,100,1,53.24,0.1316,Platinum,0.5497,2023-09-02
CUST03671,Southeast,Basic,2-Year,Manual-Online,Home Internet,App,Device Problem,65,142.16,8218.82,15.03,5,True,28,3,Service was okay,Neutral,0.4928,84.4,1,126.44,0.0758,Platinum,0.674,2024-03-30
CUST03672,Midwest,Premium,2-Year,Auto-Pay,Tablet,Email,Speed Issue,7,104.94,743.05,53.02,11,True,49,4,Outstanding customer care,Positive,0.8796,62.2,0,106.15,1.375,Bronze,0.8108,2023-12-09
CUST03673,Northeast,Premium,1-Year,In-Store,Business Line,Phone,No Issue,3,160.44,436.08,44.47,2,True,93,5,Problem resolved quickly,Positive,0.6289,5.4,0,145.36,0.5,Bronze,0.9878,2022-07-20
CUST03674,West,Premium,2-Year,In-Store,Hotspot,Phone,Network Outage,66,82.04,5278.23,69.22,14,True,-61,4,Very professional support team,Positive,0.9303,90.2,1,79.97,0.209,Platinum,0.6182,2024-04-20
CUST03675,Southeast,Basic,1-Year,In-Store,Hotspot,Chat,Plan Change,39,243.93,9097.46,81.2,9,True,11,2,Poor network reliability,Negative,0.1519,100,1,233.27,0.225,Gold,0.5443,2022-05-11
CUST03676,Northeast,Premium,2-Year,Manual-Online,Hotspot,Chat,Network Outage,14,56.44,815.43,71.34,9,False,-60,2,Issue still not resolved,Negative,0.1302,100,1,58.24,0.6,Silver,0.37,2024-02-10
CUST03677,Midwest,Premium,1-Year,Manual-Online,Home Internet,Phone,Billing Dispute,7,235.66,1499.64,81.82,6,True,-19,5,Very happy with service,Positive,0.6315,35.8,0,214.23,0.75,Bronze,0.7917,2024-03-22
CUST03678,Midwest,Basic,1-Year,In-Store,Hotspot,In-Store,Plan Change,37,216.84,7244.26,47.4,14,True,-13,5,Agent was very helpful,Positive,0.8761,50.6,0,195.79,0.3684,Gold,0.8023,2023-02-04
CUST03679,Southwest,Enterprise,Month-to-Month,In-Store,Home Internet,In-Store,Speed Issue,13,174.47,1983.49,98.49,13,True,6,4,Seamless experience overall,Positive,0.7608,74.8,1,152.58,0.9286,Silver,0.7355,2022-01-28
CUST03680,West,Standard,Month-to-Month,Mail,Hotspot,Email,Plan Change,51,55.19,2457.67,7.63,13,False,46,4,Very professional support team,Positive,0.9541,66.8,1,48.19,0.25,Gold,0.7555,2023-01-12
CUST03681,Midwest,Enterprise,Month-to-Month,Manual-Online,Hotspot,Email,Network Outage,55,162.12,7886.1,109.12,2,True,6,2,Agent was unhelpful,Negative,0.2998,100,1,143.38,0.0357,Gold,0.5355,2023-08-06
CUST03682,West,Enterprise,2-Year,In-Store,Smartphone,In-Store,Contract Issue,28,79.14,1993.13,88.99,1,True,-87,4,Agent went above and beyond,Positive,0.7911,69.4,1,71.18,0.0345,Silver,0.5728,2022-04-03
CUST03683,Midwest,Standard,1-Year,In-Store,Smartphone,Phone,Speed Issue,71,214.7,15334.87,12.88,11,True,56,5,Very happy with service,Positive,0.8511,30.8,0,215.98,0.1528,Platinum,0.923,2024-03-15
CUST03684,Northeast,Premium,1-Year,In-Store,Business Line,In-Store,Device Problem,1,242.41,238.46,45.14,14,False,-22,4,Very happy with service,Positive,0.6815,82.4,1,238.46,7.0,Bronze,0.6365,2024-02-09
CUST03685,Southeast,Standard,1-Year,Manual-Online,Business Line,In-Store,Device Problem,23,61.59,1231.99,74.98,4,True,16,2,Terrible wait times,Negative,0.294,100,1,53.56,0.1667,Silver,0.553,2024-05-07
CUST03686,West,Standard,2-Year,Auto-Pay,Home Internet,Chat,Device Problem,21,139.52,2780.39,20.41,6,False,-5,4,Agent went above and beyond,Positive,0.6301,63.0,0,132.4,0.2727,Silver,0.6663,2023-06-15
CUST03687,West,Enterprise,1-Year,In-Store,Home Internet,Chat,Device Problem,33,36.15,1051.33,48.0,4,True,-35,5,Outstanding customer care,Positive,0.9258,35.0,0,31.86,0.1176,Silver,0.7638,2023-11-26
CUST03688,West,Standard,1-Year,In-Store,Business Line,Chat,Device Problem,56,89.58,4984.17,22.88,3,True,34,1,Will consider switching providers,Negative,0.2715,100,1,89.0,0.0526,Gold,0.4845,2023-11-28
CUST03689,West,Basic,2-Year,Manual-Online,Tablet,App,Contract Issue,3,138.03,353.02,76.21,3,True,0,4,Seamless experience overall,Positive,0.6038,56.0,0,117.67,0.75,Bronze,0.725,2023-01-31
CUST03690,Southeast,Basic,2-Year,In-Store,Smartphone,App,Plan Change,26,149.47,3602.89,48.28,12,True,-22,5,Great network coverage,Positive,0.9801,48.4,0,138.57,0.4444,Silver,0.7865,2024-01-16
CUST03691,West,Basic,Month-to-Month,Auto-Pay,Tablet,Chat,Plan Change,76,126.99,8895.5,46.8,0,True,-86,3,Issue eventually resolved,Neutral,0.5795,97.2,1,117.05,0.0,Platinum,0.4745,2022-06-02
CUST03692,West,Enterprise,2-Year,Auto-Pay,Tablet,Chat,Device Problem,26,102.12,2536.26,24.06,13,True,61,1,No accountability at all,Negative,0.2359,100,1,97.55,0.4815,Silver,0.5317,2024-11-20
CUST03693,Southwest,Basic,1-Year,Mail,Hotspot,App,Plan Change,63,109.24,6824.88,31.12,1,True,-24,5,Problem resolved quickly,Positive,0.8007,26.8,0,108.33,0.0156,Platinum,0.783,2022-05-17
CUST03694,Southeast,Standard,1-Year,Manual-Online,Hotspot,Email,No Issue,34,180.97,5644.32,110.09,0,True,88,4,Problem resolved quickly,Positive,0.8608,32.4,0,166.01,0.0,Silver,0.879,2022-09-13
CUST03695,Southwest,Premium,Month-to-Month,Mail,Smartphone,Email,Contract Issue,46,204.5,8833.57,62.6,9,True,87,4,Agent went above and beyond,Positive,0.6913,50.6,0,192.03,0.1915,Gold,0.8773,2023-03-15
CUST03696,Northeast,Premium,Month-to-Month,Manual-Online,Business Line,Chat,Device Problem,26,212.76,5384.95,52.82,2,False,-38,2,Agent was unhelpful,Negative,0.2982,100,1,207.11,0.0741,Silver,0.4085,2023-12-23
CUST03697,West,Standard,1-Year,In-Store,Home Internet,Chat,Contract Issue,81,227.94,18623.14,40.18,1,True,-31,2,Worst customer service experience,Negative,0.0461,100,1,229.92,0.0122,Platinum,0.4708,2022-12-29
CUST03698,Southeast,Premium,1-Year,Manual-Online,Smartphone,Phone,Speed Issue,25,82.64,2152.21,11.52,5,True,-18,4,Outstanding customer care,Positive,0.8468,63.6,0,86.09,0.1923,Silver,0.6935,2022-05-22
CUST03699,Southeast,Enterprise,Month-to-Month,Mail,Business Line,Phone,Plan Change,79,129.17,8945.44,80.36,14,True,-64,3,Decent support,Neutral,0.5395,100,1,113.23,0.175,Platinum,0.513,2023-11-02
CUST03700,Southeast,Basic,2-Year,Auto-Pay,Home Internet,In-Store,Contract Issue,75,184.39,13075.9,2.79,12,True,40,5,Agent went above and beyond,Positive,0.7859,36.0,0,174.35,0.1579,Platinum,0.895,2023-06-25
CUST03701,Southeast,Premium,2-Year,Manual-Online,Hotspot,Email,Contract Issue,64,232.4,13851.76,81.07,11,False,-48,2,Worst customer service experience,Negative,0.2037,100,1,216.43,0.1692,Platinum,0.391,2022-06-16
CUST03702,Northeast,Basic,Month-to-Month,Manual-Online,Tablet,Chat,Network Outage,25,34.73,892.64,60.14,13,True,12,2,Very disappointed with service,Negative,0.1627,100,1,35.71,0.5,Silver,0.546,2024-04-21
CUST03703,Southwest,Basic,Month-to-Month,In-Store,Smartphone,Phone,Contract Issue,35,243.3,7312.9,18.35,10,True,-30,2,No accountability at all,Negative,0.099,100,1,208.94,0.2778,Silver,0.4725,2022-07-24
CUST03704,Northeast,Enterprise,2-Year,Manual-Online,Business Line,Phone,Billing Dispute,9,222.95,2022.47,76.34,15,True,35,4,Outstanding customer care,Positive,0.7547,73.0,0,224.72,1.5,Bronze,0.7863,2024-09-15
CUST03705,West,Enterprise,2-Year,Manual-Online,Business Line,Phone,Billing Dispute,4,192.75,687.54,2.74,14,False,-26,4,Outstanding customer care,Positive,0.6929,83.2,1,171.88,2.8,Bronze,0.6295,2023-12-01
CUST03706,Northeast,Standard,1-Year,Mail,Smartphone,Email,Speed Issue,44,201.76,7996.3,67.4,11,False,60,3,Service was okay,Neutral,0.4744,90.0,1,181.73,0.2444,Gold,0.68,2023-04-24
CUST03707,Southwest,Basic,1-Year,In-Store,Home Internet,App,Contract Issue,34,193.87,6380.74,28.65,3,False,-88,5,Very happy with service,Positive,0.9086,43.6,0,187.67,0.0857,Silver,0.621,2024-08-17
CUST03708,Midwest,Standard,2-Year,Manual-Online,Business Line,App,No Issue,47,198.61,8777.27,91.76,13,True,-93,3,Service was okay,Neutral,0.477,100,1,186.75,0.2708,Gold,0.4623,2023-05-06
CUST03709,Southwest,Enterprise,1-Year,In-Store,Business Line,App,Speed Issue,81,73.35,5942.63,94.09,0,True,-45,4,Problem resolved quickly,Positive,0.7007,59.0,0,73.37,0.0,Platinum,0.6462,2022-06-12
CUST03710,West,Enterprise,2-Year,Auto-Pay,Hotspot,In-Store,Contract Issue,71,43.59,3020.73,96.51,9,True,-11,2,Terrible wait times,Negative,0.1544,100,1,42.55,0.125,Platinum,0.5058,2023-06-21
CUST03711,Southwest,Basic,1-Year,Auto-Pay,Business Line,In-Store,Speed Issue,42,155.79,5688.27,61.3,6,True,98,1,Problem kept recurring,Negative,0.1167,100,1,135.44,0.1395,Gold,0.5965,2024-12-02
CUST03712,West,Premium,1-Year,Auto-Pay,Business Line,Email,No Issue,11,114.51,1255.38,8.44,3,False,41,4,Outstanding customer care,Positive,0.9859,47.8,0,114.13,0.25,Bronze,0.7468,2022-08-31
CUST03713,Northeast,Premium,1-Year,Mail,Tablet,Phone,Device Problem,23,215.64,4635.22,111.9,1,True,96,3,Could be improved,Neutral,0.4629,62.8,0,201.53,0.0417,Silver,0.793,2024-04-28
CUST03714,Midwest,Standard,1-Year,Mail,Business Line,In-Store,Device Problem,51,131.24,5974.98,100.82,0,True,-63,1,Poor network reliability,Negative,0.0832,100,1,117.16,0.0,Gold,0.3147,2024-05-29
CUST03715,Northeast,Premium,1-Year,Mail,Business Line,App,Plan Change,39,227.76,8774.89,13.05,11,True,53,5,Agent went above and beyond,Positive,0.8051,31.4,0,225.0,0.275,Gold,0.9178,2022-11-21
CUST03716,West,Enterprise,Month-to-Month,Auto-Pay,Business Line,Phone,Network Outage,63,54.1,3151.8,50.84,5,True,-43,5,Great network coverage,Positive,0.6081,38.6,0,50.03,0.0781,Platinum,0.7498,2024-07-01
CUST03717,Southeast,Standard,1-Year,Manual-Online,Tablet,Email,Network Outage,63,233.06,15299.63,89.47,3,True,9,2,Worst customer service experience,Negative,0.2757,100,1,242.85,0.0469,Platinum,0.5408,2024-07-02
CUST03718,Northeast,Premium,Month-to-Month,Auto-Pay,Hotspot,In-Store,Device Problem,60,213.55,11874.67,14.84,10,True,34,1,Worst customer service experience,Negative,0.0427,100,1,197.91,0.1639,Platinum,0.4845,2024-08-09
CUST03719,Southwest,Enterprise,Month-to-Month,Auto-Pay,Business Line,App,Billing Dispute,73,66.23,4332.47,86.08,8,True,-67,4,Very happy with service,Positive,0.8673,79.4,1,59.35,0.1081,Platinum,0.6078,2023-04-06
CUST03720,Midwest,Enterprise,1-Year,Manual-Online,Hotspot,Email,Billing Dispute,66,204.71,13578.31,66.28,5,True,-24,5,Highly satisfied with resolution,Positive,0.8514,34.8,0,205.73,0.0746,Platinum,0.783,2023-01-02
CUST03721,Southwest,Enterprise,1-Year,Mail,Hotspot,In-Store,Device Problem,41,80.04,3131.16,49.67,2,True,-13,2,Poor network reliability,Negative,0.2017,100,1,76.37,0.0476,Gold,0.5022,2022-06-28
CUST03722,Southeast,Standard,1-Year,Manual-Online,Tablet,Phone,Device Problem,39,214.66,7987.39,72.48,9,True,-27,5,Very professional support team,Positive,0.9848,43.4,0,204.8,0.225,Gold,0.7778,2022-10-26
CUST03723,Northeast,Premium,Month-to-Month,Mail,Tablet,Email,Plan Change,75,54.0,4215.67,12.08,15,False,-35,3,Average experience,Neutral,0.4691,100,1,56.21,0.1974,Platinum,0.5137,2024-06-06
CUST03724,Northeast,Standard,Month-to-Month,In-Store,Tablet,App,Device Problem,4,37.82,145.98,45.82,9,False,92,3,Issue eventually resolved,Neutral,0.4885,79.6,0,36.49,1.8,Bronze,0.736,2022-09-16
CUST03725,Southeast,Premium,1-Year,Manual-Online,Hotspot,Email,Network Outage,60,121.26,6407.33,73.54,4,True,8,4,Highly satisfied with resolution,Positive,0.7042,56.4,0,106.79,0.0656,Platinum,0.739,2024-04-29
CUST03726,West,Enterprise,Month-to-Month,Manual-Online,Home Internet,Chat,Device Problem,7,44.75,269.46,108.8,11,True,23,3,Acceptable service,Neutral,0.5641,97.4,1,38.49,1.375,Bronze,0.6653,2022-09-22
CUST03727,Midwest,Enterprise,2-Year,In-Store,Tablet,In-Store,Billing Dispute,14,134.62,1892.39,101.27,11,False,58,1,Problem kept recurring,Negative,0.2526,100,1,135.17,0.7333,Silver,0.4765,2022-06-15
CUST03728,Southwest,Enterprise,1-Year,Auto-Pay,Hotspot,App,Plan Change,16,146.26,2411.8,17.54,6,False,32,3,Could be improved,Neutral,0.3203,85.6,1,150.74,0.3529,Silver,0.631,2024-01-16
CUST03729,West,Basic,1-Year,Mail,Tablet,Chat,Billing Dispute,7,212.26,1339.72,58.97,2,True,-89,4,Agent went above and beyond,Positive,0.8064,71.8,1,191.39,0.25,Bronze,0.5693,2022-03-20
CUST03730,Northeast,Standard,1-Year,Auto-Pay,Business Line,In-Store,Billing Dispute,39,123.05,4276.11,10.79,4,False,62,3,Could be improved,Neutral,0.5388,75.6,0,109.64,0.1,Gold,0.6835,2024-11-02
CUST03731,Southeast,Enterprise,2-Year,Mail,Tablet,Phone,Billing Dispute,36,133.77,5056.04,116.62,12,True,91,3,Average experience,Neutral,0.5995,85.8,1,140.45,0.3243,Gold,0.7843,2022-09-21
CUST03732,West,Enterprise,2-Year,Manual-Online,Tablet,In-Store,Network Outage,7,246.78,1811.0,28.62,4,True,-36,5,Seamless experience overall,Positive,0.7749,35.2,0,258.71,0.5,Bronze,0.762,2022-03-05
CUST03733,Southeast,Enterprise,Month-to-Month,Auto-Pay,Smartphone,App,Billing Dispute,26,56.32,1359.07,62.97,10,True,-7,5,Excellent support experience,Positive,0.6767,41.4,0,52.27,0.3704,Silver,0.8128,2023-12-17
CUST03734,Southwest,Standard,2-Year,Mail,Tablet,In-Store,Contract Issue,37,128.25,4905.17,103.54,4,True,-16,5,Excellent support experience,Positive,0.8431,31.2,0,132.57,0.1053,Gold,0.797,2024-10-17
CUST03735,Southwest,Basic,2-Year,Manual-Online,Tablet,App,Billing Dispute,63,62.68,3958.12,66.88,5,True,58,2,Problem kept recurring,Negative,0.0959,100,1,62.83,0.0781,Platinum,0.6265,2022-07-09
CUST03736,Southeast,Enterprise,Month-to-Month,In-Store,Hotspot,Email,No Issue,37,35.9,1375.17,83.01,15,True,-10,2,Issue still not resolved,Negative,0.2763,100,1,37.17,0.3947,Gold,0.5075,2024-05-12
CUST03737,Southwest,Basic,1-Year,Auto-Pay,Tablet,Email,Plan Change,79,238.79,17081.43,13.51,15,True,20,5,Seamless experience overall,Positive,0.8057,46.0,0,216.22,0.1875,Platinum,0.86,2024-05-11
CUST03738,West,Premium,2-Year,Manual-Online,Home Internet,Chat,Billing Dispute,36,213.38,7991.76,90.35,9,True,27,5,Outstanding customer care,Positive,0.6559,32.6,0,221.99,0.2432,Gold,0.8722,2024-01-28
CUST03739,Southeast,Enterprise,Month-to-Month,Mail,Tablet,Phone,Device Problem,74,222.25,14641.07,18.52,9,True,45,4,Excellent support experience,Positive,0.6654,59.0,0,197.85,0.12,Platinum,0.8037,2022-11-22
CUST03740,West,Premium,Month-to-Month,In-Store,Tablet,In-Store,Plan Change,21,233.39,4211.6,70.0,4,True,83,5,Highly satisfied with resolution,Positive,0.6943,11.4,0,200.55,0.1818,Silver,0.9703,2023-10-01
CUST03741,Northeast,Standard,2-Year,Mail,Smartphone,App,Plan Change,46,81.93,3953.75,85.05,15,True,11,3,Expected better response time,Neutral,0.597,100,1,85.95,0.3191,Gold,0.6442,2024-10-08
CUST03742,Midwest,Enterprise,1-Year,Manual-Online,Home Internet,Phone,Device Problem,49,163.88,7247.83,9.24,10,True,-72,5,Very happy with service,Positive,0.7178,54.4,0,147.91,0.2,Gold,0.699,2023-09-07
CUST03743,West,Premium,Month-to-Month,In-Store,Smartphone,Email,No Issue,14,103.35,1308.92,2.52,1,True,-16,4,Agent was very helpful,Positive,0.7845,55.2,0,93.49,0.0667,Silver,0.697,2022-01-22
CUST03744,West,Basic,Month-to-Month,In-Store,Smartphone,Chat,No Issue,77,51.78,4031.82,116.83,11,True,12,2,Issue still not resolved,Negative,0.1384,100,1,52.36,0.141,Platinum,0.546,2023-06-21
CUST03745,Northeast,Premium,1-Year,Mail,Hotspot,Phone,Billing Dispute,16,109.75,1794.11,39.36,2,False,-24,2,Will consider switching providers,Negative,0.1586,100,1,112.13,0.1176,Silver,0.433,2024-11-30
CUST03746,Southwest,Standard,1-Year,Mail,Smartphone,Chat,Plan Change,59,85.46,4391.75,98.15,13,True,96,5,Seamless experience overall,Positive,0.8921,26.8,0,74.44,0.2167,Gold,0.993,2024-09-29
CUST03747,Northeast,Enterprise,Month-to-Month,Manual-Online,Smartphone,In-Store,Speed Issue,45,212.6,9717.81,49.42,3,False,-19,5,Outstanding customer care,Positive,0.6401,29.8,0,215.95,0.0652,Gold,0.7417,2023-02-07
CUST03748,Northeast,Basic,2-Year,Manual-Online,Tablet,Phone,Billing Dispute,53,94.3,4426.05,50.99,13,False,-56,5,Great network coverage,Positive,0.6962,57.2,0,83.51,0.2407,Gold,0.677,2022-06-23
CUST03749,Southwest,Premium,2-Year,Auto-Pay,Smartphone,Phone,No Issue,65,184.31,11855.72,22.13,12,True,84,5,Very happy with service,Positive,0.6707,27.2,0,182.4,0.1818,Platinum,0.972,2023-10-02
CUST03750,Southwest,Standard,2-Year,Auto-Pay,Tablet,Chat,Speed Issue,14,168.2,2077.49,89.46,10,True,79,4,Seamless experience overall,Positive,0.6698,54.2,0,148.39,0.6667,Silver,0.8633,2023-01-13
CUST03751,Midwest,Enterprise,2-Year,Manual-Online,Home Internet,Phone,Device Problem,68,53.55,3257.26,39.72,7,True,-17,2,Very disappointed with service,Negative,0.0205,100,1,47.9,0.1014,Platinum,0.4952,2022-07-01
CUST03752,Southwest,Basic,Month-to-Month,Manual-Online,Smartphone,In-Store,Network Outage,68,145.77,10060.65,67.81,1,True,61,2,Poor network reliability,Negative,0.0792,99.8,1,147.95,0.0145,Platinum,0.6318,2023-02-12
CUST03753,West,Premium,Month-to-Month,Auto-Pay,Smartphone,Chat,Billing Dispute,57,206.57,10650.62,22.24,1,True,80,1,Will consider switching providers,Negative,0.024,100,1,186.85,0.0172,Gold,0.565,2024-08-03
CUST03754,Northeast,Premium,2-Year,Auto-Pay,Business Line,Email,Contract Issue,16,48.32,764.42,100.61,10,True,70,3,Average experience,Neutral,0.5176,86.0,1,47.78,0.5882,Silver,0.7475,2023-12-05
CUST03755,Northeast,Basic,Month-to-Month,Manual-Online,Business Line,In-Store,No Issue,43,43.18,1771.81,48.04,1,True,44,1,Agent was unhelpful,Negative,0.1673,100,1,41.2,0.0227,Gold,0.502,2024-06-17
CUST03756,Southwest,Basic,1-Year,Manual-Online,Home Internet,Chat,Plan Change,12,36.92,409.36,37.06,8,False,80,5,Great network coverage,Positive,0.9174,20.0,0,34.11,0.6154,Silver,0.915,2022-09-05
CUST03757,West,Premium,1-Year,Auto-Pay,Smartphone,App,Speed Issue,72,80.01,6013.4,65.19,7,True,52,1,Problem kept recurring,Negative,0.1007,100,1,83.52,0.0959,Platinum,0.516,2023-04-12
CUST03758,West,Standard,1-Year,Mail,Business Line,App,Contract Issue,8,107.86,865.47,82.25,9,False,-14,1,Will consider switching providers,Negative,0.2552,100,1,108.18,1.0,Bronze,0.3505,2024-09-18
CUST03759,Southwest,Standard,1-Year,Mail,Tablet,In-Store,No Issue,35,215.57,7900.4,112.34,11,True,29,5,Excellent support experience,Positive,0.6401,36.2,0,225.73,0.3056,Silver,0.8758,2024-01-31
CUST03760,Midwest,Enterprise,1-Year,Auto-Pay,Home Internet,Chat,Device Problem,58,109.38,5933.23,107.74,4,False,-82,1,Worst customer service experience,Negative,0.031,100,1,102.3,0.0678,Gold,0.2315,2022-03-11
CUST03761,Midwest,Standard,Month-to-Month,Manual-Online,Smartphone,In-Store,Network Outage,45,81.48,3402.99,18.13,2,True,59,4,Great network coverage,Positive,0.6085,42.2,0,75.62,0.0435,Gold,0.8283,2024-08-14
CUST03762,Southwest,Enterprise,Month-to-Month,Mail,Business Line,Chat,Billing Dispute,67,99.87,6036.37,56.5,10,True,91,4,Outstanding customer care,Positive,0.9859,51.8,0,90.1,0.1471,Platinum,0.8842,2022-07-23
CUST03763,Midwest,Premium,1-Year,Manual-Online,Business Line,Email,Speed Issue,53,193.95,9083.13,48.46,13,True,52,3,Acceptable service,Neutral,0.3323,95.6,1,171.38,0.2407,Gold,0.716,2023-04-13
CUST03764,Southwest,Standard,Month-to-Month,In-Store,Business Line,Email,Billing Dispute,41,231.51,9780.03,69.29,5,False,18,4,Seamless experience overall,Positive,0.6356,56.4,0,238.54,0.119,Gold,0.7065,2024-01-27
CUST03765,Southwest,Enterprise,Month-to-Month,Mail,Smartphone,Chat,Billing Dispute,27,52.96,1284.78,116.2,15,False,-83,5,Very professional support team,Positive,0.9142,66.6,1,47.58,0.5357,Silver,0.6298,2024-12-10
CUST03766,Southwest,Standard,2-Year,Manual-Online,Smartphone,App,Billing Dispute,58,239.37,12191.83,39.03,9,True,-87,5,Very happy with service,Positive,0.9425,55.4,0,210.2,0.1525,Gold,0.6727,2023-01-18
CUST03767,Midwest,Basic,2-Year,In-Store,Home Internet,In-Store,Contract Issue,51,30.81,1613.33,103.99,13,True,-54,3,Average experience,Neutral,0.5585,100,1,31.63,0.25,Gold,0.5305,2024-12-02
CUST03768,Southwest,Enterprise,Month-to-Month,Mail,Business Line,Email,Billing Dispute,57,174.96,9001.55,14.69,0,True,-32,1,Issue still not resolved,Negative,0.1487,100,1,157.92,0.0,Gold,0.369,2022-10-07
CUST03769,Southeast,Enterprise,2-Year,Mail,Tablet,Chat,Plan Change,2,102.29,183.07,101.03,1,True,72,5,Agent was very helpful,Positive,0.7319,7.6,0,91.53,0.3333,Bronze,0.951,2024-12-15
CUST03770,West,Premium,1-Year,Auto-Pay,Hotspot,App,Speed Issue,41,40.06,1463.15,30.57,14,True,81,3,Issue eventually resolved,Neutral,0.5565,91.8,1,35.69,0.3333,Gold,0.7668,2024-02-14
CUST03771,Midwest,Basic,Month-to-Month,Mail,Smartphone,Email,Contract Issue,4,32.34,116.6,62.28,4,False,37,2,Issue still not resolved,Negative,0.0429,100,1,29.15,0.8,Bronze,0.5397,2022-10-23
CUST03772,Northeast,Premium,Month-to-Month,Mail,Tablet,Chat,Device Problem,55,180.75,9588.47,85.76,15,True,73,4,Great network coverage,Positive,0.7733,65.4,0,174.34,0.2679,Gold,0.8528,2024-07-07
CUST03773,Southeast,Premium,Month-to-Month,Auto-Pay,Home Internet,App,Device Problem,32,123.23,4091.77,62.25,8,True,68,2,Terrible wait times,Negative,0.0325,100,1,127.87,0.2424,Silver,0.644,2022-01-17
CUST03774,Southwest,Basic,1-Year,Manual-Online,Smartphone,Phone,Speed Issue,59,45.6,2619.79,71.33,6,False,8,1,Worst customer service experience,Negative,0.1081,100,1,44.4,0.1,Gold,0.389,2024-11-04
CUST03775,Northeast,Standard,1-Year,Mail,Smartphone,In-Store,Billing Dispute,84,184.54,13416.03,114.3,10,True,15,3,Waited longer than expected,Neutral,0.3587,97.0,1,159.71,0.1176,Platinum,0.6512,2022-08-27
CUST03776,West,Standard,1-Year,In-Store,Smartphone,App,Network Outage,35,234.83,7435.28,25.65,1,True,32,5,Highly satisfied with resolution,Positive,0.8751,15.6,0,212.44,0.0278,Silver,0.881,2023-10-03
CUST03777,Southwest,Basic,Month-to-Month,Mail,Home Internet,Chat,Device Problem,41,212.44,8061.85,82.16,10,False,48,1,No accountability at all,Negative,0.0206,100,1,196.63,0.2381,Gold,0.459,2024-05-18
CUST03778,Southwest,Standard,Month-to-Month,Auto-Pay,Smartphone,In-Store,Contract Issue,27,151.77,4044.44,40.14,9,True,13,1,Poor network reliability,Negative,0.2893,100,1,149.79,0.3214,Silver,0.4477,2023-01-02
CUST03779,Southwest,Enterprise,2-Year,Manual-Online,Tablet,Email,Plan Change,57,119.64,7096.6,93.76,7,True,36,4,Seamless experience overall,Positive,0.8574,56.8,0,124.5,0.1207,Gold,0.788,2024-02-21
CUST03780,Northeast,Basic,Month-to-Month,Auto-Pay,Smartphone,App,Plan Change,55,58.95,2991.67,10.44,3,True,93,4,Excellent support experience,Positive,0.818,37.4,0,54.39,0.0536,Gold,0.8878,2022-10-13
CUST03781,West,Premium,Month-to-Month,Manual-Online,Home Internet,Chat,Contract Issue,2,118.53,213.82,51.36,13,True,6,3,Service was okay,Neutral,0.385,100,1,106.91,4.3333,Bronze,0.6355,2022-06-21
CUST03782,Northeast,Standard,1-Year,In-Store,Business Line,In-Store,Network Outage,55,95.86,4919.07,117.15,5,True,79,2,No accountability at all,Negative,0.2186,100,1,89.44,0.0893,Gold,0.6633,2024-07-01
CUST03783,West,Premium,Month-to-Month,In-Store,Hotspot,In-Store,No Issue,18,56.66,917.49,110.89,2,True,-37,5,Agent went above and beyond,Positive,0.8102,31.4,0,50.97,0.1053,Silver,0.7602,2023-05-11
CUST03784,Southwest,Basic,Month-to-Month,Manual-Online,Business Line,In-Store,Device Problem,63,189.47,10572.75,2.95,2,True,-45,3,Expected better response time,Neutral,0.3567,93.0,1,167.82,0.0312,Platinum,0.5463,2024-04-25
CUST03785,Southwest,Premium,2-Year,In-Store,Business Line,Phone,Device Problem,72,75.22,5118.65,34.22,15,True,-57,3,Issue eventually resolved,Neutral,0.5852,100,1,71.09,0.2055,Platinum,0.5252,2023-11-08
CUST03786,Midwest,Premium,2-Year,Mail,Business Line,Email,Device Problem,21,248.07,5143.75,6.05,2,True,39,1,Issue still not resolved,Negative,0.1458,100,1,244.94,0.0909,Silver,0.4932,2024-02-28
CUST03787,Southwest,Premium,1-Year,In-Store,Tablet,App,Network Outage,75,113.26,8817.46,21.66,15,True,-98,3,Nothing exceptional,Neutral,0.5906,100,1,117.57,0.1974,Platinum,0.4535,2023-07-10
CUST03788,West,Basic,Month-to-Month,Auto-Pay,Smartphone,In-Store,Network Outage,12,114.22,1176.73,6.2,5,True,-64,2,Will consider switching providers,Negative,0.1422,100,1,98.06,0.3846,Silver,0.413,2024-06-15
CUST03789,West,Enterprise,1-Year,Manual-Online,Tablet,App,Plan Change,73,148.0,10431.34,66.57,10,True,-8,5,Great network coverage,Positive,0.7202,41.6,0,142.9,0.1351,Platinum,0.811,2022-08-28
CUST03790,Southwest,Premium,2-Year,Manual-Online,Hotspot,In-Store,No Issue,38,180.17,7033.26,14.72,0,True,85,3,Got what I needed but took a while,Neutral,0.4355,63.0,0,185.09,0.0,Gold,0.7737,2022-02-06
CUST03791,West,Basic,1-Year,Manual-Online,Business Line,Email,Device Problem,31,142.45,3779.45,83.23,7,False,-99,4,Great network coverage,Positive,0.7488,83.8,1,121.92,0.2188,Silver,0.5018,2022-09-19
CUST03792,Southeast,Enterprise,Month-to-Month,Mail,Tablet,Email,Billing Dispute,44,92.01,3672.48,61.37,10,True,93,1,Poor network reliability,Negative,0.2462,100,1,83.47,0.2222,Gold,0.5877,2022-05-06
CUST03793,Northeast,Basic,1-Year,In-Store,Hotspot,Chat,Speed Issue,76,176.34,12264.2,66.24,9,True,-62,4,Very happy with service,Positive,0.6303,80.4,1,161.37,0.1169,Platinum,0.6165,2024-01-09
CUST03794,Southeast,Standard,2-Year,Mail,Business Line,Phone,Contract Issue,69,82.51,5506.72,71.71,4,True,28,1,Issue still not resolved,Negative,0.1968,100,1,79.81,0.0571,Platinum,0.474,2024-10-01
CUST03795,Midwest,Basic,Month-to-Month,Mail,Hotspot,Phone,No Issue,19,115.06,2092.83,87.51,8,True,-58,2,Worst customer service experience,Negative,0.0124,100,1,110.15,0.4,Silver,0.4235,2023-03-13
CUST03796,Midwest,Enterprise,1-Year,Manual-Online,Business Line,Email,Speed Issue,19,92.85,1669.32,103.08,5,False,-27,4,Problem resolved quickly,Positive,0.8567,65.4,0,87.86,0.25,Silver,0.6278,2023-03-26
CUST03797,Midwest,Standard,Month-to-Month,Mail,Smartphone,Phone,Network Outage,18,62.98,1064.6,45.68,15,True,35,2,Billing overcharge not fixed,Negative,0.2014,100,1,59.14,0.7895,Silver,0.5862,2022-05-27
CUST03798,West,Standard,Month-to-Month,Auto-Pay,Business Line,Chat,Contract Issue,74,186.12,14288.72,35.39,4,True,-72,2,Agent was unhelpful,Negative,0.1069,100,1,193.09,0.0533,Platinum,0.399,2024-10-05
CUST03799,Midwest,Standard,Month-to-Month,Manual-Online,Tablet,Chat,No Issue,80,78.47,5951.26,32.15,1,True,55,2,Worst customer service experience,Negative,0.1328,100,1,74.39,0.0123,Platinum,0.6212,2024-12-28
CUST03800,Midwest,Basic,1-Year,In-Store,Hotspot,Email,No Issue,77,98.56,6865.68,37.4,14,True,25,2,Agent was unhelpful,Negative,0.0491,100,1,89.16,0.1795,Platinum,0.5687,2023-04-19
CUST03801,Southeast,Premium,2-Year,Manual-Online,Tablet,In-Store,Contract Issue,46,111.81,5081.19,76.91,7,False,38,3,Waited longer than expected,Neutral,0.3588,86.4,1,110.46,0.1489,Gold,0.6415,2022-06-06
CUST03802,Northeast,Enterprise,1-Year,Manual-Online,Smartphone,Phone,No Issue,54,85.49,4790.06,83.67,12,False,-10,4,Seamless experience overall,Positive,0.6428,76.0,0,88.7,0.2182,Gold,0.6575,2024-09-07
CUST03803,Northeast,Premium,2-Year,Auto-Pay,Business Line,Phone,Network Outage,29,81.1,2185.13,92.92,11,True,-96,1,No accountability at all,Negative,0.0915,100,1,75.35,0.3667,Silver,0.257,2022-04-23
CUST03804,Southeast,Premium,Month-to-Month,Auto-Pay,Tablet,In-Store,Network Outage,18,35.19,622.25,78.96,4,True,-79,4,Great network coverage,Positive,0.9994,73.8,0,34.57,0.2105,Silver,0.5868,2022-09-16
CUST03805,West,Basic,1-Year,Mail,Business Line,In-Store,Device Problem,30,30.15,855.77,75.33,13,True,39,5,Agent went above and beyond,Positive,0.921,38.2,0,28.53,0.4194,Silver,0.8932,2024-11-09
CUST03806,West,Premium,1-Year,Auto-Pay,Business Line,Phone,Plan Change,73,197.46,13907.63,115.43,2,True,-68,5,Great network coverage,Positive,0.7221,37.6,0,190.52,0.027,Platinum,0.706,2023-03-02
CUST03807,Southwest,Standard,1-Year,Auto-Pay,Business Line,Phone,Network Outage,57,111.19,5550.04,86.56,9,False,-52,2,Issue still not resolved,Negative,0.2531,100,1,97.37,0.1552,Gold,0.384,2022-01-27
CUST03808,West,Premium,Month-to-Month,Manual-Online,Tablet,Phone,Plan Change,51,230.97,12288.9,9.42,3,False,-3,3,Issue eventually resolved,Neutral,0.5942,86.6,1,240.96,0.0577,Gold,0.5697,2023-11-26
CUST03809,Northeast,Enterprise,1-Year,In-Store,Home Internet,Email,Plan Change,19,72.2,1279.99,45.61,15,True,10,5,Very happy with service,Positive,0.6207,48.0,0,67.37,0.75,Silver,0.8425,2022-01-31
CUST03810,Northeast,Premium,1-Year,Auto-Pay,Tablet,Phone,Network Outage,54,38.8,1786.29,63.86,9,True,44,1,Billing overcharge not fixed,Negative,0.1859,100,1,33.08,0.1636,Gold,0.502,2023-05-18
CUST03811,Northeast,Basic,1-Year,Manual-Online,Business Line,App,Plan Change,83,175.13,12999.8,91.74,0,True,88,3,Average experience,Neutral,0.4509,62.4,0,156.62,0.0,Platinum,0.779,2022-10-24
CUST03812,Southeast,Enterprise,Month-to-Month,Mail,Smartphone,Chat,Billing Dispute,80,229.43,16145.56,118.59,6,True,-83,2,Issue still not resolved,Negative,0.0118,100,1,201.82,0.0741,Platinum,0.3798,2024-01-12
CUST03813,Northeast,Basic,1-Year,Auto-Pay,Business Line,In-Store,No Issue,66,96.54,6030.31,4.11,4,True,48,4,Seamless experience overall,Positive,0.9334,48.4,0,91.37,0.0597,Platinum,0.809,2024-04-10
CUST03814,West,Standard,Month-to-Month,Auto-Pay,Smartphone,App,Speed Issue,43,74.24,3094.53,103.12,8,True,-66,2,Agent was unhelpful,Negative,0.0493,100,1,71.97,0.1818,Gold,0.4095,2022-06-12
CUST03815,Midwest,Enterprise,2-Year,Manual-Online,Hotspot,Chat,Device Problem,49,208.45,9082.43,98.52,14,True,-90,5,Outstanding customer care,Positive,0.9272,66.0,1,185.36,0.28,Gold,0.6675,2023-06-16
CUST03816,Southwest,Standard,Month-to-Month,Mail,Hotspot,App,No Issue,28,248.32,5922.65,118.76,12,True,11,5,Seamless experience overall,Positive,0.9784,41.8,0,211.52,0.4138,Silver,0.8443,2024-02-25
CUST03817,Southeast,Basic,1-Year,Manual-Online,Home Internet,Phone,Network Outage,41,135.82,5340.58,64.15,12,True,53,1,Very disappointed with service,Negative,0.0307,100,1,130.26,0.2857,Gold,0.5177,2023-03-10
CUST03818,Southwest,Basic,Month-to-Month,Manual-Online,Business Line,Email,No Issue,57,152.13,7590.1,118.72,6,True,73,3,Average experience,Neutral,0.3643,77.4,1,133.16,0.1034,Gold,0.7528,2022-10-18
CUST03819,Southeast,Standard,1-Year,Manual-Online,Tablet,In-Store,Speed Issue,10,33.66,303.51,33.69,4,True,-99,3,Got what I needed but took a while,Neutral,0.5352,100,1,30.35,0.3636,Bronze,0.4517,2024-06-15
CUST03820,West,Enterprise,Month-to-Month,Mail,Smartphone,Phone,Speed Issue,16,136.9,1966.15,21.52,0,True,-40,5,Great network coverage,Positive,0.9331,28.0,0,122.88,0.0,Silver,0.755,2023-02-14
CUST03821,Southwest,Basic,Month-to-Month,Auto-Pay,Home Internet,App,Device Problem,34,115.74,4090.09,2.24,4,False,70,5,Seamless experience overall,Positive,0.7168,14.0,0,120.3,0.1143,Silver,0.8975,2023-12-09
CUST03822,Northeast,Basic,1-Year,Mail,Home Internet,Chat,Network Outage,36,138.15,5024.6,82.41,10,False,-4,4,Agent went above and beyond,Positive,0.8254,70.8,1,139.57,0.2703,Gold,0.668,2024-06-05
CUST03823,Midwest,Basic,Month-to-Month,Manual-Online,Home Internet,In-Store,Contract Issue,39,120.32,4903.84,34.05,5,True,82,3,Could be improved,Neutral,0.4137,73.6,1,125.74,0.125,Gold,0.7685,2023-08-27
CUST03824,Midwest,Enterprise,2-Year,Manual-Online,Smartphone,Chat,Billing Dispute,25,137.87,3196.09,30.41,5,True,-40,4,Outstanding customer care,Positive,0.6691,68.0,0,127.84,0.1923,Silver,0.655,2022-04-05
CUST03825,Midwest,Enterprise,2-Year,In-Store,Tablet,Email,Network Outage,9,174.17,1531.86,117.68,15,True,-4,4,Great network coverage,Positive,0.6772,80.8,1,170.21,1.5,Bronze,0.718,2022-03-31
CUST03826,Northeast,Standard,2-Year,Auto-Pay,Tablet,Chat,Speed Issue,25,74.16,1917.19,58.81,0,True,63,1,Issue still not resolved,Negative,0.252,100,1,76.69,0.0,Silver,0.5353,2023-02-04
CUST03827,Southeast,Standard,2-Year,In-Store,Smartphone,App,Plan Change,44,111.5,4179.72,96.39,5,False,-69,5,Excellent support experience,Positive,0.6203,43.8,0,94.99,0.1111,Gold,0.6542,2023-02-14
CUST03828,Northeast,Premium,1-Year,In-Store,Business Line,Chat,Device Problem,50,128.98,6423.69,33.24,13,True,62,5,Very happy with service,Positive,0.8661,33.6,0,128.47,0.2549,Gold,0.9335,2024-05-13
CUST03829,Midwest,Basic,1-Year,In-Store,Smartphone,Phone,Device Problem,41,221.41,8170.16,57.7,6,False,-91,3,Issue eventually resolved,Neutral,0.5358,100,1,199.27,0.1429,Gold,0.4158,2022-09-02
CUST03830,Midwest,Standard,Month-to-Month,Mail,Home Internet,App,Device Problem,8,198.77,1353.62,64.04,8,True,-86,4,Problem resolved quickly,Positive,0.9223,83.2,1,169.2,0.8889,Bronze,0.5745,2024-08-30
CUST03831,West,Standard,2-Year,Manual-Online,Business Line,Chat,Network Outage,25,225.23,5722.35,113.56,6,True,10,1,Poor network reliability,Negative,0.0017,100,1,228.89,0.2308,Silver,0.4425,2024-10-07
CUST03832,West,Basic,Month-to-Month,Auto-Pay,Home Internet,Chat,Device Problem,32,133.35,4395.54,50.89,1,True,-77,4,Seamless experience overall,Positive,0.7742,67.4,1,137.36,0.0303,Silver,0.5903,2024-07-08
CUST03833,Southwest,Basic,1-Year,Mail,Home Internet,Chat,Billing Dispute,44,103.74,4572.3,88.99,8,True,-30,3,Waited longer than expected,Neutral,0.3203,100,1,103.92,0.1778,Gold,0.5725,2024-03-07
CUST03834,Northeast,Premium,2-Year,Auto-Pay,Tablet,App,Device Problem,79,183.72,14895.92,50.56,5,True,-17,3,Could be improved,Neutral,0.5665,93.4,1,188.56,0.0625,Platinum,0.5953,2022-08-08
CUST03835,Southwest,Premium,2-Year,In-Store,Smartphone,App,Contract Issue,79,38.39,2810.71,28.62,7,True,-97,5,Excellent support experience,Positive,0.8838,53.4,0,35.58,0.0875,Platinum,0.6552,2024-02-19
CUST03836,Northeast,Enterprise,2-Year,Manual-Online,Smartphone,Phone,No Issue,26,84.64,1958.89,39.42,5,True,-32,2,Worst customer service experience,Negative,0.0773,100,1,75.34,0.1852,Silver,0.469,2023-07-01
CUST03837,Midwest,Basic,1-Year,In-Store,Business Line,Email,Device Problem,13,203.94,2717.87,76.63,13,True,-17,5,Excellent support experience,Positive,0.7447,49.4,0,209.07,0.9286,Silver,0.7953,2024-08-13
CUST03838,Midwest,Basic,2-Year,Mail,Business Line,Email,Plan Change,13,126.54,1626.66,73.65,0,False,-96,5,Excellent support experience,Positive,0.6557,39.2,0,125.13,0.0,Silver,0.607,2024-06-19
CUST03839,Northeast,Enterprise,Month-to-Month,Manual-Online,Business Line,App,Contract Issue,22,239.17,4751.92,66.45,14,True,-21,4,Agent went above and beyond,Positive,0.7953,82.2,1,216.0,0.6087,Silver,0.6883,2024-03-14
CUST03840,Midwest,Basic,Month-to-Month,Auto-Pay,Tablet,Chat,Contract Issue,73,193.87,13785.99,110.27,13,True,65,4,Very happy with service,Positive,0.8606,63.0,0,188.85,0.1757,Platinum,0.8387,2024-04-18
CUST03841,Northeast,Basic,1-Year,In-Store,Home Internet,Chat,Network Outage,40,126.0,4419.58,50.05,11,True,-64,3,Average experience,Neutral,0.4506,100,1,110.49,0.2683,Gold,0.513,2022-03-02
CUST03842,Southeast,Enterprise,Month-to-Month,In-Store,Tablet,Phone,No Issue,68,232.66,15545.15,60.4,12,False,33,3,Expected better response time,Neutral,0.4267,97.4,1,228.61,0.1739,Platinum,0.6327,2024-12-16
CUST03843,Northeast,Premium,2-Year,Auto-Pay,Hotspot,Email,Contract Issue,49,81.02,3641.77,66.47,1,True,90,2,Problem kept recurring,Negative,0.2864,94.0,1,74.32,0.02,Gold,0.6825,2022-10-08
CUST03844,Southwest,Basic,1-Year,Auto-Pay,Hotspot,Chat,Billing Dispute,18,54.02,861.62,5.84,11,True,-83,5,Problem resolved quickly,Positive,0.9826,58.6,0,47.87,0.5789,Silver,0.6798,2022-12-11
CUST03845,West,Standard,Month-to-Month,Manual-Online,Hotspot,App,Speed Issue,55,36.04,1887.9,86.63,5,True,-68,1,Agent was unhelpful,Negative,0.1632,100,1,34.33,0.0893,Gold,0.306,2023-12-03
CUST03846,Southeast,Standard,Month-to-Month,Manual-Online,Smartphone,Chat,Speed Issue,24,216.66,4502.35,44.14,9,False,48,4,Very happy with service,Positive,0.703,58.4,0,187.6,0.36,Silver,0.759,2024-12-28
CUST03847,Southwest,Standard,Month-to-Month,Manual-Online,Smartphone,In-Store,Contract Issue,5,99.1,443.97,41.71,9,True,93,2,Billing overcharge not fixed,Negative,0.1041,100,1,88.79,1.5,Bronze,0.6877,2022-06-06
CUST03848,Southeast,Standard,2-Year,Mail,Business Line,App,Speed Issue,26,46.86,1142.38,69.06,2,True,35,4,Agent went above and beyond,Positive,0.9333,47.0,0,43.94,0.0741,Silver,0.7863,2023-01-01
CUST03849,West,Standard,Month-to-Month,Auto-Pay,Business Line,Phone,Billing Dispute,13,147.28,1963.61,8.24,13,True,-63,5,Agent was very helpful,Positive,0.9255,58.6,0,151.05,0.9286,Silver,0.7147,2022-04-25
CUST03850,Northeast,Basic,1-Year,Manual-Online,Business Line,Chat,Billing Dispute,54,148.94,6891.74,105.89,7,True,32,1,Problem kept recurring,Negative,0.2649,100,1,127.62,0.1273,Gold,0.481,2022-03-07
CUST03851,West,Enterprise,Month-to-Month,Auto-Pay,Business Line,App,Plan Change,3,124.78,386.06,42.67,1,True,8,3,Expected better response time,Neutral,0.3839,80.4,1,128.69,0.25,Bronze,0.639,2022-02-17
CUST03852,Northeast,Standard,1-Year,Mail,Smartphone,In-Store,Billing Dispute,59,59.65,3313.36,38.78,10,True,-47,1,Worst customer service experience,Negative,0.0282,100,1,56.16,0.1667,Gold,0.3427,2022-05-31
CUST03853,Southwest,Enterprise,2-Year,Auto-Pay,Hotspot,Phone,Contract Issue,15,141.54,2049.44,68.42,7,True,-94,3,Decent support,Neutral,0.4819,100,1,136.63,0.4375,Silver,0.4605,2022-11-18
CUST03854,Southwest,Premium,1-Year,Mail,Home Internet,Chat,Device Problem,53,200.7,9289.35,45.29,1,True,-77,1,Poor network reliability,Negative,0.018,100,1,175.27,0.0185,Gold,0.2903,2024-08-31
CUST03855,Southeast,Enterprise,2-Year,Mail,Home Internet,Email,Speed Issue,61,226.07,13399.8,118.24,10,False,-58,5,Very happy with service,Positive,0.6764,51.6,0,219.67,0.1613,Platinum,0.6735,2022-05-22
CUST03856,Southeast,Enterprise,1-Year,Auto-Pay,Home Internet,In-Store,Device Problem,83,236.19,19225.86,28.38,15,True,24,2,Will consider switching providers,Negative,0.2396,100,1,231.64,0.1786,Platinum,0.567,2022-02-28
CUST03857,West,Standard,1-Year,Manual-Online,Smartphone,Phone,No Issue,16,183.52,2539.5,111.58,0,True,-56,5,Very professional support team,Positive,0.8108,31.2,0,158.72,0.0,Silver,0.727,2023-07-14
CUST03858,Southwest,Enterprise,Month-to-Month,Manual-Online,Smartphone,Chat,Billing Dispute,25,224.19,5782.17,4.12,14,True,-86,5,Very happy with service,Positive,0.9749,65.2,0,231.29,0.5385,Silver,0.6745,2023-06-04
CUST03859,Midwest,Standard,2-Year,Mail,Business Line,Email,Plan Change,49,79.66,3831.05,39.34,10,True,0,5,Excellent support experience,Positive,0.848,40.0,0,78.18,0.2,Gold,0.825,2024-02-26
CUST03860,Southeast,Standard,2-Year,Auto-Pay,Smartphone,Phone,No Issue,57,81.27,4119.72,93.8,11,False,92,1,Terrible wait times,Negative,0.0191,100,1,72.28,0.1897,Gold,0.536,2022-01-26
CUST03861,West,Enterprise,2-Year,Manual-Online,Tablet,In-Store,Plan Change,24,120.29,2621.74,100.7,9,False,-33,3,Could be improved,Neutral,0.4052,100,1,109.24,0.36,Silver,0.5172,2023-03-31
CUST03862,Northeast,Basic,Month-to-Month,Manual-Online,Home Internet,In-Store,Plan Change,78,185.05,13163.19,112.59,15,True,13,1,Will consider switching providers,Negative,0.2888,100,1,168.76,0.1899,Platinum,0.4477,2022-12-27
CUST03863,Midwest,Premium,Month-to-Month,Auto-Pay,Home Internet,Email,Network Outage,78,210.24,15800.14,33.8,8,True,-84,3,Got what I needed but took a while,Neutral,0.5457,100,1,202.57,0.1013,Platinum,0.478,2024-05-04
CUST03864,Southwest,Premium,2-Year,Manual-Online,Home Internet,Phone,Speed Issue,33,102.8,3410.6,104.76,6,True,-30,1,Poor network reliability,Negative,0.0565,100,1,103.35,0.1765,Silver,0.3725,2024-12-03
CUST03865,Southwest,Basic,Month-to-Month,Manual-Online,Business Line,Email,Network Outage,79,126.79,10457.99,119.18,1,True,-88,2,Agent was unhelpful,Negative,0.1715,100,1,132.38,0.0125,Platinum,0.371,2022-08-26
CUST03866,Midwest,Standard,2-Year,Auto-Pay,Smartphone,App,Speed Issue,6,56.73,345.61,99.26,8,True,45,2,Agent was unhelpful,Negative,0.0421,100,1,57.6,1.1429,Bronze,0.6038,2024-01-28
CUST03867,Northeast,Basic,Month-to-Month,Mail,Home Internet,Chat,Contract Issue,23,225.15,5046.82,9.72,13,True,-24,4,Seamless experience overall,Positive,0.7853,80.8,1,219.43,0.5417,Silver,0.683,2022-10-20
CUST03868,Southwest,Enterprise,1-Year,Mail,Home Internet,App,Network Outage,1,182.87,172.33,15.03,15,True,-82,5,Agent was very helpful,Positive,0.7935,66.4,1,172.33,7.5,Bronze,0.6815,2022-02-27
CUST03869,Northeast,Enterprise,2-Year,In-Store,Home Internet,Email,Network Outage,69,139.9,8683.91,44.52,14,False,-52,3,Could be improved,Neutral,0.3579,100,1,125.85,0.2,Platinum,0.484,2022-06-28
CUST03870,Northeast,Standard,1-Year,In-Store,Business Line,Phone,Speed Issue,72,114.17,7437.85,49.52,9,True,-43,1,No accountability at all,Negative,0.0331,100,1,103.3,0.1233,Platinum,0.3498,2024-02-05
CUST03871,West,Basic,Month-to-Month,Mail,Business Line,Phone,Network Outage,31,245.16,7561.76,75.1,1,True,10,1,Billing overcharge not fixed,Negative,0.1159,100,1,243.93,0.0312,Silver,0.4425,2024-06-24
CUST03872,Midwest,Basic,1-Year,Manual-Online,Hotspot,App,No Issue,6,196.76,1029.15,57.85,15,True,100,4,Very professional support team,Positive,0.9675,60.0,0,171.53,2.1429,Bronze,0.9,2023-06-05
CUST03873,Southwest,Basic,1-Year,Manual-Online,Home Internet,In-Store,Contract Issue,14,45.9,640.65,20.29,10,True,19,2,Worst customer service experience,Negative,0.0248,100,1,45.76,0.6667,Silver,0.5583,2023-05-05
CUST03874,Southeast,Basic,1-Year,Auto-Pay,Home Internet,Phone,No Issue,21,214.71,4007.49,21.46,3,False,44,5,Excellent support experience,Positive,0.9199,17.2,0,190.83,0.1364,Silver,0.852,2022-06-18
CUST03875,Southeast,Basic,1-Year,Manual-Online,Home Internet,In-Store,Billing Dispute,77,184.9,13404.6,14.05,14,False,52,4,Agent went above and beyond,Positive,0.6693,67.6,1,174.09,0.1795,Platinum,0.766,2024-02-17
CUST03876,West,Basic,1-Year,Auto-Pay,Home Internet,App,Network Outage,53,176.08,8611.01,59.67,1,False,-45,2,Issue still not resolved,Negative,0.2996,100,1,162.47,0.0185,Gold,0.3962,2022-10-10
CUST03877,West,Basic,2-Year,Manual-Online,Smartphone,Email,Billing Dispute,80,206.08,16946.71,114.99,12,True,17,2,Worst customer service experience,Negative,0.1425,100,1,211.83,0.1481,Platinum,0.5547,2023-06-02
CUST03878,Southwest,Standard,2-Year,In-Store,Tablet,In-Store,Device Problem,67,121.1,7046.36,54.25,8,True,-18,3,Issue eventually resolved,Neutral,0.3384,99.6,1,105.17,0.1176,Platinum,0.5935,2024-04-15
CUST03879,Northeast,Standard,2-Year,Mail,Business Line,In-Store,Network Outage,61,32.77,1807.27,74.61,14,False,-75,3,Waited longer than expected,Neutral,0.5236,100,1,29.63,0.2258,Platinum,0.4438,2022-09-15
CUST03880,West,Basic,2-Year,Manual-Online,Hotspot,App,Plan Change,30,77.27,2426.51,82.49,2,False,85,5,Problem resolved quickly,Positive,0.7679,7.0,0,80.88,0.0645,Silver,0.9238,2024-05-11
CUST03881,Midwest,Standard,Month-to-Month,In-Store,Smartphone,Chat,Contract Issue,18,185.55,3099.99,119.35,2,True,35,2,Terrible wait times,Negative,0.1133,100,1,172.22,0.1053,Silver,0.5862,2023-12-21
CUST03882,Southeast,Standard,1-Year,Mail,Home Internet,Phone,No Issue,21,122.73,2626.78,37.55,5,False,69,4,Seamless experience overall,Positive,0.7771,46.2,0,125.08,0.2273,Silver,0.7957,2022-02-26
CUST03883,Northeast,Premium,Month-to-Month,Manual-Online,Hotspot,Phone,Device Problem,79,178.25,12643.59,5.45,14,True,79,4,Agent was very helpful,Positive,0.907,62.2,0,160.05,0.175,Platinum,0.8633,2024-09-20
CUST03884,West,Enterprise,1-Year,Mail,Business Line,Email,Plan Change,56,36.18,1849.96,30.86,3,True,-80,1,Worst customer service experience,Negative,0.2735,100,1,33.04,0.0526,Gold,0.285,2022-04-01
CUST03885,Southeast,Enterprise,Month-to-Month,In-Store,Hotspot,Chat,Network Outage,46,221.58,8676.83,71.45,2,True,33,1,Issue still not resolved,Negative,0.0176,100,1,188.63,0.0426,Gold,0.4828,2024-05-28
CUST03886,Midwest,Premium,2-Year,Auto-Pay,Tablet,In-Store,No Issue,28,180.07,4434.05,21.42,7,False,-18,1,Billing overcharge not fixed,Negative,0.0629,100,1,158.36,0.2414,Silver,0.3435,2023-01-14
CUST03887,West,Basic,Month-to-Month,Mail,Business Line,Email,Device Problem,24,92.3,1907.56,108.22,6,False,-15,5,Outstanding customer care,Positive,0.8867,35.0,0,79.48,0.24,Silver,0.7488,2024-12-11
CUST03888,West,Basic,Month-to-Month,Manual-Online,Smartphone,In-Store,Contract Issue,9,39.47,325.27,37.38,0,False,15,3,Acceptable service,Neutral,0.4155,77.0,0,36.14,0.0,Bronze,0.6013,2023-10-14
CUST03889,Southeast,Premium,2-Year,Auto-Pay,Business Line,In-Store,Contract Issue,35,213.99,6839.64,102.55,11,True,16,3,Got what I needed but took a while,Neutral,0.3776,98.8,1,195.42,0.3056,Silver,0.653,2024-02-10
CUST03890,Southeast,Standard,Month-to-Month,In-Store,Business Line,Chat,Plan Change,51,98.32,5112.69,86.19,1,True,96,2,Billing overcharge not fixed,Negative,0.2233,92.8,1,100.25,0.0192,Gold,0.693,2022-06-12
CUST03891,Southwest,Basic,2-Year,Mail,Smartphone,Chat,Contract Issue,23,185.85,3763.13,82.07,10,False,26,5,Very professional support team,Positive,0.6627,34.8,0,163.61,0.4167,Silver,0.8205,2024-02-08
CUST03892,Southeast,Premium,Month-to-Month,In-Store,Smartphone,In-Store,No Issue,70,247.86,14973.39,36.94,1,False,-8,5,Agent went above and beyond,Positive,0.6413,23.6,0,213.91,0.0141,Platinum,0.761,2024-04-14
CUST03893,Southwest,Standard,2-Year,Auto-Pay,Smartphone,App,Network Outage,49,148.42,7273.43,57.99,2,True,-56,5,Seamless experience overall,Positive,0.7715,35.2,0,148.44,0.04,Gold,0.727,2022-01-25
CUST03894,Midwest,Premium,1-Year,Mail,Smartphone,App,Device Problem,73,95.24,5998.08,107.54,1,True,-91,5,Very happy with service,Positive,0.803,40.2,0,82.17,0.0135,Platinum,0.6658,2024-04-15
CUST03895,Southeast,Standard,1-Year,In-Store,Home Internet,Chat,Speed Issue,24,132.71,3081.01,110.95,2,True,80,1,Will consider switching providers,Negative,0.2447,100,1,128.38,0.08,Silver,0.565,2023-04-15
CUST03896,Midwest,Standard,2-Year,Manual-Online,Hotspot,Chat,Network Outage,55,121.18,6594.06,114.76,1,False,43,3,Service was okay,Neutral,0.5528,73.4,1,119.89,0.0179,Gold,0.6502,2022-01-08
CUST03897,Southeast,Premium,1-Year,Auto-Pay,Smartphone,Chat,Contract Issue,16,169.99,2327.54,43.69,4,False,-77,3,Decent support,Neutral,0.5161,100,1,145.47,0.2353,Silver,0.4403,2024-08-07
CUST03898,West,Basic,2-Year,In-Store,Smartphone,Chat,Speed Issue,46,60.0,2633.84,57.13,9,False,29,5,Very happy with service,Positive,0.9225,32.2,0,57.26,0.1915,Gold,0.8257,2022-02-21
CUST03899,Midwest,Premium,Month-to-Month,Mail,Smartphone,Email,Contract Issue,14,243.3,3400.2,115.08,9,False,-30,1,Problem kept recurring,Negative,0.0436,100,1,242.87,0.6,Silver,0.3225,2022-08-08
CUST03900,Northeast,Standard,Month-to-Month,Manual-Online,Smartphone,Email,Speed Issue,72,147.3,11020.62,50.42,1,True,55,3,Acceptable service,Neutral,0.403,71.0,1,153.06,0.0137,Platinum,0.7212,2024-07-04
CUST03901,Midwest,Standard,1-Year,In-Store,Home Internet,Chat,No Issue,8,106.19,745.8,84.26,9,True,100,2,Very disappointed with service,Negative,0.2132,100,1,93.22,1.0,Bronze,0.7,2022-06-30
CUST03902,Northeast,Enterprise,Month-to-Month,Mail,Tablet,App,Contract Issue,32,154.38,4521.76,94.22,13,True,-51,4,Excellent support experience,Positive,0.6034,86.2,1,141.31,0.3939,Silver,0.6358,2022-01-15
CUST03903,Southeast,Enterprise,1-Year,Manual-Online,Smartphone,Phone,Billing Dispute,80,122.26,9516.49,62.0,12,True,-88,4,Highly satisfied with resolution,Positive,0.7789,91.6,1,118.96,0.1481,Platinum,0.571,2022-07-10
CUST03904,Midwest,Premium,1-Year,Mail,Tablet,Phone,Plan Change,37,139.27,4698.17,49.62,2,True,-14,4,Great network coverage,Positive,0.9181,56.8,0,126.98,0.0526,Gold,0.7005,2022-01-15
CUST03905,Southwest,Premium,Month-to-Month,Auto-Pay,Business Line,Email,Plan Change,80,200.0,13795.57,45.76,6,True,-1,4,Agent was very helpful,Positive,0.8911,62.2,0,172.44,0.0741,Platinum,0.7233,2023-11-28
CUST03906,Northeast,Basic,Month-to-Month,Auto-Pay,Hotspot,Phone,Billing Dispute,66,132.98,7518.93,28.0,5,True,5,4,Seamless experience overall,Positive,0.7676,59.0,0,113.92,0.0746,Platinum,0.7338,2024-05-10
CUST03907,Southwest,Enterprise,2-Year,Auto-Pay,Home Internet,Email,Billing Dispute,8,141.74,1186.89,75.11,2,True,20,2,Will consider switching providers,Negative,0.2201,100,1,148.36,0.2222,Bronze,0.56,2024-10-11
CUST03908,Southeast,Standard,1-Year,In-Store,Hotspot,Chat,Speed Issue,81,128.55,10805.4,31.73,9,True,12,1,Very disappointed with service,Negative,0.07,100,1,133.4,0.1098,Platinum,0.446,2023-12-03
CUST03909,West,Basic,1-Year,Manual-Online,Tablet,Email,No Issue,76,244.9,16730.02,59.04,15,True,-85,4,Great network coverage,Positive,0.9831,97.0,1,220.13,0.1948,Platinum,0.5763,2023-03-04
CUST03910,Southwest,Standard,2-Year,Mail,Tablet,In-Store,Plan Change,84,180.65,15707.3,30.96,2,True,-7,2,Billing overcharge not fixed,Negative,0.2373,100,1,186.99,0.0235,Platinum,0.5128,2024-03-28
CUST03911,Midwest,Basic,1-Year,In-Store,Tablet,Phone,No Issue,4,105.95,365.4,87.19,13,True,-75,3,Got what I needed but took a while,Neutral,0.5565,100,1,91.35,2.6,Bronze,0.4938,2022-12-28
CUST03912,West,Standard,1-Year,Mail,Tablet,App,Network Outage,5,43.73,221.16,18.6,4,True,98,1,Problem kept recurring,Negative,0.0355,100,1,44.23,0.6667,Bronze,0.5965,2023-12-22
CUST03913,Southeast,Enterprise,1-Year,Manual-Online,Smartphone,In-Store,No Issue,38,238.08,9111.43,13.4,4,True,96,5,Agent was very helpful,Positive,0.9277,8.8,0,239.77,0.1026,Gold,0.993,2023-05-02
CUST03914,West,Basic,2-Year,Mail,Smartphone,In-Store,Network Outage,79,166.41,12131.37,28.68,0,True,61,5,Great network coverage,Positive,0.7714,7.8,0,153.56,0.0,Platinum,0.9318,2024-12-01
CUST03915,West,Standard,1-Year,In-Store,Smartphone,Phone,Network Outage,2,177.71,335.68,43.33,14,True,-20,2,Problem kept recurring,Negative,0.0108,100,1,167.84,4.6667,Bronze,0.49,2024-03-20
CUST03916,Midwest,Standard,Month-to-Month,In-Store,Home Internet,Phone,Plan Change,47,44.93,1807.01,24.6,4,True,98,5,Excellent support experience,Positive,0.72,8.4,0,38.45,0.0833,Gold,0.9965,2022-09-29
CUST03917,Southeast,Basic,1-Year,In-Store,Hotspot,Chat,Network Outage,18,134.9,2195.98,41.77,13,True,-54,2,Will consider switching providers,Negative,0.0418,100,1,122.0,0.6842,Silver,0.4305,2022-10-07
CUST03918,West,Basic,2-Year,Manual-Online,Smartphone,In-Store,Speed Issue,36,47.19,1479.87,81.22,12,True,55,4,Great network coverage,Positive,0.9346,63.0,0,41.11,0.3243,Gold,0.8213,2022-09-26
CUST03919,Southwest,Premium,1-Year,Manual-Online,Business Line,Chat,No Issue,22,198.08,4348.52,108.8,13,False,-86,3,Service was okay,Neutral,0.5214,100,1,197.66,0.5652,Silver,0.4245,2023-04-07
CUST03920,West,Enterprise,Month-to-Month,Auto-Pay,Home Internet,Phone,Billing Dispute,48,182.68,8388.34,32.44,14,True,-34,1,Terrible wait times,Negative,0.0761,100,1,174.76,0.2857,Gold,0.3655,2023-05-27
CUST03921,Northeast,Standard,Month-to-Month,Manual-Online,Home Internet,Email,Plan Change,24,78.75,1773.67,36.35,9,True,-92,2,Agent was unhelpful,Negative,0.0914,100,1,73.9,0.36,Silver,0.364,2024-05-19
CUST03922,Midwest,Premium,Month-to-Month,Manual-Online,Tablet,Email,Network Outage,61,134.57,7463.37,22.49,13,False,-84,4,Outstanding customer care,Positive,0.6965,92.8,1,122.35,0.2097,Platinum,0.528,2023-12-06
CUST03923,Northeast,Premium,1-Year,In-Store,Home Internet,Phone,Device Problem,6,101.02,542.94,114.07,11,True,38,5,Highly satisfied with resolution,Positive,0.994,34.4,0,90.49,1.5714,Bronze,0.8915,2022-07-21
CUST03924,Southwest,Basic,Month-to-Month,In-Store,Home Internet,In-Store,Contract Issue,33,90.16,2896.02,42.58,10,True,80,5,Excellent support experience,Positive,0.6495,24.0,0,87.76,0.2941,Silver,0.965,2022-05-24
CUST03925,Southeast,Basic,2-Year,Manual-Online,Tablet,Chat,Network Outage,14,218.11,3065.49,13.04,14,False,-65,3,Waited longer than expected,Neutral,0.4367,100,1,218.96,0.9333,Silver,0.4612,2022-07-24
CUST03926,Northeast,Standard,2-Year,Manual-Online,Tablet,Chat,Network Outage,56,101.68,5758.88,78.71,3,True,-86,4,Very professional support team,Positive,0.8186,73.2,0,102.84,0.0526,Gold,0.5745,2024-09-08
CUST03927,Northeast,Basic,1-Year,In-Store,Business Line,Email,Billing Dispute,36,202.31,7461.55,97.24,1,True,38,4,Agent went above and beyond,Positive,0.7642,44.4,0,207.27,0.027,Gold,0.7915,2024-11-29
CUST03928,Northeast,Premium,Month-to-Month,Manual-Online,Home Internet,Phone,Network Outage,31,199.52,6414.52,117.12,12,True,98,4,Very professional support team,Positive,0.7398,54.4,0,206.92,0.375,Silver,0.8965,2023-09-29
CUST03929,West,Premium,2-Year,Manual-Online,Smartphone,Email,Speed Issue,67,152.65,9434.3,56.64,6,True,-6,4,Very professional support team,Positive,0.635,63.2,0,140.81,0.0882,Platinum,0.7145,2023-01-14
CUST03930,Southwest,Basic,1-Year,Mail,Tablet,In-Store,Plan Change,17,110.17,1670.62,16.39,12,False,-63,4,Agent was very helpful,Positive,0.736,86.6,1,98.27,0.6667,Silver,0.5648,2022-03-10
CUST03931,West,Basic,Month-to-Month,Manual-Online,Smartphone,Chat,No Issue,71,92.53,6209.07,112.48,5,True,-63,4,Outstanding customer care,Positive,0.805,72.6,0,87.45,0.0694,Platinum,0.6148,2023-04-04
CUST03932,Northeast,Enterprise,2-Year,In-Store,Business Line,In-Store,Plan Change,62,75.14,4009.37,42.8,12,False,77,4,Seamless experience overall,Positive,0.7822,58.6,0,64.67,0.1905,Platinum,0.8097,2022-01-25
CUST03933,Southeast,Enterprise,2-Year,Manual-Online,Home Internet,App,No Issue,52,236.16,12457.91,67.1,1,True,4,4,Excellent support experience,Positive,0.8837,51.2,0,239.58,0.0189,Gold,0.732,2023-05-29
CUST03934,West,Premium,Month-to-Month,Auto-Pay,Tablet,Phone,Speed Issue,62,145.77,9412.57,24.44,8,False,-91,5,Problem resolved quickly,Positive,0.7224,54.2,0,151.82,0.127,Platinum,0.6158,2024-06-09
CUST03935,Southeast,Enterprise,Month-to-Month,In-Store,Tablet,In-Store,Speed Issue,40,46.1,1766.11,57.37,15,False,62,3,Waited longer than expected,Neutral,0.3827,97.6,1,44.15,0.3659,Gold,0.6835,2024-10-23
CUST03936,Southwest,Standard,1-Year,Auto-Pay,Business Line,App,No Issue,68,232.72,15109.74,84.74,1,True,-58,1,Worst customer service experience,Negative,0.0855,100,1,222.2,0.0145,Platinum,0.3235,2024-12-14
CUST03937,Northeast,Enterprise,1-Year,In-Store,Tablet,Email,No Issue,30,162.15,4199.35,22.72,11,True,-65,3,Service was okay,Neutral,0.5277,100,1,139.98,0.3548,Silver,0.5112,2023-01-30
CUST03938,Northeast,Enterprise,Month-to-Month,Mail,Home Internet,Chat,Contract Issue,23,133.48,2927.81,7.68,6,True,-66,1,Terrible wait times,Negative,0.2625,100,1,127.3,0.25,Silver,0.3095,2024-10-22
CUST03939,Southeast,Enterprise,Month-to-Month,Auto-Pay,Tablet,App,Network Outage,66,211.34,13320.12,103.97,14,True,-43,4,Great network coverage,Positive,0.874,86.6,1,201.82,0.209,Platinum,0.6498,2024-12-23
CUST03940,Southwest,Standard,Month-to-Month,Mail,Tablet,App,Contract Issue,84,55.11,4853.47,88.14,10,True,10,1,Billing overcharge not fixed,Negative,0.2143,100,1,57.78,0.1176,Platinum,0.4425,2024-08-09
CUST03941,Northeast,Basic,2-Year,Mail,Business Line,Email,Billing Dispute,30,48.53,1272.97,92.52,5,False,14,2,Problem kept recurring,Negative,0.0759,100,1,42.43,0.1613,Silver,0.4995,2024-03-07
CUST03942,Southeast,Enterprise,1-Year,Mail,Smartphone,Chat,Contract Issue,59,150.66,8902.19,21.44,14,True,58,1,Terrible wait times,Negative,0.2554,100,1,150.88,0.2333,Gold,0.5265,2023-10-18
CUST03943,Southwest,Standard,Month-to-Month,Auto-Pay,Home Internet,Phone,Device Problem,5,94.62,411.67,114.68,3,True,6,2,Agent was unhelpful,Negative,0.1596,100,1,82.33,0.5,Bronze,0.5355,2023-04-30
CUST03944,Northeast,Enterprise,1-Year,Manual-Online,Business Line,Chat,Billing Dispute,31,129.49,4151.43,81.91,15,True,89,5,Outstanding customer care,Positive,0.6476,32.2,0,133.92,0.4688,Silver,0.9808,2024-01-03
CUST03945,Northeast,Standard,Month-to-Month,Mail,Hotspot,Email,Speed Issue,19,236.38,3848.59,1.96,11,True,63,1,Problem kept recurring,Negative,0.194,100,1,202.56,0.55,Silver,0.5353,2022-03-11
CUST03946,Southwest,Standard,2-Year,Manual-Online,Tablet,In-Store,Network Outage,1,236.8,211.03,60.11,7,False,-84,4,Agent was very helpful,Positive,0.891,80.8,1,211.03,3.5,Bronze,0.528,2023-07-19
CUST03947,West,Basic,Month-to-Month,In-Store,Home Internet,App,Plan Change,16,215.8,3049.46,23.6,3,False,-93,2,Will consider switching providers,Negative,0.1802,100,1,190.59,0.1765,Silver,0.3123,2024-02-01
CUST03948,West,Standard,2-Year,Auto-Pay,Smartphone,Email,Billing Dispute,22,189.91,3843.54,119.2,0,True,-86,2,Worst customer service experience,Negative,0.0216,100,1,174.71,0.0,Silver,0.3745,2024-09-28
CUST03949,Southwest,Basic,Month-to-Month,Manual-Online,Tablet,Phone,Network Outage,36,236.21,7664.39,79.72,6,True,91,4,Seamless experience overall,Positive,0.8068,43.8,0,212.9,0.1622,Gold,0.8842,2024-03-06
CUST03950,Southeast,Basic,2-Year,In-Store,Tablet,In-Store,Device Problem,47,173.31,7475.35,99.93,15,False,-62,1,Issue still not resolved,Negative,0.1226,100,1,159.05,0.3125,Gold,0.2665,2023-10-04
CUST03951,Northeast,Standard,Month-to-Month,In-Store,Tablet,Chat,Billing Dispute,49,173.23,7422.16,32.36,2,True,91,4,Outstanding customer care,Positive,0.7286,35.8,0,151.47,0.04,Gold,0.8842,2024-10-27
CUST03952,Southeast,Basic,Month-to-Month,In-Store,Smartphone,Phone,No Issue,35,85.77,2626.36,12.52,9,False,-15,2,Very disappointed with service,Negative,0.1874,100,1,75.04,0.25,Silver,0.4487,2023-03-23
CUST03953,Southwest,Enterprise,2-Year,Manual-Online,Tablet,Phone,Network Outage,32,186.59,6239.32,53.3,0,True,-48,3,Nothing exceptional,Neutral,0.508,89.6,1,194.98,0.0,Silver,0.541,2022-05-16
CUST03954,West,Basic,Month-to-Month,Manual-Online,Hotspot,App,Plan Change,12,179.23,1880.09,45.52,11,True,-33,5,Very professional support team,Positive,0.8476,48.6,0,156.67,0.8462,Silver,0.7672,2022-01-03
CUST03955,Southwest,Enterprise,Month-to-Month,Manual-Online,Smartphone,Chat,Device Problem,12,222.36,2547.06,4.18,2,True,79,2,Issue still not resolved,Negative,0.1982,98.2,1,212.25,0.1538,Silver,0.6633,2024-02-28
CUST03956,Northeast,Basic,2-Year,Auto-Pay,Home Internet,Chat,Billing Dispute,18,189.6,3431.58,47.4,8,False,80,5,Seamless experience overall,Positive,0.7756,20.0,0,190.64,0.4211,Silver,0.915,2022-02-21
CUST03957,Southeast,Premium,2-Year,Manual-Online,Smartphone,In-Store,No Issue,30,188.78,5920.3,83.76,9,True,-7,3,Waited longer than expected,Neutral,0.3089,99.4,1,197.34,0.2903,Silver,0.6128,2023-12-01
CUST03958,West,Premium,1-Year,Auto-Pay,Home Internet,In-Store,Billing Dispute,41,103.55,3856.48,69.45,12,True,-40,2,Billing overcharge not fixed,Negative,0.2338,100,1,94.06,0.2857,Gold,0.455,2024-03-02
CUST03959,Southeast,Basic,2-Year,Auto-Pay,Hotspot,App,Plan Change,79,122.49,9360.15,24.42,5,False,-49,3,Waited longer than expected,Neutral,0.3449,99.8,1,118.48,0.0625,Platinum,0.4893,2022-11-19
CUST03960,Northeast,Premium,2-Year,Manual-Online,Hotspot,Chat,Billing Dispute,45,61.96,2621.18,25.68,3,True,-83,5,Very professional support team,Positive,0.9902,42.6,0,58.25,0.0652,Gold,0.6798,2023-05-04
CUST03961,Southeast,Standard,1-Year,Mail,Smartphone,Email,Contract Issue,21,105.14,2295.63,118.58,12,False,-41,5,Very happy with service,Positive,0.676,52.2,0,109.32,0.5455,Silver,0.7032,2024-03-05
CUST03962,Southwest,Enterprise,Month-to-Month,Auto-Pay,Business Line,App,Speed Issue,83,220.31,16458.55,55.39,9,True,-79,5,Very happy with service,Positive,0.9644,53.8,0,198.3,0.1071,Platinum,0.6867,2023-12-28
CUST03963,West,Standard,1-Year,Mail,Business Line,App,Contract Issue,56,185.64,9542.77,66.44,15,True,-77,3,Decent support,Neutral,0.5772,100,1,170.41,0.2632,Gold,0.4903,2022-09-30
CUST03964,West,Basic,2-Year,In-Store,Hotspot,In-Store,Device Problem,84,207.9,15391.24,106.51,1,True,77,2,No accountability at all,Negative,0.243,96.6,1,183.23,0.0118,Platinum,0.6597,2022-04-17
CUST03965,Southwest,Enterprise,1-Year,Manual-Online,Hotspot,Phone,No Issue,70,68.76,4189.74,56.8,13,False,78,1,Will consider switching providers,Negative,0.0807,100,1,59.85,0.1831,Platinum,0.5115,2023-06-01
CUST03966,Northeast,Basic,1-Year,Manual-Online,Smartphone,App,Billing Dispute,20,184.56,3672.79,96.79,6,False,2,2,Worst customer service experience,Negative,0.1937,100,1,183.64,0.2857,Silver,0.4785,2022-11-06
CUST03967,West,Standard,1-Year,In-Store,Home Internet,Chat,No Issue,73,157.92,11558.63,52.04,8,True,-97,4,Agent was very helpful,Positive,0.6932,85.4,1,158.34,0.1081,Platinum,0.5553,2022-11-14
CUST03968,Midwest,Standard,1-Year,In-Store,Hotspot,Email,Contract Issue,81,127.7,9493.13,53.84,3,True,-59,1,Terrible wait times,Negative,0.1258,100,1,117.2,0.0366,Platinum,0.3217,2023-10-19
CUST03969,Midwest,Premium,Month-to-Month,Auto-Pay,Hotspot,Chat,Device Problem,36,73.82,2729.77,25.27,14,True,69,4,Very happy with service,Positive,0.7902,64.2,0,75.83,0.3784,Gold,0.8458,2024-01-11
CUST03970,Southwest,Standard,Month-to-Month,In-Store,Business Line,Phone,Speed Issue,22,72.88,1458.95,66.94,4,True,76,2,Very disappointed with service,Negative,0.0291,100,1,66.32,0.1739,Silver,0.658,2024-08-23
CUST03971,Northeast,Basic,1-Year,Manual-Online,Home Internet,App,Billing Dispute,16,150.0,2290.64,70.96,7,True,49,3,Expected better response time,Neutral,0.3831,84.2,1,143.16,0.4118,Silver,0.7107,2023-11-14
CUST03972,West,Basic,Month-to-Month,In-Store,Smartphone,Phone,No Issue,65,87.82,4922.95,44.8,14,True,-36,5,Excellent support experience,Positive,0.827,55.2,0,75.74,0.2121,Platinum,0.762,2022-08-22
CUST03973,Southwest,Enterprise,Month-to-Month,Manual-Online,Tablet,Phone,Speed Issue,14,154.73,1983.66,74.23,4,True,-37,3,Nothing exceptional,Neutral,0.5902,95.4,1,141.69,0.2667,Silver,0.5603,2023-05-16
CUST03974,Southwest,Standard,Month-to-Month,Manual-Online,Tablet,In-Store,Contract Issue,67,137.05,9032.79,28.34,1,True,40,2,Will consider switching providers,Negative,0.2802,100,1,134.82,0.0147,Platinum,0.595,2023-11-27
CUST03975,Southwest,Basic,1-Year,Auto-Pay,Hotspot,App,Speed Issue,9,106.99,897.54,33.63,9,True,-54,4,Very happy with service,Positive,0.766,78.8,0,99.73,0.9,Bronze,0.6305,2024-03-12
CUST03976,Midwest,Enterprise,Month-to-Month,In-Store,Business Line,In-Store,Billing Dispute,38,213.63,7761.45,75.51,8,True,54,2,Billing overcharge not fixed,Negative,0.1329,100,1,204.25,0.2051,Gold,0.6195,2023-03-16
CUST03977,Southeast,Enterprise,1-Year,Manual-Online,Business Line,Chat,Speed Issue,58,202.54,10251.82,100.97,6,False,10,1,Will consider switching providers,Negative,0.0325,100,1,176.76,0.1017,Gold,0.3925,2022-07-20
CUST03978,West,Enterprise,Month-to-Month,In-Store,Home Internet,App,No Issue,58,77.62,3845.08,7.21,5,False,90,1,Worst customer service experience,Negative,0.0498,100,1,66.29,0.0847,Gold,0.5325,2023-01-08
CUST03979,Midwest,Premium,1-Year,In-Store,Smartphone,App,Billing Dispute,32,62.69,1758.86,14.91,13,True,42,4,Very happy with service,Positive,0.9523,67.6,1,54.96,0.3939,Silver,0.7985,2022-01-30
CUST03980,Southwest,Premium,Month-to-Month,In-Store,Home Internet,Phone,No Issue,33,49.51,1523.07,41.53,8,True,78,2,Will consider switching providers,Negative,0.2896,100,1,46.15,0.2353,Silver,0.6615,2022-06-01
CUST03981,Northeast,Premium,Month-to-Month,In-Store,Smartphone,Email,Network Outage,38,139.31,4802.41,22.74,6,True,75,5,Excellent support experience,Positive,0.9076,17.0,0,126.38,0.1538,Gold,0.9563,2024-08-22
CUST03982,Southwest,Standard,1-Year,In-Store,Home Internet,Email,Billing Dispute,29,159.74,3962.04,56.86,5,False,16,3,Nothing exceptional,Neutral,0.5537,86.8,1,136.62,0.1667,Silver,0.603,2023-04-07
CUST03983,Southwest,Enterprise,Month-to-Month,In-Store,Business Line,App,Plan Change,11,126.95,1340.65,4.49,5,False,-75,3,Average experience,Neutral,0.4358,100,1,121.88,0.4167,Bronze,0.4438,2024-09-13
CUST03984,Southeast,Standard,1-Year,Manual-Online,Business Line,In-Store,Billing Dispute,60,54.24,3132.07,23.95,6,True,34,1,No accountability at all,Negative,0.0284,100,1,52.2,0.0984,Platinum,0.4845,2024-01-06
CUST03985,Southeast,Premium,2-Year,In-Store,Smartphone,Phone,Speed Issue,59,236.72,13366.45,44.61,5,True,92,1,Agent was unhelpful,Negative,0.2643,100,1,226.55,0.0833,Gold,0.586,2023-11-24
CUST03986,West,Enterprise,Month-to-Month,In-Store,Hotspot,Email,Billing Dispute,8,102.33,791.51,59.03,9,True,-79,3,Could be improved,Neutral,0.5133,100,1,98.94,1.0,Bronze,0.4868,2022-06-22
CUST03987,Northeast,Basic,2-Year,Mail,Hotspot,In-Store,Speed Issue,44,236.24,9679.08,91.83,7,True,-55,1,No accountability at all,Negative,0.2247,100,1,219.98,0.1556,Gold,0.3287,2023-12-12
CUST03988,Southeast,Standard,Month-to-Month,Auto-Pay,Hotspot,Phone,No Issue,3,171.18,452.91,106.39,14,True,-34,2,Billing overcharge not fixed,Negative,0.1503,100,1,150.97,3.5,Bronze,0.4655,2023-10-10
CUST03989,Northeast,Basic,Month-to-Month,Mail,Home Internet,Phone,Speed Issue,44,34.39,1472.42,17.75,1,True,35,3,Acceptable service,Neutral,0.5039,75.0,1,33.46,0.0222,Gold,0.6863,2024-06-25
CUST03990,Midwest,Standard,Month-to-Month,Manual-Online,Tablet,In-Store,Plan Change,39,90.87,3278.14,27.15,0,True,50,1,Poor network reliability,Negative,0.0081,100,1,84.05,0.0,Gold,0.5125,2024-09-29
CUST03991,West,Premium,2-Year,Manual-Online,Hotspot,In-Store,Billing Dispute,83,184.42,15962.15,56.95,13,True,-97,5,Agent was very helpful,Positive,0.7828,65.4,1,192.32,0.1548,Platinum,0.6552,2024-10-10
CUST03992,Southwest,Standard,1-Year,Manual-Online,Tablet,App,Speed Issue,67,33.62,2034.11,48.85,0,True,14,3,Could be improved,Neutral,0.4434,77.2,0,30.36,0.0,Platinum,0.6495,2023-07-23
CUST03993,West,Premium,Month-to-Month,Manual-Online,Smartphone,In-Store,Contract Issue,66,56.95,3538.98,51.86,9,True,71,5,Agent went above and beyond,Positive,0.824,23.8,0,53.62,0.1343,Platinum,0.9492,2022-08-26
CUST03994,Southeast,Basic,Month-to-Month,Manual-Online,Business Line,Chat,No Issue,68,173.18,10297.18,71.89,1,True,13,4,Highly satisfied with resolution,Positive,0.9847,49.4,0,151.43,0.0145,Platinum,0.7478,2023-11-12
CUST03995,Midwest,Premium,Month-to-Month,In-Store,Smartphone,Phone,No Issue,63,65.75,4280.41,69.23,0,True,-77,5,Very happy with service,Positive,0.808,35.4,0,67.94,0.0,Platinum,0.6903,2023-09-04
CUST03996,Southwest,Standard,2-Year,Mail,Smartphone,Email,Device Problem,21,42.25,892.84,60.42,9,True,-65,2,Worst customer service experience,Negative,0.0692,100,1,42.52,0.4091,Silver,0.4113,2023-08-31
CUST03997,Southeast,Enterprise,1-Year,Manual-Online,Hotspot,Phone,No Issue,32,141.53,4160.25,34.52,9,True,80,2,Will consider switching providers,Negative,0.1798,100,1,130.01,0.2727,Silver,0.665,2023-10-29
CUST03998,West,Premium,1-Year,Manual-Online,Business Line,Phone,Speed Issue,4,125.82,462.46,111.66,2,True,47,1,Problem kept recurring,Negative,0.192,100,1,115.61,0.4,Bronze,0.5072,2023-07-16
CUST03999,Midwest,Standard,Month-to-Month,Mail,Business Line,Phone,Contract Issue,1,70.86,70.91,17.27,5,True,97,2,Problem kept recurring,Negative,0.2678,100,1,70.91,2.5,Bronze,0.6947,2022-01-17
CUST04000,Southeast,Standard,2-Year,Manual-Online,Business Line,App,Plan Change,78,189.54,14918.4,81.69,13,True,-86,3,Got what I needed but took a while,Neutral,0.554,100,1,191.26,0.1646,Platinum,0.4745,2022-08-23
CUST04001,Northeast,Premium,Month-to-Month,Auto-Pay,Home Internet,App,Contract Issue,64,134.26,8408.35,41.13,4,True,40,4,Problem resolved quickly,Positive,0.8658,50.0,0,131.38,0.0615,Platinum,0.795,2024-09-18
CUST04002,West,Standard,1-Year,In-Store,Tablet,Chat,Device Problem,70,103.61,7599.61,102.7,15,True,-57,5,Very happy with service,Positive,0.9254,61.4,0,108.57,0.2113,Platinum,0.7252,2023-07-01
CUST04003,Southeast,Enterprise,2-Year,Auto-Pay,Home Internet,Email,No Issue,24,192.35,4435.77,7.31,13,True,48,1,Will consider switching providers,Negative,0.2638,100,1,184.82,0.52,Silver,0.509,2022-08-01
CUST04004,West,Premium,1-Year,In-Store,Tablet,In-Store,No Issue,41,170.37,6630.06,2.16,0,True,-72,1,Agent was unhelpful,Negative,0.0658,100,1,161.71,0.0,Gold,0.299,2024-03-02
CUST04005,Southeast,Enterprise,1-Year,Auto-Pay,Smartphone,In-Store,Plan Change,17,137.96,2299.33,30.03,7,True,71,2,Worst customer service experience,Negative,0.1968,100,1,135.25,0.3889,Silver,0.6492,2022-02-12
CUST04006,Southeast,Enterprise,2-Year,In-Store,Home Internet,Chat,Device Problem,68,144.25,9297.72,71.2,7,True,53,1,Issue still not resolved,Negative,0.1627,100,1,136.73,0.1014,Platinum,0.5177,2023-12-24
CUST04007,Midwest,Basic,1-Year,Mail,Hotspot,Email,Plan Change,63,221.5,14319.54,107.61,2,False,-76,4,Seamless experience overall,Positive,0.7164,69.2,1,227.29,0.0312,Platinum,0.542,2022-02-15
CUST04008,West,Standard,Month-to-Month,Manual-Online,Business Line,Email,Network Outage,31,225.89,6300.14,18.42,0,True,94,4,Agent went above and beyond,Positive,0.6604,31.2,0,203.23,0.0,Silver,0.8895,2022-04-13
CUST04009,West,Standard,1-Year,Mail,Business Line,Phone,Billing Dispute,69,187.71,13080.5,93.09,5,True,33,4,Agent was very helpful,Positive,0.7478,53.4,0,189.57,0.0714,Platinum,0.7828,2024-01-04
CUST04010,West,Standard,2-Year,In-Store,Business Line,In-Store,Speed Issue,24,59.42,1270.31,35.76,1,True,-35,2,Will consider switching providers,Negative,0.2325,100,1,52.93,0.04,Silver,0.4637,2024-04-18
CUST04011,Southeast,Premium,1-Year,In-Store,Business Line,Phone,Billing Dispute,33,54.52,1535.83,45.1,9,True,67,5,Very professional support team,Positive,0.7559,24.6,0,46.54,0.2647,Silver,0.9423,2022-05-24
CUST04012,Southwest,Standard,2-Year,Mail,Home Internet,Phone,Plan Change,50,247.47,11301.86,90.87,12,True,25,2,Problem kept recurring,Negative,0.2496,100,1,226.04,0.2353,Gold,0.5687,2022-02-17
CUST04013,West,Basic,1-Year,Auto-Pay,Home Internet,Email,Speed Issue,5,67.82,308.81,16.97,6,True,-34,4,Agent was very helpful,Positive,0.6185,68.8,1,61.76,1.0,Bronze,0.6655,2022-01-27
CUST04014,West,Enterprise,1-Year,Mail,Business Line,In-Store,Device Problem,59,106.78,5456.61,25.59,7,True,77,3,Could be improved,Neutral,0.5504,78.6,1,92.48,0.1167,Gold,0.7597,2024-02-18
CUST04015,Southeast,Standard,1-Year,Mail,Home Internet,Phone,Device Problem,71,228.3,15163.77,22.63,0,True,-10,5,Seamless experience overall,Positive,0.7988,22.0,0,213.57,0.0,Platinum,0.8075,2024-04-19
CUST04016,West,Premium,Month-to-Month,In-Store,Business Line,Email,No Issue,4,117.09,486.47,77.47,5,True,-79,5,Excellent support experience,Positive,0.6347,45.8,0,121.62,1.0,Bronze,0.6867,2024-02-04
CUST04017,West,Premium,Month-to-Month,Manual-Online,Home Internet,App,Billing Dispute,81,71.69,5102.83,82.07,0,True,10,4,Seamless experience overall,Positive,0.9677,48.0,0,63.0,0.0,Platinum,0.7425,2023-03-25
CUST04018,Southeast,Standard,2-Year,In-Store,Smartphone,Phone,Contract Issue,60,153.28,9584.82,114.45,12,True,73,1,Issue still not resolved,Negative,0.0686,100,1,159.75,0.1967,Platinum,0.5527,2022-03-11
CUST04019,Southeast,Enterprise,2-Year,In-Store,Smartphone,Email,No Issue,10,68.85,701.25,8.96,0,False,26,4,Problem resolved quickly,Positive,0.95,44.8,0,70.12,0.0,Bronze,0.7205,2023-10-16
CUST04020,Southeast,Standard,1-Year,In-Store,Home Internet,In-Store,Billing Dispute,15,103.52,1484.93,34.68,15,True,29,3,Acceptable service,Neutral,0.3333,100,1,99.0,0.9375,Silver,0.6757,2022-05-08
CUST04021,Midwest,Standard,Month-to-Month,Manual-Online,Hotspot,Chat,Contract Issue,62,123.07,7115.11,63.22,3,False,94,4,Outstanding customer care,Positive,0.7413,37.2,0,114.76,0.0476,Platinum,0.8395,2023-05-14
CUST04022,Southwest,Standard,1-Year,Manual-Online,Tablet,Chat,Billing Dispute,57,210.99,12211.99,53.11,0,True,-78,1,Problem kept recurring,Negative,0.0572,100,1,214.25,0.0,Gold,0.2885,2024-01-23
CUST04023,Southeast,Standard,2-Year,Mail,Hotspot,Chat,Speed Issue,40,49.9,1888.55,91.71,15,True,-56,4,Very happy with service,Positive,0.8457,91.2,1,47.21,0.3659,Gold,0.627,2023-02-08
CUST04024,Midwest,Standard,1-Year,Auto-Pay,Tablet,Chat,Plan Change,68,129.81,8970.05,41.53,12,False,83,1,Problem kept recurring,Negative,0.1061,100,1,131.91,0.1739,Platinum,0.5202,2024-07-30
CUST04025,Northeast,Basic,Month-to-Month,Auto-Pay,Business Line,In-Store,Billing Dispute,25,90.33,2338.44,105.72,12,True,37,4,Excellent support experience,Positive,0.6036,66.6,0,93.54,0.4615,Silver,0.7898,2023-02-14
CUST04026,Northeast,Basic,1-Year,Manual-Online,Hotspot,Phone,No Issue,58,244.42,12112.02,96.98,10,False,-91,5,Great network coverage,Positive,0.7631,58.2,0,208.83,0.1695,Gold,0.6158,2023-08-14
CUST04027,Northeast,Enterprise,Month-to-Month,In-Store,Smartphone,App,Speed Issue,34,126.47,3989.57,4.45,11,False,48,2,Issue still not resolved,Negative,0.2312,100,1,117.34,0.3143,Silver,0.559,2023-02-10
CUST04028,Southwest,Premium,1-Year,Mail,Business Line,Email,Network Outage,68,163.33,9861.7,45.64,8,True,55,3,Acceptable service,Neutral,0.4205,85.0,1,145.03,0.1159,Platinum,0.7212,2022-07-23
CUST04029,Southwest,Standard,1-Year,Mail,Business Line,App,Contract Issue,47,120.72,5354.81,103.15,12,False,79,2,Will consider switching providers,Negative,0.2185,100,1,113.93,0.25,Gold,0.6133,2024-01-13
CUST04030,West,Basic,2-Year,In-Store,Business Line,In-Store,Device Problem,45,61.46,2869.29,102.65,6,True,34,4,Great network coverage,Positive,0.9962,55.2,0,63.76,0.1304,Gold,0.7845,2024-02-15
CUST04031,Midwest,Basic,Month-to-Month,Auto-Pay,Hotspot,Chat,Contract Issue,12,141.24,1711.86,17.51,12,True,-69,1,Very disappointed with service,Negative,0.1097,100,1,142.66,0.9231,Silver,0.3043,2023-05-06
CUST04032,Midwest,Premium,2-Year,Mail,Business Line,App,Billing Dispute,69,79.13,4787.38,102.94,14,True,70,5,Agent was very helpful,Positive,0.7768,34.0,0,69.38,0.2,Platinum,0.9475,2022-02-03
CUST04033,West,Enterprise,Month-to-Month,Mail,Tablet,Email,Billing Dispute,80,47.7,3755.06,87.84,5,False,-75,1,No accountability at all,Negative,0.2126,100,1,46.94,0.0617,Platinum,0.2438,2022-05-06
CUST04034,Southwest,Premium,1-Year,Auto-Pay,Home Internet,App,Plan Change,31,189.44,5279.61,88.51,13,False,77,2,Terrible wait times,Negative,0.206,100,1,170.31,0.4062,Silver,0.6098,2022-04-08
CUST04035,Northeast,Enterprise,Month-to-Month,Auto-Pay,Smartphone,Chat,No Issue,22,34.96,766.37,104.68,5,True,-71,4,Excellent support experience,Positive,0.7954,74.2,0,34.84,0.2174,Silver,0.6008,2022-07-15
CUST04036,Southwest,Standard,2-Year,Manual-Online,Home Internet,Phone,Network Outage,36,229.56,7050.55,85.71,12,True,-19,3,Average experience,Neutral,0.3749,100,1,195.85,0.3243,Gold,0.5917,2022-10-13
CUST04037,West,Enterprise,Month-to-Month,In-Store,Tablet,App,Contract Issue,76,247.87,18809.6,117.35,12,True,51,1,Problem kept recurring,Negative,0.0832,100,1,247.49,0.1558,Platinum,0.5142,2024-02-28
CUST04038,West,Standard,Month-to-Month,Auto-Pay,Tablet,Phone,Plan Change,4,32.04,130.06,77.45,1,False,-95,5,Problem resolved quickly,Positive,0.6285,41.0,0,32.52,0.2,Bronze,0.6088,2022-05-16
CUST04039,West,Standard,2-Year,Manual-Online,Home Internet,Chat,Network Outage,30,159.51,4260.68,11.82,8,True,61,3,Waited longer than expected,Neutral,0.579,83.8,1,142.02,0.2581,Silver,0.7318,2023-12-21
CUST04040,Northeast,Premium,Month-to-Month,Manual-Online,Business Line,Email,Plan Change,74,126.66,8619.38,115.35,12,False,82,1,Poor network reliability,Negative,0.2601,100,1,116.48,0.16,Platinum,0.5185,2023-03-27
CUST04041,West,Basic,2-Year,Auto-Pay,Tablet,Chat,Network Outage,40,234.36,8553.78,109.81,0,True,-16,2,Terrible wait times,Negative,0.1682,100,1,213.84,0.0,Gold,0.497,2023-01-23
CUST04042,Southeast,Enterprise,1-Year,Auto-Pay,Business Line,Chat,Billing Dispute,23,249.91,4966.88,37.69,7,False,-24,3,Service was okay,Neutral,0.3741,98.8,1,215.95,0.2917,Silver,0.533,2022-04-17
CUST04043,Northeast,Enterprise,1-Year,Auto-Pay,Tablet,Email,Device Problem,72,192.22,12820.3,96.11,12,True,1,1,Problem kept recurring,Negative,0.2525,100,1,178.06,0.1644,Platinum,0.4267,2024-08-24
CUST04044,Southeast,Enterprise,1-Year,Manual-Online,Tablet,Email,No Issue,5,245.92,1177.82,110.31,14,False,-62,4,Highly satisfied with resolution,Positive,0.9686,90.4,1,235.56,2.3333,Bronze,0.5665,2023-02-11
CUST04045,Southwest,Enterprise,1-Year,Mail,Smartphone,In-Store,Network Outage,39,172.28,5879.24,64.95,0,True,-73,4,Very professional support team,Positive,0.802,64.6,0,150.75,0.0,Gold,0.5973,2023-02-13
CUST04046,West,Premium,Month-to-Month,In-Store,Tablet,Chat,Speed Issue,53,119.35,5405.79,55.31,11,True,1,4,Agent went above and beyond,Positive,0.741,71.8,1,102.0,0.2037,Gold,0.7268,2022-12-28
CUST04047,Southwest,Basic,1-Year,Manual-Online,Smartphone,Phone,Device Problem,16,31.97,436.48,32.98,13,True,87,3,Service was okay,Neutral,0.3292,88.6,1,27.28,0.7647,Silver,0.7772,2023-12-01
CUST04048,Northeast,Basic,2-Year,Mail,Tablet,In-Store,Speed Issue,54,61.53,2891.87,108.46,11,True,-98,3,Nothing exceptional,Neutral,0.5509,100,1,53.55,0.2,Gold,0.4535,2022-06-10
CUST04049,Midwest,Enterprise,2-Year,Manual-Online,Tablet,App,Device Problem,34,70.7,2425.42,119.16,4,True,38,5,Excellent support experience,Positive,0.8497,20.4,0,71.34,0.1143,Silver,0.8915,2023-10-09
CUST04050,Southwest,Enterprise,1-Year,Mail,Hotspot,Chat,Plan Change,69,95.21,6479.18,45.55,6,True,1,1,Poor network reliability,Negative,0.1929,100,1,93.9,0.0857,Platinum,0.4267,2024-11-13
CUST04051,Southwest,Premium,2-Year,Mail,Business Line,App,Speed Issue,14,182.67,2641.0,16.04,7,True,-66,5,Great network coverage,Positive,0.655,47.2,0,188.64,0.4667,Silver,0.7095,2024-10-25
CUST04052,Northeast,Standard,Month-to-Month,Auto-Pay,Hotspot,Phone,Contract Issue,5,175.83,774.02,18.73,0,True,98,5,Great network coverage,Positive,0.8495,0.4,0,154.8,0.0,Bronze,0.9965,2023-08-17
CUST04053,Southeast,Enterprise,2-Year,Auto-Pay,Business Line,In-Store,Plan Change,23,224.73,4637.95,45.88,0,False,69,5,Highly satisfied with resolution,Positive,0.8601,6.2,0,201.65,0.0,Silver,0.8958,2024-06-10
CUST04054,Northeast,Enterprise,Month-to-Month,Manual-Online,Smartphone,Phone,Billing Dispute,59,233.67,13190.63,86.98,2,False,65,2,Worst customer service experience,Negative,0.1834,100,1,223.57,0.0333,Gold,0.5887,2024-09-02
CUST04055,Midwest,Standard,Month-to-Month,Manual-Online,Tablet,App,No Issue,37,96.99,3274.0,9.14,14,True,-23,5,Highly satisfied with resolution,Positive,0.9692,52.6,0,88.49,0.3684,Gold,0.7848,2024-07-27
CUST04056,Northeast,Basic,1-Year,Auto-Pay,Hotspot,App,Speed Issue,83,184.23,14985.51,9.46,6,False,-69,3,Issue eventually resolved,Neutral,0.5062,100,1,180.55,0.0714,Platinum,0.4543,2023-03-24
CUST04057,Northeast,Standard,Month-to-Month,Auto-Pay,Business Line,Chat,Contract Issue,49,206.61,10241.28,36.91,3,True,0,1,Very disappointed with service,Negative,0.2773,100,1,209.01,0.06,Gold,0.425,2022-09-19
CUST04058,West,Basic,1-Year,Mail,Business Line,Email,Billing Dispute,54,223.0,10936.83,89.51,1,False,-27,1,Very disappointed with service,Negative,0.101,100,1,202.53,0.0182,Gold,0.3277,2023-08-13
CUST04059,Midwest,Premium,Month-to-Month,Manual-Online,Business Line,Phone,Device Problem,18,166.84,3029.12,107.34,2,True,8,4,Outstanding customer care,Positive,0.9244,52.4,0,168.28,0.1053,Silver,0.739,2024-09-01
CUST04060,Southeast,Premium,2-Year,Manual-Online,Tablet,Email,No Issue,77,100.75,7059.64,66.62,3,True,-48,4,Very professional support team,Positive,0.9088,65.6,1,91.68,0.0385,Platinum,0.641,2023-04-03
CUST04061,Midwest,Premium,2-Year,Manual-Online,Tablet,App,Plan Change,12,140.46,1470.38,71.33,12,False,96,3,Waited longer than expected,Neutral,0.5004,84.8,1,122.53,0.9231,Silver,0.743,2022-10-06
CUST04062,Southwest,Standard,1-Year,Mail,Home Internet,App,Billing Dispute,61,59.96,3451.87,68.9,11,True,-52,1,Billing overcharge not fixed,Negative,0.1255,100,1,56.59,0.1774,Platinum,0.334,2024-05-16
CUST04063,West,Enterprise,Month-to-Month,Auto-Pay,Tablet,In-Store,No Issue,2,125.32,243.92,98.71,8,True,19,2,Poor network reliability,Negative,0.0934,100,1,121.96,2.6667,Bronze,0.5583,2023-10-23
CUST04064,West,Enterprise,2-Year,Mail,Hotspot,Chat,Billing Dispute,80,92.74,7184.94,30.7,6,True,1,2,Worst customer service experience,Negative,0.2992,100,1,89.81,0.0741,Platinum,0.5268,2022-05-18
CUST04065,Midwest,Premium,1-Year,Auto-Pay,Hotspot,App,Plan Change,59,139.05,8330.26,69.47,8,True,59,3,Waited longer than expected,Neutral,0.4178,84.2,1,141.19,0.1333,Gold,0.7283,2023-06-24
CUST04066,Northeast,Enterprise,1-Year,In-Store,Smartphone,App,Speed Issue,14,212.46,2612.98,46.27,0,True,-37,3,Waited longer than expected,Neutral,0.3663,87.4,1,186.64,0.0,Silver,0.5603,2022-12-23
CUST04067,Southeast,Enterprise,1-Year,Mail,Tablet,Chat,Speed Issue,59,69.71,3915.55,34.2,7,True,68,4,Excellent support experience,Positive,0.9308,50.4,0,66.37,0.1167,Gold,0.844,2022-06-06
CUST04068,West,Premium,2-Year,Manual-Online,Business Line,Email,Speed Issue,83,65.83,5132.8,114.1,3,True,-10,3,Could be improved,Neutral,0.3152,88.0,1,61.84,0.0357,Platinum,0.6075,2024-05-01
CUST04069,Southwest,Enterprise,Month-to-Month,Auto-Pay,Tablet,App,Device Problem,84,58.42,4972.44,88.63,7,True,0,3,Waited longer than expected,Neutral,0.4357,94.0,1,59.2,0.0824,Platinum,0.625,2022-10-28
CUST04070,Southwest,Standard,1-Year,Auto-Pay,Tablet,App,Plan Change,23,233.62,5456.72,49.81,3,True,87,5,Agent went above and beyond,Positive,0.9015,8.6,0,237.25,0.125,Silver,0.9772,2024-07-22
CUST04071,Southeast,Premium,1-Year,Auto-Pay,Home Internet,In-Store,No Issue,33,148.57,4999.55,64.06,2,False,29,2,Billing overcharge not fixed,Negative,0.0648,100,1,151.5,0.0588,Silver,0.5257,2024-11-28
CUST04072,Northeast,Standard,1-Year,Mail,Tablet,Chat,No Issue,59,196.26,10528.01,105.31,5,False,37,5,Outstanding customer care,Positive,0.6757,22.6,0,178.44,0.0833,Gold,0.8397,2024-08-21
CUST04073,Southeast,Premium,Month-to-Month,Mail,Hotspot,App,No Issue,11,90.01,978.94,39.99,1,True,39,1,Will consider switching providers,Negative,0.1915,100,1,88.99,0.0833,Bronze,0.4932,2023-03-16
CUST04074,Northeast,Enterprise,1-Year,Mail,Smartphone,Email,Plan Change,82,87.97,7273.82,103.51,14,True,-52,3,Expected better response time,Neutral,0.354,100,1,88.71,0.1687,Platinum,0.534,2023-08-30
CUST04075,Midwest,Enterprise,2-Year,Manual-Online,Tablet,Phone,No Issue,68,44.34,3110.82,11.37,1,True,-64,5,Excellent support experience,Positive,0.8262,34.8,0,45.75,0.0145,Platinum,0.713,2022-04-25
CUST04076,Southeast,Standard,1-Year,Mail,Home Internet,Email,Contract Issue,81,165.52,13756.53,26.11,14,True,-9,5,Great network coverage,Positive,0.94,49.8,0,169.83,0.1707,Platinum,0.8093,2023-11-30
CUST04077,Midwest,Basic,2-Year,Mail,Home Internet,App,Billing Dispute,27,140.76,3840.55,17.75,7,True,80,1,Problem kept recurring,Negative,0.2331,100,1,142.24,0.25,Silver,0.565,2024-03-24
CUST04078,Midwest,Enterprise,1-Year,Manual-Online,Tablet,Email,Device Problem,49,84.16,3930.57,108.04,5,True,-54,4,Agent went above and beyond,Positive,0.9728,70.8,0,80.22,0.1,Gold,0.6305,2024-08-24
CUST04079,West,Enterprise,1-Year,Manual-Online,Smartphone,App,No Issue,40,245.07,9467.6,61.18,1,False,12,1,Agent was unhelpful,Negative,0.1297,100,1,236.69,0.0244,Gold,0.396,2022-07-02
CUST04080,Northeast,Premium,1-Year,Manual-Online,Home Internet,Phone,Network Outage,3,49.3,153.39,97.83,12,True,-67,1,Will consider switching providers,Negative,0.254,100,1,51.13,3.0,Bronze,0.3077,2022-07-06
CUST04081,Southeast,Standard,2-Year,Mail,Home Internet,Phone,Billing Dispute,76,87.22,5794.39,77.23,8,True,65,4,Highly satisfied with resolution,Positive,0.8717,53.0,0,76.24,0.1039,Platinum,0.8387,2022-08-30
CUST04082,Southwest,Premium,2-Year,Auto-Pay,Tablet,Chat,Network Outage,84,76.75,5897.86,93.86,5,True,70,5,Very happy with service,Positive,0.8278,16.0,0,70.21,0.0588,Platinum,0.9475,2024-04-21
CUST04083,Northeast,Standard,1-Year,Manual-Online,Smartphone,Chat,Plan Change,39,193.51,6904.72,86.66,15,True,-97,5,Agent went above and beyond,Positive,0.7277,69.4,1,177.04,0.375,Gold,0.6552,2022-10-26
CUST04084,West,Standard,2-Year,Auto-Pay,Smartphone,In-Store,Contract Issue,44,151.57,6803.81,50.8,5,True,-12,3,Nothing exceptional,Neutral,0.3679,92.4,1,154.63,0.1111,Gold,0.604,2022-01-02
CUST04085,West,Premium,1-Year,Auto-Pay,Hotspot,Email,Contract Issue,2,212.69,405.86,93.52,5,True,15,4,Agent was very helpful,Positive,0.8531,57.0,0,202.93,1.6667,Bronze,0.7512,2024-06-13
CUST04086,Southeast,Standard,2-Year,Manual-Online,Tablet,Email,Contract Issue,53,135.73,6890.65,33.39,2,False,-52,2,Agent was unhelpful,Negative,0.0076,100,1,130.01,0.037,Gold,0.384,2024-06-28
CUST04087,West,Enterprise,1-Year,In-Store,Smartphone,Chat,Billing Dispute,82,144.19,12263.65,36.69,13,False,49,5,Highly satisfied with resolution,Positive,0.6764,36.2,0,149.56,0.1566,Platinum,0.8607,2024-02-09
CUST04088,Northeast,Enterprise,Month-to-Month,Manual-Online,Hotspot,Chat,Plan Change,33,177.63,5431.08,84.38,0,True,-3,2,Billing overcharge not fixed,Negative,0.2285,100,1,164.58,0.0,Silver,0.5197,2022-09-13
CUST04089,Southwest,Basic,Month-to-Month,Auto-Pay,Hotspot,Phone,Device Problem,14,43.23,549.13,106.38,5,False,-85,5,Agent went above and beyond,Positive,0.8978,47.0,0,39.22,0.3333,Silver,0.6262,2022-02-23
CUST04090,West,Premium,Month-to-Month,Mail,Business Line,In-Store,Speed Issue,19,65.39,1074.45,61.26,13,False,26,4,Great network coverage,Positive,0.6281,70.8,1,56.55,0.65,Silver,0.7205,2023-02-14
CUST04091,Northeast,Basic,1-Year,Manual-Online,Home Internet,App,Speed Issue,17,221.41,3890.57,105.64,7,True,11,1,Will consider switching providers,Negative,0.0284,100,1,228.86,0.3889,Silver,0.4443,2023-05-03
CUST04092,Midwest,Premium,2-Year,Mail,Hotspot,In-Store,Network Outage,60,61.83,3518.7,66.71,8,True,85,3,Got what I needed but took a while,Neutral,0.3555,79.0,1,58.64,0.1311,Platinum,0.7737,2023-05-01
CUST04093,Southwest,Basic,Month-to-Month,Mail,Home Internet,Chat,No Issue,77,93.66,6230.55,51.67,15,True,90,4,Outstanding customer care,Positive,0.6291,62.0,0,80.92,0.1923,Platinum,0.8825,2022-09-11
CUST04094,Midwest,Enterprise,Month-to-Month,In-Store,Business Line,App,Billing Dispute,20,158.92,3279.26,52.08,6,True,-63,5,Very happy with service,Positive,0.9593,44.6,0,163.96,0.2857,Silver,0.7147,2022-12-09
CUST04095,Southwest,Enterprise,2-Year,Auto-Pay,Smartphone,Phone,No Issue,39,136.86,5334.89,6.04,13,False,-38,5,Agent went above and beyond,Positive,0.7549,53.6,0,136.79,0.325,Gold,0.7085,2023-12-08
CUST04096,Northeast,Enterprise,1-Year,Manual-Online,Home Internet,In-Store,Device Problem,4,83.3,324.81,86.85,5,False,-23,5,Very professional support team,Positive,0.6343,34.6,0,81.2,1.0,Bronze,0.7348,2023-04-20
CUST04097,Southwest,Standard,2-Year,Mail,Hotspot,Chat,Speed Issue,29,33.05,991.83,23.85,12,True,-74,3,Could be improved,Neutral,0.5755,100,1,34.2,0.4,Silver,0.4955,2023-12-19
CUST04098,Northeast,Basic,2-Year,Manual-Online,Home Internet,Chat,Network Outage,21,193.08,3584.12,86.92,2,True,-4,1,Agent was unhelpful,Negative,0.1347,100,1,170.67,0.0909,Silver,0.418,2023-12-07
CUST04099,Midwest,Enterprise,2-Year,Mail,Home Internet,Phone,Plan Change,39,33.91,1146.63,115.76,15,True,29,3,Average experience,Neutral,0.4466,100,1,29.4,0.375,Gold,0.6757,2024-01-26
CUST04100,Southwest,Premium,1-Year,Manual-Online,Tablet,In-Store,Contract Issue,7,48.27,327.14,31.34,12,False,-10,5,Highly satisfied with resolution,Positive,0.7936,46.0,0,46.73,1.5,Bronze,0.7575,2024-02-24
CUST04101,Southeast,Standard,1-Year,Auto-Pay,Smartphone,App,Network Outage,41,56.01,2164.96,119.01,14,True,6,3,Issue eventually resolved,Neutral,0.4403,100,1,52.8,0.3333,Gold,0.6355,2023-02-22
CUST04102,West,Enterprise,Month-to-Month,Manual-Online,Hotspot,Phone,Speed Issue,20,151.22,2632.97,70.06,8,True,-39,5,Outstanding customer care,Positive,0.7259,43.8,0,131.65,0.381,Silver,0.7568,2023-09-02
CUST04103,Southeast,Enterprise,Month-to-Month,In-Store,Hotspot,In-Store,Speed Issue,26,204.2,5400.82,67.0,4,True,-78,3,Acceptable service,Neutral,0.3444,100,1,207.72,0.1481,Silver,0.4885,2022-12-10
CUST04104,Southeast,Enterprise,2-Year,Manual-Online,Hotspot,App,Contract Issue,77,113.84,8170.38,80.34,0,False,6,1,Issue still not resolved,Negative,0.1206,100,1,106.11,0.0,Platinum,0.3855,2023-11-21
CUST04105,Southwest,Enterprise,1-Year,Auto-Pay,Smartphone,Email,Billing Dispute,31,101.26,2900.47,13.25,1,True,6,4,Very happy with service,Positive,0.7422,50.8,0,93.56,0.0312,Silver,0.7355,2024-09-17
CUST04106,West,Standard,2-Year,Auto-Pay,Tablet,In-Store,Billing Dispute,6,148.25,804.71,86.73,6,True,-94,4,Very professional support team,Positive,0.841,80.8,1,134.12,0.8571,Bronze,0.5605,2023-04-25
CUST04107,West,Standard,Month-to-Month,Mail,Business Line,Chat,Billing Dispute,78,179.43,13926.57,60.44,14,True,-84,5,Excellent support experience,Positive,0.9243,64.8,0,178.55,0.1772,Platinum,0.678,2023-02-10
CUST04108,Northeast,Basic,1-Year,In-Store,Smartphone,In-Store,Plan Change,6,36.85,224.43,22.91,10,True,-16,4,Very happy with service,Positive,0.6082,73.2,1,37.41,1.4286,Bronze,0.697,2023-03-02
CUST04109,Midwest,Enterprise,Month-to-Month,Mail,Smartphone,Phone,Billing Dispute,7,175.25,1128.94,39.98,11,True,67,1,Problem kept recurring,Negative,0.2828,100,1,161.28,1.375,Bronze,0.5422,2022-01-25
CUST04110,Northeast,Premium,Month-to-Month,In-Store,Tablet,Phone,Network Outage,46,106.15,4409.05,96.52,6,True,55,2,Agent was unhelpful,Negative,0.0522,100,1,95.85,0.1277,Gold,0.6212,2022-06-21
CUST04111,Southeast,Premium,Month-to-Month,Auto-Pay,Tablet,Email,Plan Change,82,230.91,17026.58,2.97,12,True,-39,2,Problem kept recurring,Negative,0.2681,100,1,207.64,0.1446,Platinum,0.4567,2022-01-31
CUST04112,Midwest,Enterprise,2-Year,In-Store,Hotspot,In-Store,Contract Issue,30,32.62,955.68,62.11,3,True,89,4,Great network coverage,Positive,0.6053,38.2,0,31.86,0.0968,Silver,0.8808,2024-09-26
CUST04113,West,Enterprise,1-Year,In-Store,Hotspot,Phone,Network Outage,38,170.34,5749.49,29.85,14,True,-44,4,Excellent support experience,Positive,0.8715,86.8,1,151.3,0.359,Gold,0.648,2024-11-05
CUST04114,Northeast,Standard,Month-to-Month,Mail,Smartphone,Phone,Device Problem,28,135.77,3987.78,3.86,0,True,-85,2,Terrible wait times,Negative,0.0293,100,1,142.42,0.0,Silver,0.3762,2022-08-19
CUST04115,West,Standard,2-Year,Mail,Business Line,Email,No Issue,46,179.69,7771.44,114.64,13,True,-11,2,Billing overcharge not fixed,Negative,0.1986,100,1,168.94,0.2766,Gold,0.5058,2022-09-15
CUST04116,West,Basic,Month-to-Month,Mail,Tablet,Phone,Network Outage,52,225.58,11399.05,113.22,14,True,62,5,Seamless experience overall,Positive,0.6104,35.6,0,219.21,0.2642,Gold,0.9335,2023-01-13
CUST04117,Southwest,Premium,2-Year,Auto-Pay,Smartphone,App,Contract Issue,63,102.65,6592.2,9.3,5,True,54,3,Waited longer than expected,Neutral,0.5335,79.2,1,104.64,0.0781,Platinum,0.7195,2024-04-25
CUST04118,Midwest,Enterprise,1-Year,In-Store,Home Internet,Email,Contract Issue,46,163.39,7402.18,63.35,2,False,-84,2,Very disappointed with service,Negative,0.0667,100,1,160.92,0.0426,Gold,0.328,2022-10-25
CUST04119,Southwest,Premium,1-Year,Manual-Online,Tablet,Chat,Network Outage,70,94.32,5881.28,16.21,7,True,95,1,Very disappointed with service,Negative,0.0868,100,1,84.02,0.0986,Platinum,0.5913,2022-12-06
CUST04120,Southwest,Premium,1-Year,Auto-Pay,Tablet,Chat,No Issue,17,161.16,2702.75,70.18,15,True,-94,2,Problem kept recurring,Negative,0.1067,100,1,158.99,0.8333,Silver,0.3605,2022-04-13
CUST04121,Northeast,Standard,1-Year,In-Store,Home Internet,App,Network Outage,11,142.51,1468.0,52.78,5,True,63,1,No accountability at all,Negative,0.144,100,1,133.45,0.4167,Bronze,0.5353,2023-09-10
CUST04122,Southeast,Enterprise,Month-to-Month,Auto-Pay,Hotspot,Phone,Speed Issue,79,122.33,10038.66,50.22,0,True,88,5,Seamless experience overall,Positive,0.7528,2.4,0,127.07,0.0,Platinum,0.979,2023-04-15
CUST04123,Southeast,Premium,Month-to-Month,Mail,Tablet,App,Device Problem,50,136.86,6870.94,66.37,2,True,48,1,Very disappointed with service,Negative,0.0693,100,1,137.42,0.0392,Gold,0.509,2024-10-18
CUST04124,Midwest,Enterprise,2-Year,In-Store,Smartphone,Email,Network Outage,9,213.91,1647.59,28.92,15,True,-59,5,Highly satisfied with resolution,Positive,0.6964,61.8,0,183.07,1.5,Bronze,0.7218,2023-02-18
CUST04125,West,Basic,2-Year,In-Store,Tablet,App,Speed Issue,2,204.25,404.25,64.43,11,False,72,2,Poor network reliability,Negative,0.1976,100,1,202.12,3.6667,Bronze,0.601,2023-11-19
CUST04126,Southeast,Basic,Month-to-Month,Auto-Pay,Smartphone,Email,Contract Issue,12,118.9,1479.11,106.85,11,True,-6,3,Got what I needed but took a while,Neutral,0.3785,100,1,123.26,0.8462,Silver,0.6145,2024-09-03
CUST04127,Northeast,Standard,Month-to-Month,Auto-Pay,Business Line,In-Store,Billing Dispute,31,164.97,5091.19,87.43,8,True,-41,3,Service was okay,Neutral,0.3406,100,1,164.23,0.25,Silver,0.5533,2022-05-22
CUST04128,West,Basic,1-Year,Auto-Pay,Tablet,Email,Contract Issue,50,74.88,3715.45,46.7,4,True,-31,3,Average experience,Neutral,0.5869,94.2,1,74.31,0.0784,Gold,0.5707,2023-11-15
CUST04129,Midwest,Enterprise,Month-to-Month,In-Store,Home Internet,In-Store,Network Outage,30,104.35,2876.5,11.0,15,True,18,3,Acceptable service,Neutral,0.389,100,1,95.88,0.4839,Silver,0.6565,2023-01-16
CUST04130,West,Basic,1-Year,In-Store,Hotspot,In-Store,Billing Dispute,58,79.21,4113.21,7.67,9,True,27,1,Problem kept recurring,Negative,0.0922,100,1,70.92,0.1525,Gold,0.4722,2022-05-10
CUST04131,Southeast,Enterprise,Month-to-Month,Manual-Online,Business Line,In-Store,Contract Issue,7,35.13,257.0,54.25,2,True,-94,4,Great network coverage,Positive,0.6212,72.8,1,36.71,0.25,Bronze,0.5605,2022-10-24
CUST04132,Southeast,Standard,1-Year,Mail,Business Line,App,No Issue,81,228.66,19214.18,8.37,3,True,34,3,Waited longer than expected,Neutral,0.3932,79.2,1,237.21,0.0366,Platinum,0.6845,2023-11-05
CUST04133,Midwest,Basic,2-Year,Auto-Pay,Tablet,Email,Contract Issue,23,242.05,5398.52,118.96,1,False,96,5,Excellent support experience,Positive,0.6999,2.8,0,234.72,0.0417,Silver,0.943,2023-01-07
CUST04134,Northeast,Enterprise,2-Year,Manual-Online,Business Line,Email,No Issue,19,181.25,3311.78,52.24,4,True,68,5,Agent went above and beyond,Positive,0.7932,14.4,0,174.3,0.2,Silver,0.944,2024-05-30
CUST04135,West,Enterprise,2-Year,In-Store,Business Line,Email,Contract Issue,72,117.39,7944.77,57.21,11,True,50,4,Excellent support experience,Positive,0.957,62.0,0,110.34,0.1507,Platinum,0.8125,2022-06-14
CUST04136,Southwest,Enterprise,2-Year,Manual-Online,Hotspot,App,Billing Dispute,68,190.99,11086.19,52.58,6,False,61,5,Seamless experience overall,Positive,0.7047,19.8,0,163.03,0.087,Platinum,0.8818,2024-06-29
CUST04137,Southeast,Enterprise,1-Year,Manual-Online,Tablet,In-Store,Contract Issue,67,54.07,3381.37,41.07,7,False,-22,1,Worst customer service experience,Negative,0.04,100,1,50.47,0.1029,Platinum,0.3365,2022-12-27
CUST04138,Southwest,Standard,2-Year,Auto-Pay,Home Internet,Email,Contract Issue,76,247.33,17187.71,74.44,5,True,-78,2,Poor network reliability,Negative,0.0839,100,1,226.15,0.0649,Platinum,0.3885,2022-08-11
CUST04139,Southeast,Standard,2-Year,Auto-Pay,Hotspot,Chat,Speed Issue,22,47.99,971.63,18.63,8,True,88,1,Billing overcharge not fixed,Negative,0.0653,100,1,44.16,0.3478,Silver,0.579,2022-10-31
CUST04140,Midwest,Basic,Month-to-Month,Mail,Business Line,App,Network Outage,5,106.69,459.83,30.89,2,True,51,3,Waited longer than expected,Neutral,0.5343,73.8,1,91.97,0.3333,Bronze,0.7143,2022-10-08
CUST04141,Southwest,Standard,1-Year,In-Store,Tablet,App,Network Outage,46,212.95,10231.04,117.28,14,True,7,1,Issue still not resolved,Negative,0.0825,100,1,222.41,0.2979,Gold,0.4373,2024-09-07
CUST04142,West,Premium,Month-to-Month,Manual-Online,Home Internet,App,Billing Dispute,64,224.47,14058.95,28.91,4,True,-56,2,Issue still not resolved,Negative,0.2968,100,1,219.67,0.0615,Platinum,0.427,2024-07-25
CUST04143,Southwest,Standard,2-Year,Auto-Pay,Smartphone,In-Store,Billing Dispute,5,110.32,500.61,103.31,12,True,59,1,Problem kept recurring,Negative,0.2551,100,1,100.12,2.0,Bronze,0.5282,2024-09-12
CUST04144,Southeast,Basic,2-Year,In-Store,Smartphone,Phone,Device Problem,5,171.45,827.24,24.36,2,True,-57,1,Will consider switching providers,Negative,0.2446,100,1,165.45,0.3333,Bronze,0.3252,2024-09-30
CUST04145,Northeast,Enterprise,2-Year,Mail,Tablet,Email,Contract Issue,52,182.92,8257.18,49.5,13,False,-31,4,Highly satisfied with resolution,Positive,0.8589,82.2,1,158.79,0.2453,Gold,0.6208,2023-08-06
CUST04146,Midwest,Enterprise,2-Year,Mail,Smartphone,In-Store,Network Outage,67,107.05,6650.44,98.38,15,True,54,2,Issue still not resolved,Negative,0.1586,100,1,99.26,0.2206,Platinum,0.6195,2024-08-20
CUST04147,Northeast,Basic,2-Year,Manual-Online,Home Internet,Phone,Speed Issue,37,72.04,2328.16,29.99,3,True,77,2,Problem kept recurring,Negative,0.2236,100,1,62.92,0.0789,Gold,0.6597,2024-06-13
CUST04148,Midwest,Premium,1-Year,Mail,Business Line,Phone,No Issue,74,194.01,13830.6,3.33,15,True,-96,2,Agent was unhelpful,Negative,0.0677,100,1,186.9,0.2,Platinum,0.357,2024-08-30
CUST04149,Southwest,Basic,1-Year,Auto-Pay,Business Line,Email,Contract Issue,1,65.37,61.62,53.25,13,True,-28,1,Very disappointed with service,Negative,0.2106,100,1,61.62,6.5,Bronze,0.376,2023-10-18
CUST04150,West,Enterprise,1-Year,Auto-Pay,Hotspot,Chat,Device Problem,75,193.0,13437.99,6.19,9,True,42,4,Problem resolved quickly,Positive,0.7391,59.6,0,179.17,0.1184,Platinum,0.7985,2024-09-27
CUST04151,Midwest,Basic,2-Year,In-Store,Smartphone,In-Store,Speed Issue,34,95.31,3377.48,29.98,4,True,38,2,Terrible wait times,Negative,0.103,100,1,99.34,0.1143,Silver,0.5915,2024-03-14
CUST04152,Southeast,Enterprise,Month-to-Month,Manual-Online,Business Line,Chat,No Issue,50,198.12,9401.39,74.5,1,True,94,2,Issue still not resolved,Negative,0.274,93.2,1,188.03,0.0196,Gold,0.6895,2022-01-22
CUST04153,West,Standard,Month-to-Month,Auto-Pay,Hotspot,App,Contract Issue,46,36.14,1673.11,15.81,0,True,31,4,Great network coverage,Positive,0.787,43.8,0,36.37,0.0,Gold,0.7792,2024-06-07
CUST04154,Southwest,Basic,1-Year,Manual-Online,Tablet,App,Network Outage,14,42.5,527.38,6.49,3,True,-29,5,Great network coverage,Positive,0.8407,31.8,0,37.67,0.2,Silver,0.7742,2022-08-28
CUST04155,West,Premium,Month-to-Month,In-Store,Home Internet,App,Network Outage,79,144.59,11173.86,80.93,8,False,54,1,Worst customer service experience,Negative,0.1903,100,1,141.44,0.1,Platinum,0.4695,2022-01-29
CUST04156,Southwest,Enterprise,Month-to-Month,Manual-Online,Tablet,App,Contract Issue,20,232.33,4657.6,82.33,6,True,-54,2,Problem kept recurring,Negative,0.095,100,1,232.88,0.2857,Silver,0.4305,2024-10-14
CUST04157,Southeast,Enterprise,2-Year,Auto-Pay,Hotspot,App,Network Outage,82,99.73,8015.42,113.98,14,True,-89,4,Highly satisfied with resolution,Positive,0.9462,95.8,1,97.75,0.1687,Platinum,0.5693,2024-06-22
CUST04158,West,Enterprise,1-Year,Mail,Business Line,App,Device Problem,16,71.72,977.67,75.55,6,False,-67,1,Worst customer service experience,Negative,0.211,100,1,61.1,0.3529,Silver,0.2578,2023-03-12
CUST04159,Southeast,Premium,1-Year,Mail,Hotspot,In-Store,Speed Issue,65,237.22,14913.76,93.96,7,False,19,1,Issue still not resolved,Negative,0.1702,100,1,229.44,0.1061,Platinum,0.4083,2024-10-09
CUST04160,Midwest,Basic,Month-to-Month,Manual-Online,Business Line,Chat,No Issue,39,172.57,6067.14,105.13,0,True,-10,2,Very disappointed with service,Negative,0.0031,100,1,155.57,0.0,Gold,0.5075,2024-01-09
CUST04161,Southwest,Standard,1-Year,Manual-Online,Hotspot,App,Speed Issue,84,226.2,17265.38,22.89,10,False,-83,3,Issue eventually resolved,Neutral,0.5994,100,1,205.54,0.1176,Platinum,0.4298,2024-06-23
CUST04162,Southwest,Premium,Month-to-Month,Mail,Home Internet,Chat,Billing Dispute,67,193.77,11549.92,93.7,15,True,79,4,Very professional support team,Positive,0.742,64.2,0,172.39,0.2206,Platinum,0.8633,2023-04-19
CUST04163,Midwest,Standard,1-Year,Mail,Business Line,Phone,No Issue,55,41.37,2279.82,22.87,0,True,89,1,Agent was unhelpful,Negative,0.2764,100,1,41.45,0.0,Gold,0.5807,2023-10-03
CUST04164,Southwest,Basic,2-Year,In-Store,Tablet,Phone,Speed Issue,40,225.74,8329.01,85.7,7,True,66,2,Terrible wait times,Negative,0.1891,100,1,208.23,0.1707,Gold,0.6405,2022-11-19
CUST04165,Southeast,Enterprise,2-Year,In-Store,Tablet,App,No Issue,29,222.42,6419.41,104.66,5,True,-88,4,Agent went above and beyond,Positive,0.821,77.6,0,221.36,0.1667,Silver,0.571,2023-12-11
CUST04166,Southeast,Basic,2-Year,Auto-Pay,Smartphone,In-Store,Network Outage,44,161.23,6138.39,22.82,11,False,-95,3,Issue eventually resolved,Neutral,0.5385,100,1,139.51,0.2444,Gold,0.4088,2024-11-09
CUST04167,Southeast,Standard,1-Year,Manual-Online,Smartphone,Phone,Speed Issue,79,101.33,7640.32,44.37,10,False,-47,5,Problem resolved quickly,Positive,0.8422,49.4,0,96.71,0.125,Platinum,0.6927,2023-07-02
CUST04168,Southeast,Enterprise,Month-to-Month,In-Store,Hotspot,Chat,Network Outage,51,64.63,3350.27,95.3,3,True,94,2,Terrible wait times,Negative,0.0653,97.2,1,65.69,0.0577,Gold,0.6895,2024-01-09
CUST04169,Southwest,Premium,1-Year,Auto-Pay,Home Internet,Phone,Billing Dispute,61,43.54,2488.82,58.82,6,False,-51,4,Very happy with service,Positive,0.6385,72.2,0,40.8,0.0968,Platinum,0.5857,2023-01-11
CUST04170,West,Enterprise,Month-to-Month,Mail,Hotspot,App,No Issue,12,57.03,622.88,66.01,0,True,-62,5,Excellent support experience,Positive,0.8171,32.4,0,51.91,0.0,Silver,0.7165,2023-08-05
CUST04171,Midwest,Basic,2-Year,Auto-Pay,Smartphone,Phone,Speed Issue,42,234.35,9265.75,19.15,14,True,-72,2,Poor network reliability,Negative,0.2596,100,1,220.61,0.3256,Gold,0.399,2022-03-05
CUST04172,Southeast,Enterprise,Month-to-Month,In-Store,Hotspot,Chat,No Issue,47,170.81,7146.58,82.03,0,True,6,3,Could be improved,Neutral,0.4629,78.8,1,152.05,0.0,Gold,0.6355,2024-01-10
CUST04173,Northeast,Enterprise,Month-to-Month,Manual-Online,Tablet,In-Store,Billing Dispute,80,147.94,10895.66,110.58,2,True,-67,1,Billing overcharge not fixed,Negative,0.1202,100,1,136.2,0.0247,Platinum,0.3077,2023-06-17
CUST04174,Southwest,Basic,2-Year,Manual-Online,Tablet,Phone,No Issue,3,203.9,567.83,114.57,11,True,75,3,Issue eventually resolved,Neutral,0.4799,87.0,1,189.28,2.75,Bronze,0.7562,2022-06-11
CUST04175,West,Enterprise,2-Year,Mail,Business Line,Email,Billing Dispute,39,132.53,5118.02,2.36,12,True,-65,3,Service was okay,Neutral,0.3228,100,1,131.23,0.3,Gold,0.5112,2024-07-13
CUST04176,West,Premium,2-Year,Auto-Pay,Home Internet,Email,No Issue,70,171.89,10317.1,72.41,5,True,44,2,Very disappointed with service,Negative,0.2102,100,1,147.39,0.0704,Platinum,0.602,2023-07-29
CUST04177,West,Basic,1-Year,Auto-Pay,Home Internet,In-Store,Billing Dispute,46,138.46,5898.05,39.22,15,True,47,5,Problem resolved quickly,Positive,0.9873,40.6,0,128.22,0.3191,Gold,0.9073,2022-07-15
CUST04178,Southeast,Premium,2-Year,Manual-Online,Tablet,Chat,Plan Change,77,147.89,11480.01,14.08,4,True,75,3,Issue eventually resolved,Neutral,0.4187,73.0,0,149.09,0.0513,Platinum,0.7562,2024-04-22
CUST04179,Northeast,Standard,1-Year,Auto-Pay,Tablet,Email,Billing Dispute,70,177.21,12046.62,62.98,7,True,-19,1,Poor network reliability,Negative,0.2924,100,1,172.09,0.0986,Platinum,0.3917,2024-07-21
CUST04180,Midwest,Standard,2-Year,Manual-Online,Business Line,Chat,No Issue,73,52.26,3807.65,42.94,10,True,38,1,Very disappointed with service,Negative,0.1734,100,1,52.16,0.1351,Platinum,0.4915,2023-10-10
CUST04181,Southeast,Enterprise,2-Year,In-Store,Business Line,In-Store,Billing Dispute,58,64.53,3226.8,103.43,6,True,62,2,Very disappointed with service,Negative,0.0445,100,1,55.63,0.1017,Gold,0.6335,2024-05-05
CUST04182,Southwest,Standard,Month-to-Month,Auto-Pay,Hotspot,Phone,No Issue,66,92.15,6129.99,67.13,6,True,46,4,Great network coverage,Positive,0.7267,52.8,0,92.88,0.0896,Platinum,0.8055,2024-07-04
CUST04183,Midwest,Standard,Month-to-Month,Manual-Online,Home Internet,In-Store,Billing Dispute,5,76.15,335.48,15.15,13,True,-99,3,Service was okay,Neutral,0.5016,100,1,67.1,2.1667,Bronze,0.4517,2024-02-01
CUST04184,Midwest,Basic,Month-to-Month,Auto-Pay,Business Line,App,Plan Change,51,210.59,10437.13,22.43,13,True,64,5,Seamless experience overall,Positive,0.9055,33.2,0,204.65,0.25,Gold,0.937,2022-02-03
CUST04185,West,Basic,Month-to-Month,In-Store,Hotspot,In-Store,Network Outage,10,108.3,992.14,58.72,8,True,-72,4,Excellent support experience,Positive,0.8337,80.4,1,99.21,0.7273,Bronze,0.599,2024-01-01
CUST04186,West,Premium,2-Year,In-Store,Smartphone,App,Contract Issue,2,85.18,153.81,69.36,13,True,-23,4,Agent was very helpful,Positive,0.8436,80.6,1,76.91,4.3333,Bronze,0.6847,2023-09-08
CUST04187,Northeast,Enterprise,1-Year,Mail,Smartphone,Chat,No Issue,68,221.05,14111.65,7.84,0,False,-32,5,Great network coverage,Positive,0.8429,26.4,0,207.52,0.0,Platinum,0.719,2022-01-26
CUST04188,Northeast,Enterprise,Month-to-Month,Auto-Pay,Tablet,Chat,Network Outage,15,112.17,1575.52,56.29,10,True,-71,4,Very professional support team,Positive,0.9201,84.2,1,105.03,0.625,Silver,0.6008,2022-11-19
CUST04189,Midwest,Premium,1-Year,In-Store,Smartphone,In-Store,Device Problem,42,97.43,3910.3,107.56,3,True,-5,5,Problem resolved quickly,Positive,0.8491,27.0,0,93.1,0.0698,Gold,0.8163,2024-08-12
CUST04190,West,Premium,2-Year,Auto-Pay,Hotspot,Phone,Speed Issue,65,34.62,2247.45,18.26,3,True,-100,2,Problem kept recurring,Negative,0.223,100,1,34.58,0.0455,Platinum,0.35,2024-04-26
CUST04191,Northeast,Basic,Month-to-Month,In-Store,Hotspot,Phone,Network Outage,23,83.73,1930.3,13.99,9,True,63,1,Issue still not resolved,Negative,0.1462,100,1,83.93,0.375,Silver,0.5353,2023-03-11
CUST04192,Southwest,Premium,Month-to-Month,In-Store,Tablet,Chat,Device Problem,10,181.69,1654.76,52.29,0,True,83,3,Issue eventually resolved,Neutral,0.4947,63.4,0,165.48,0.0,Bronze,0.7702,2022-04-15
CUST04193,Southeast,Standard,Month-to-Month,Auto-Pay,Tablet,App,Network Outage,49,192.65,9736.97,43.33,15,True,87,1,Agent was unhelpful,Negative,0.0266,100,1,198.71,0.3,Gold,0.5773,2024-01-10
CUST04194,West,Enterprise,1-Year,Manual-Online,Tablet,App,No Issue,55,108.95,5252.35,28.88,0,True,81,4,Excellent support experience,Positive,0.8015,33.8,0,95.5,0.0,Gold,0.8668,2023-01-22
CUST04195,Northeast,Standard,2-Year,Mail,Business Line,Email,Network Outage,51,76.45,4035.67,1.91,11,True,93,4,Highly satisfied with resolution,Positive,0.749,53.4,0,79.13,0.2115,Gold,0.8878,2023-11-13
CUST04196,West,Standard,Month-to-Month,Manual-Online,Business Line,App,Billing Dispute,71,226.38,14185.75,105.24,0,True,44,1,Very disappointed with service,Negative,0.024,100,1,199.8,0.0,Platinum,0.502,2024-12-13
CUST04197,Southeast,Enterprise,1-Year,Auto-Pay,Home Internet,App,Speed Issue,52,139.18,6628.74,76.4,14,False,11,1,Problem kept recurring,Negative,0.1468,100,1,127.48,0.2642,Gold,0.3942,2023-08-03
CUST04198,Midwest,Premium,Month-to-Month,In-Store,Home Internet,Email,Device Problem,37,77.14,2933.34,95.86,15,True,53,5,Agent was very helpful,Positive,0.7172,39.4,0,79.28,0.3947,Gold,0.9178,2024-12-27
CUST04199,Northeast,Standard,Month-to-Month,Auto-Pay,Business Line,Chat,No Issue,13,241.31,3052.92,44.56,8,True,-19,4,Highly satisfied with resolution,Positive,0.6664,69.8,1,234.84,0.5714,Silver,0.6918,2023-06-24
CUST04200,Northeast,Enterprise,Month-to-Month,In-Store,Business Line,Chat,Network Outage,14,39.12,512.78,87.26,4,False,-21,1,Billing overcharge not fixed,Negative,0.1067,100,1,36.63,0.2667,Silver,0.3382,2023-05-30
CUST04201,Midwest,Premium,Month-to-Month,Auto-Pay,Tablet,App,Billing Dispute,31,146.18,4011.8,38.97,4,True,15,2,Poor network reliability,Negative,0.1216,100,1,129.41,0.125,Silver,0.5513,2023-04-04
CUST04202,Southeast,Enterprise,Month-to-Month,Auto-Pay,Business Line,Email,Billing Dispute,9,78.01,692.66,103.84,2,True,-63,2,Worst customer service experience,Negative,0.0297,100,1,76.96,0.2,Bronze,0.4148,2023-06-06
CUST04203,Southeast,Premium,2-Year,Auto-Pay,Smartphone,App,No Issue,61,182.45,11529.55,19.73,3,True,29,2,Agent was unhelpful,Negative,0.0514,100,1,189.01,0.0484,Platinum,0.5757,2024-09-15
CUST04204,Midwest,Enterprise,Month-to-Month,Manual-Online,Hotspot,Chat,Plan Change,57,217.91,12369.49,103.61,2,True,36,3,Got what I needed but took a while,Neutral,0.3435,76.8,1,217.01,0.0345,Gold,0.688,2024-06-19
CUST04205,Midwest,Basic,2-Year,Mail,Tablet,Chat,Device Problem,71,222.38,14413.13,71.5,13,True,-59,5,Outstanding customer care,Positive,0.8621,57.8,0,203.0,0.1806,Platinum,0.7218,2024-03-10
CUST04206,Southwest,Premium,Month-to-Month,Manual-Online,Home Internet,Chat,Device Problem,46,180.95,8429.39,48.46,4,False,79,3,Waited longer than expected,Neutral,0.315,72.2,0,183.25,0.0851,Gold,0.7132,2022-04-19
CUST04207,Southeast,Basic,1-Year,Auto-Pay,Smartphone,Phone,Plan Change,11,53.81,515.68,13.07,1,True,-95,3,Could be improved,Neutral,0.4632,100,1,46.88,0.0833,Bronze,0.4587,2024-08-19
CUST04208,Southeast,Enterprise,1-Year,Auto-Pay,Hotspot,Phone,Billing Dispute,60,190.2,9993.27,60.45,7,False,96,1,Worst customer service experience,Negative,0.2037,100,1,166.55,0.1148,Platinum,0.543,2022-09-13
CUST04209,West,Standard,2-Year,In-Store,Business Line,Chat,Billing Dispute,58,135.3,7583.45,79.13,15,False,25,3,Got what I needed but took a while,Neutral,0.4154,100,1,130.75,0.2542,Gold,0.6188,2022-04-15
CUST04210,West,Premium,2-Year,In-Store,Business Line,App,Plan Change,84,93.12,7636.8,38.13,4,True,-13,1,Will consider switching providers,Negative,0.224,100,1,90.91,0.0471,Platinum,0.4022,2024-11-12
CUST04211,West,Premium,1-Year,Manual-Online,Business Line,In-Store,Plan Change,38,99.55,3345.7,40.26,5,False,6,4,Seamless experience overall,Positive,0.9763,58.8,0,88.04,0.1282,Gold,0.6855,2023-05-02
CUST04212,Northeast,Premium,1-Year,Manual-Online,Hotspot,Email,Billing Dispute,60,212.54,13370.7,109.26,2,True,-62,4,Excellent support experience,Positive,0.8211,66.4,1,222.84,0.0328,Platinum,0.6165,2024-11-25
CUST04213,Midwest,Basic,1-Year,Manual-Online,Hotspot,Email,Plan Change,44,121.67,5287.29,59.5,15,True,-100,3,Got what I needed but took a while,Neutral,0.4515,100,1,120.17,0.3333,Gold,0.45,2023-01-11
CUST04214,West,Standard,1-Year,Manual-Online,Hotspot,Phone,Network Outage,47,165.57,7440.19,62.87,15,True,-96,3,Issue eventually resolved,Neutral,0.5389,100,1,158.3,0.3125,Gold,0.457,2024-03-18
CUST04215,Southeast,Enterprise,Month-to-Month,In-Store,Business Line,In-Store,Billing Dispute,65,70.45,3952.04,31.58,8,False,-34,2,Terrible wait times,Negative,0.1896,100,1,60.8,0.1212,Platinum,0.4155,2023-10-01
CUST04216,West,Basic,Month-to-Month,Auto-Pay,Home Internet,Phone,Device Problem,48,130.04,5544.78,108.38,5,True,-94,4,Very professional support team,Positive,0.9155,78.8,0,115.52,0.102,Gold,0.5605,2024-06-09
CUST04217,Southwest,Premium,Month-to-Month,Mail,Hotspot,App,Billing Dispute,22,220.26,4307.05,76.56,11,True,-39,3,Decent support,Neutral,0.5045,100,1,195.78,0.4783,Silver,0.5568,2024-06-06
CUST04218,Southeast,Standard,2-Year,In-Store,Home Internet,Chat,Device Problem,37,158.3,5061.44,89.96,3,True,-17,3,Expected better response time,Neutral,0.5375,89.4,1,136.8,0.0789,Gold,0.5953,2024-05-27
CUST04219,Northeast,Premium,1-Year,In-Store,Smartphone,Chat,Speed Issue,24,89.12,1876.7,115.38,8,False,-5,5,Very professional support team,Positive,0.8325,37.0,0,78.2,0.32,Silver,0.7663,2023-02-14
CUST04220,Southeast,Premium,1-Year,Auto-Pay,Home Internet,In-Store,Plan Change,47,72.29,3447.9,105.04,8,True,33,3,Could be improved,Neutral,0.5918,89.4,1,73.36,0.1667,Gold,0.6827,2024-08-18
CUST04221,Southwest,Enterprise,Month-to-Month,Auto-Pay,Business Line,Phone,Device Problem,59,193.91,9892.88,1.05,0,True,-4,3,Could be improved,Neutral,0.4805,80.8,1,167.68,0.0,Gold,0.618,2022-07-25
CUST04222,West,Standard,1-Year,Auto-Pay,Business Line,App,Speed Issue,58,194.5,9924.69,106.43,5,True,-1,3,Service was okay,Neutral,0.5078,90.2,1,171.12,0.0847,Gold,0.6232,2022-07-11
CUST04223,Northeast,Basic,2-Year,Manual-Online,Business Line,Email,Speed Issue,81,153.62,12192.05,16.9,2,True,-72,3,Decent support,Neutral,0.536,98.4,1,150.52,0.0244,Platinum,0.499,2023-05-19
CUST04224,Southeast,Standard,2-Year,Auto-Pay,Home Internet,App,Contract Issue,69,85.51,5531.79,50.99,1,True,19,4,Very happy with service,Positive,0.9548,48.2,0,80.17,0.0143,Platinum,0.7583,2022-04-17
CUST04225,Midwest,Standard,Month-to-Month,Mail,Smartphone,Chat,Plan Change,82,81.96,6018.16,92.27,13,True,-84,3,Expected better response time,Neutral,0.4224,100,1,73.39,0.1566,Platinum,0.478,2024-05-30
CUST04226,Southeast,Enterprise,2-Year,Auto-Pay,Hotspot,Email,Contract Issue,44,69.62,2964.68,94.1,5,False,21,1,Terrible wait times,Negative,0.1611,100,1,67.38,0.1111,Gold,0.4118,2023-07-17
CUST04227,Northeast,Premium,1-Year,Mail,Smartphone,App,Contract Issue,32,208.35,5703.16,30.38,8,False,-88,1,Will consider switching providers,Negative,0.1381,100,1,178.22,0.2424,Silver,0.221,2023-06-05
CUST04228,Northeast,Enterprise,1-Year,In-Store,Home Internet,Email,Speed Issue,77,181.98,12787.98,41.44,7,True,-36,5,Great network coverage,Positive,0.7524,41.2,0,166.08,0.0897,Platinum,0.762,2023-10-16
CUST04229,Midwest,Enterprise,2-Year,Auto-Pay,Smartphone,Phone,Network Outage,2,176.37,331.1,33.66,11,True,-83,4,Highly satisfied with resolution,Positive,0.8752,88.6,1,165.55,3.6667,Bronze,0.5797,2023-11-24
CUST04230,Southwest,Enterprise,Month-to-Month,Mail,Hotspot,Phone,No Issue,28,80.97,2354.11,15.54,4,True,-27,2,Problem kept recurring,Negative,0.007,100,1,84.08,0.1379,Silver,0.4778,2024-08-02
CUST04231,Midwest,Standard,1-Year,Mail,Business Line,Email,Device Problem,46,80.17,3575.05,46.55,3,True,59,3,Waited longer than expected,Neutral,0.3692,74.2,1,77.72,0.0638,Gold,0.7283,2022-09-19
CUST04232,West,Enterprise,1-Year,Auto-Pay,Home Internet,Phone,Plan Change,65,91.82,5197.3,15.33,4,True,-14,1,Terrible wait times,Negative,0.1443,100,1,79.96,0.0606,Platinum,0.4005,2024-11-27
CUST04233,Northeast,Premium,Month-to-Month,Manual-Online,Hotspot,In-Store,Contract Issue,7,170.12,1216.01,73.04,3,True,34,3,Average experience,Neutral,0.3105,79.2,1,173.72,0.375,Bronze,0.6845,2024-03-12
CUST04234,Northeast,Standard,2-Year,Mail,Smartphone,Chat,Contract Issue,63,150.49,9469.89,69.62,6,True,96,1,Problem kept recurring,Negative,0.1359,100,1,150.32,0.0938,Platinum,0.593,2023-02-24
CUST04235,Southwest,Standard,Month-to-Month,Mail,Hotspot,Chat,Billing Dispute,31,95.98,2990.22,41.4,14,False,80,5,Excellent support experience,Positive,0.6048,32.0,0,96.46,0.4375,Silver,0.915,2023-01-17
CUST04236,Northeast,Standard,Month-to-Month,In-Store,Smartphone,Chat,Device Problem,29,179.36,5002.92,38.98,10,True,-47,1,Worst customer service experience,Negative,0.1466,100,1,172.51,0.3333,Silver,0.3427,2022-01-20
CUST04237,Northeast,Premium,Month-to-Month,In-Store,Tablet,In-Store,Plan Change,13,220.96,2481.86,70.48,14,True,7,1,Worst customer service experience,Negative,0.2094,100,1,190.91,1.0,Silver,0.4373,2023-04-21
CUST04238,Midwest,Basic,1-Year,Auto-Pay,Tablet,Chat,Billing Dispute,45,131.82,5318.55,45.46,5,False,44,1,Agent was unhelpful,Negative,0.0661,100,1,118.19,0.1087,Gold,0.452,2022-09-10
CUST04239,West,Enterprise,Month-to-Month,Mail,Tablet,App,Plan Change,54,244.63,13169.75,83.93,2,False,98,3,Decent support,Neutral,0.4667,64.4,0,243.88,0.0364,Gold,0.7465,2022-07-11
CUST04240,Midwest,Premium,Month-to-Month,Manual-Online,Tablet,Email,No Issue,20,176.53,3223.55,6.82,6,True,-23,4,Agent went above and beyond,Positive,0.9799,66.6,1,161.18,0.2857,Silver,0.6847,2024-12-15
CUST04241,West,Standard,1-Year,Auto-Pay,Business Line,Email,Speed Issue,10,80.57,693.59,84.63,14,False,38,1,No accountability at all,Negative,0.1902,100,1,69.36,1.2727,Bronze,0.4415,2023-08-17
CUST04242,Northeast,Enterprise,2-Year,Mail,Home Internet,App,Contract Issue,29,165.48,4937.19,52.81,7,True,88,5,Very professional support team,Positive,0.8654,16.4,0,170.25,0.2333,Silver,0.979,2024-10-04
CUST04243,Southeast,Basic,Month-to-Month,Auto-Pay,Tablet,Email,Network Outage,16,43.59,668.2,109.68,3,True,6,5,Excellent support experience,Positive,0.697,24.8,0,41.76,0.1765,Silver,0.8355,2024-12-29
CUST04244,Southwest,Standard,Month-to-Month,Auto-Pay,Tablet,App,Device Problem,26,180.79,4615.9,35.39,4,True,-18,2,Will consider switching providers,Negative,0.0591,100,1,177.53,0.1481,Silver,0.4935,2022-08-17
CUST04245,Northeast,Premium,Month-to-Month,Mail,Home Internet,Phone,No Issue,72,232.01,16997.72,107.0,3,True,-37,1,Issue still not resolved,Negative,0.1235,100,1,236.08,0.0411,Platinum,0.3602,2022-03-27
CUST04246,Midwest,Basic,Month-to-Month,Mail,Home Internet,Phone,Billing Dispute,15,146.21,2107.97,52.97,1,True,-38,5,Very professional support team,Positive,0.632,29.6,0,140.53,0.0625,Silver,0.7585,2023-09-15
CUST04247,Southwest,Standard,Month-to-Month,Auto-Pay,Tablet,Chat,Device Problem,19,208.76,3572.79,35.19,10,True,-83,4,Outstanding customer care,Positive,0.9908,86.6,1,188.04,0.5,Silver,0.5797,2022-06-11
CUST04248,Midwest,Basic,2-Year,In-Store,Home Internet,Email,Device Problem,68,211.79,12454.56,28.21,7,True,-14,2,Will consider switching providers,Negative,0.0667,100,1,183.16,0.1014,Platinum,0.5005,2022-07-12
CUST04249,Midwest,Standard,2-Year,Manual-Online,Business Line,Phone,No Issue,21,75.71,1575.32,102.14,7,True,82,4,Agent was very helpful,Positive,0.9091,47.6,0,75.02,0.3182,Silver,0.8685,2024-05-28
CUST04250,Southeast,Premium,1-Year,Auto-Pay,Business Line,Phone,Plan Change,13,122.52,1637.97,20.8,14,True,-99,5,Agent was very helpful,Positive,0.8702,67.8,1,126.0,1.0,Silver,0.6518,2022-01-21
CUST04251,Southeast,Enterprise,1-Year,Auto-Pay,Smartphone,Phone,Contract Issue,46,211.11,9539.55,2.1,8,False,71,4,Agent went above and beyond,Positive,0.7463,51.8,0,207.38,0.1702,Gold,0.7993,2022-05-13
CUST04252,West,Standard,1-Year,Mail,Hotspot,Phone,Network Outage,74,54.84,3556.39,76.7,10,True,11,3,Decent support,Neutral,0.476,97.8,1,48.06,0.1333,Platinum,0.6442,2022-01-10
CUST04253,Northeast,Basic,2-Year,In-Store,Business Line,Chat,Network Outage,72,70.12,5249.73,29.33,5,True,72,5,Problem resolved quickly,Positive,0.9129,15.6,0,72.91,0.0685,Platinum,0.951,2023-02-17
CUST04254,West,Premium,1-Year,In-Store,Home Internet,In-Store,Network Outage,3,160.56,490.61,78.35,12,False,46,3,Decent support,Neutral,0.532,94.8,1,163.54,3.0,Bronze,0.6555,2023-07-09
CUST04255,Northeast,Enterprise,1-Year,In-Store,Hotspot,In-Store,No Issue,48,44.64,2019.76,58.76,4,True,-88,1,No accountability at all,Negative,0.151,100,1,42.08,0.0816,Gold,0.271,2023-07-23
CUST04256,Southwest,Standard,2-Year,In-Store,Hotspot,Email,Speed Issue,6,134.56,822.09,97.93,4,True,-50,4,Outstanding customer care,Positive,0.7072,68.0,1,137.02,0.5714,Bronze,0.6375,2022-04-18
CUST04257,Northeast,Basic,Month-to-Month,In-Store,Home Internet,App,Plan Change,62,134.29,7161.0,112.69,13,True,55,4,Outstanding customer care,Positive,0.7206,65.0,0,115.5,0.2063,Platinum,0.8213,2022-11-10
CUST04258,Northeast,Enterprise,2-Year,Mail,Business Line,App,No Issue,22,182.91,3768.46,58.91,14,True,-25,5,Highly satisfied with resolution,Positive,0.8479,53.0,0,171.29,0.6087,Silver,0.7812,2023-01-20
CUST04259,Midwest,Enterprise,Month-to-Month,Manual-Online,Tablet,Chat,Speed Issue,17,200.16,3349.66,4.97,14,True,40,1,Terrible wait times,Negative,0.159,100,1,197.04,0.7778,Silver,0.495,2022-02-18
CUST04260,Northeast,Basic,2-Year,In-Store,Hotspot,Email,Device Problem,47,43.96,1864.1,45.18,7,False,73,5,Great network coverage,Positive,0.7073,19.4,0,39.66,0.1458,Gold,0.9027,2022-03-19
CUST04261,Northeast,Standard,Month-to-Month,Manual-Online,Tablet,App,Device Problem,83,197.38,15372.79,63.17,12,True,22,5,Problem resolved quickly,Positive,0.9189,39.6,0,185.21,0.1429,Platinum,0.8635,2022-09-30
CUST04262,Midwest,Basic,2-Year,Auto-Pay,Hotspot,Email,Device Problem,30,64.92,2022.21,22.93,4,False,-91,1,Terrible wait times,Negative,0.0858,100,1,67.41,0.129,Silver,0.2157,2024-03-16
CUST04263,Southwest,Standard,Month-to-Month,Auto-Pay,Business Line,App,No Issue,81,47.59,3486.71,25.78,6,True,84,4,Excellent support experience,Positive,0.8815,45.2,0,43.05,0.0732,Platinum,0.872,2023-07-09
CUST04264,Midwest,Enterprise,2-Year,Mail,Tablet,In-Store,Plan Change,45,135.5,5211.1,85.16,6,True,42,3,Could be improved,Neutral,0.3239,83.6,1,115.8,0.1304,Gold,0.6985,2024-03-17
CUST04265,West,Standard,Month-to-Month,Auto-Pay,Business Line,Phone,Billing Dispute,32,194.48,5339.25,63.12,5,False,-33,1,Agent was unhelpful,Negative,0.2925,100,1,166.85,0.1515,Silver,0.3173,2024-06-13
CUST04266,Southwest,Premium,2-Year,Mail,Hotspot,Phone,Speed Issue,11,148.39,1423.47,91.61,11,False,66,4,Highly satisfied with resolution,Positive,0.99,58.8,0,129.41,0.9167,Bronze,0.7905,2024-02-05
CUST04267,Northeast,Standard,Month-to-Month,Mail,Hotspot,Email,Plan Change,72,60.53,4205.74,14.92,2,False,4,2,Issue still not resolved,Negative,0.1655,100,1,58.41,0.0274,Platinum,0.482,2022-02-25
CUST04268,Southwest,Premium,1-Year,Auto-Pay,Tablet,Chat,Network Outage,19,244.89,4161.49,39.4,11,True,52,4,Agent was very helpful,Positive,0.6044,61.6,0,219.03,0.55,Silver,0.816,2023-10-27
CUST04269,West,Basic,Month-to-Month,Mail,Hotspot,Phone,Billing Dispute,78,68.15,4669.46,44.12,15,True,58,4,Very happy with service,Positive,0.7783,68.4,1,59.86,0.1899,Platinum,0.8265,2022-06-27
CUST04270,Northeast,Enterprise,2-Year,Auto-Pay,Smartphone,Chat,Contract Issue,30,168.84,4309.81,17.16,6,True,-37,3,Expected better response time,Neutral,0.3596,99.4,1,143.66,0.1935,Silver,0.5603,2024-10-08
CUST04271,Midwest,Premium,Month-to-Month,Mail,Hotspot,In-Store,Billing Dispute,18,115.83,2066.08,105.99,5,True,1,2,Poor network reliability,Negative,0.0753,100,1,114.78,0.2632,Silver,0.5268,2024-02-23
CUST04272,Southeast,Standard,Month-to-Month,Mail,Tablet,Email,Contract Issue,69,209.67,12927.27,51.89,1,False,78,1,Will consider switching providers,Negative,0.0571,100,1,187.35,0.0143,Platinum,0.5115,2022-06-12
CUST04273,Northeast,Premium,Month-to-Month,In-Store,Smartphone,In-Store,Billing Dispute,81,219.9,18476.6,64.17,2,False,93,3,Nothing exceptional,Neutral,0.4725,65.4,0,228.11,0.0244,Platinum,0.7377,2024-12-27
CUST04274,Midwest,Basic,1-Year,Manual-Online,Tablet,Chat,Contract Issue,79,67.53,4778.36,45.28,8,True,66,3,Nothing exceptional,Neutral,0.3027,82.8,1,60.49,0.1,Platinum,0.7405,2022-06-13
CUST04275,Midwest,Standard,2-Year,Auto-Pay,Smartphone,In-Store,Speed Issue,68,232.72,13837.85,75.47,14,False,50,5,Problem resolved quickly,Positive,0.962,38.0,0,203.5,0.2029,Platinum,0.8625,2023-01-14
CUST04276,Midwest,Enterprise,2-Year,Mail,Hotspot,App,No Issue,22,238.84,5432.81,52.58,13,True,-74,2,Worst customer service experience,Negative,0.171,100,1,246.95,0.5652,Silver,0.3955,2023-01-30
CUST04277,Northeast,Basic,1-Year,In-Store,Home Internet,In-Store,Speed Issue,22,192.66,4126.71,37.53,5,True,31,2,Terrible wait times,Negative,0.0247,100,1,187.58,0.2174,Silver,0.5793,2022-11-21
CUST04278,West,Enterprise,2-Year,Auto-Pay,Home Internet,App,Network Outage,57,64.58,3466.51,23.04,7,False,57,1,Worst customer service experience,Negative,0.0058,100,1,60.82,0.1207,Gold,0.4748,2022-09-22
CUST04279,Southwest,Enterprise,Month-to-Month,Auto-Pay,Home Internet,Email,No Issue,7,55.77,345.94,99.61,9,True,91,2,Issue still not resolved,Negative,0.2663,100,1,49.42,1.125,Bronze,0.6843,2024-05-05
CUST04280,Northeast,Enterprise,Month-to-Month,Manual-Online,Home Internet,In-Store,Device Problem,80,77.63,5749.21,3.62,14,True,-31,2,No accountability at all,Negative,0.2835,100,1,71.87,0.1728,Platinum,0.4708,2024-05-17
CUST04281,West,Premium,1-Year,Mail,Tablet,Email,Contract Issue,76,180.94,12374.27,84.6,2,True,-67,4,Excellent support experience,Positive,0.7298,67.4,1,162.82,0.026,Platinum,0.6078,2023-10-25
CUST04282,Midwest,Standard,Month-to-Month,Mail,Smartphone,Email,No Issue,6,166.59,1013.25,108.73,2,False,-65,3,Expected better response time,Neutral,0.3521,97.0,1,168.88,0.2857,Bronze,0.4612,2023-01-06
CUST04283,Midwest,Basic,2-Year,In-Store,Smartphone,In-Store,Speed Issue,74,73.77,4905.41,106.69,13,True,-38,2,Poor network reliability,Negative,0.153,100,1,66.29,0.1733,Platinum,0.4585,2023-07-20
CUST04284,Midwest,Basic,Month-to-Month,Auto-Pay,Tablet,Phone,Network Outage,20,135.27,2763.27,103.51,5,True,44,1,Worst customer service experience,Negative,0.24,100,1,138.16,0.2381,Silver,0.502,2024-10-22
CUST04285,Northeast,Enterprise,1-Year,Manual-Online,Business Line,Email,No Issue,43,192.85,7278.91,70.24,13,False,79,2,No accountability at all,Negative,0.2048,100,1,169.28,0.2955,Gold,0.6133,2023-10-24
CUST04286,Southwest,Standard,Month-to-Month,Mail,Home Internet,App,Billing Dispute,38,236.44,7996.62,38.61,15,False,-41,1,No accountability at all,Negative,0.1014,100,1,210.44,0.3846,Gold,0.3033,2023-04-29
CUST04287,West,Enterprise,1-Year,Manual-Online,Tablet,Email,Plan Change,33,170.16,5413.18,113.25,10,True,-51,2,Agent was unhelpful,Negative,0.2956,100,1,164.04,0.2941,Silver,0.4357,2023-02-08
CUST04288,Midwest,Basic,1-Year,In-Store,Hotspot,Phone,Network Outage,67,166.21,9823.43,108.33,15,True,69,2,No accountability at all,Negative,0.0014,100,1,146.62,0.2206,Platinum,0.6457,2024-03-17
CUST04289,West,Premium,1-Year,In-Store,Home Internet,In-Store,No Issue,71,181.72,11939.2,72.11,12,True,83,3,Could be improved,Neutral,0.53,87.4,1,168.16,0.1667,Platinum,0.7702,2022-04-19
CUST04290,Northeast,Basic,2-Year,Manual-Online,Home Internet,Chat,Device Problem,29,205.81,6112.0,87.22,0,True,-14,3,Nothing exceptional,Neutral,0.3312,82.8,1,210.76,0.0,Silver,0.6005,2023-07-13
CUST04291,Northeast,Premium,Month-to-Month,Manual-Online,Business Line,In-Store,Billing Dispute,40,99.3,3859.07,15.87,5,True,-10,5,Excellent support experience,Positive,0.7069,32.0,0,96.48,0.122,Gold,0.8075,2022-03-11
CUST04292,Northeast,Basic,Month-to-Month,Auto-Pay,Business Line,Chat,Speed Issue,5,176.08,876.39,88.25,3,False,-22,3,Service was okay,Neutral,0.4946,90.4,1,175.28,0.5,Bronze,0.5365,2024-12-16
CUST04293,Northeast,Basic,2-Year,Mail,Tablet,Email,Speed Issue,13,157.36,2058.79,48.46,9,True,-9,3,Acceptable service,Neutral,0.3476,99.8,1,158.37,0.6429,Silver,0.6093,2024-10-08
CUST04294,West,Standard,2-Year,In-Store,Business Line,Email,Speed Issue,76,139.73,9343.07,45.09,3,True,-2,1,Poor network reliability,Negative,0.1284,100,1,122.94,0.039,Platinum,0.4215,2023-09-10
CUST04295,Southwest,Enterprise,1-Year,Mail,Home Internet,In-Store,Contract Issue,16,158.49,2179.62,69.91,14,False,-37,4,Highly satisfied with resolution,Positive,0.9332,85.4,1,136.23,0.8235,Silver,0.6102,2024-06-25
CUST04296,Southwest,Premium,2-Year,Manual-Online,Smartphone,App,Network Outage,50,245.57,11528.5,11.97,12,True,-9,2,Poor network reliability,Negative,0.2947,100,1,230.57,0.2353,Gold,0.5092,2023-04-11
CUST04297,Southwest,Enterprise,Month-to-Month,Auto-Pay,Business Line,In-Store,Contract Issue,75,74.2,5463.27,77.34,14,True,55,2,Problem kept recurring,Negative,0.1904,100,1,72.84,0.1842,Platinum,0.6212,2024-09-06
CUST04298,Midwest,Basic,Month-to-Month,Auto-Pay,Hotspot,App,Contract Issue,49,61.38,2570.45,9.62,6,True,21,4,Great network coverage,Positive,0.7344,57.8,0,52.46,0.12,Gold,0.7618,2022-04-17
CUST04299,West,Premium,1-Year,Manual-Online,Business Line,Phone,Speed Issue,11,52.7,602.86,105.68,9,False,77,2,No accountability at all,Negative,0.0973,100,1,54.81,0.75,Bronze,0.6098,2024-02-08
CUST04300,Southwest,Enterprise,1-Year,Manual-Online,Smartphone,In-Store,No Issue,35,131.32,3911.72,41.52,0,True,21,3,Got what I needed but took a while,Neutral,0.3,75.8,0,111.76,0.0,Silver,0.6618,2024-01-17
CUST04301,West,Basic,1-Year,Mail,Business Line,In-Store,Contract Issue,9,231.32,1824.8,58.07,5,False,81,2,Worst customer service experience,Negative,0.2498,100,1,202.76,0.5,Bronze,0.6167,2024-11-28
CUST04302,Midwest,Enterprise,1-Year,Manual-Online,Business Line,In-Store,Speed Issue,28,196.59,5359.66,69.98,1,True,-28,4,Excellent support experience,Positive,0.7987,57.6,0,191.42,0.0345,Silver,0.676,2024-06-17
CUST04303,Midwest,Basic,1-Year,Mail,Home Internet,Email,Contract Issue,36,145.6,5104.81,15.16,10,True,68,4,Very happy with service,Positive,0.6069,56.4,0,141.8,0.2703,Gold,0.844,2022-01-25
CUST04304,Midwest,Premium,Month-to-Month,In-Store,Business Line,Phone,No Issue,44,188.43,8309.19,1.22,13,False,-92,4,Very happy with service,Positive,0.6985,94.4,1,188.85,0.2889,Gold,0.514,2023-06-28
CUST04305,Midwest,Standard,Month-to-Month,Auto-Pay,Home Internet,Phone,Speed Issue,12,109.11,1238.58,91.07,4,True,-64,5,Excellent support experience,Positive,0.6983,40.8,0,103.21,0.3077,Silver,0.713,2022-05-02
CUST04306,Southwest,Premium,Month-to-Month,Auto-Pay,Smartphone,App,No Issue,8,148.83,1129.09,85.09,6,False,-24,1,Poor network reliability,Negative,0.2175,100,1,141.14,0.6667,Bronze,0.333,2022-02-06
CUST04307,Northeast,Standard,1-Year,Mail,Hotspot,Email,Contract Issue,66,114.9,7694.66,68.81,8,True,93,1,Billing overcharge not fixed,Negative,0.1608,100,1,116.59,0.1194,Platinum,0.5877,2024-07-24
CUST04308,Southwest,Standard,2-Year,Auto-Pay,Tablet,App,Network Outage,45,244.64,11070.86,52.11,10,True,-61,1,No accountability at all,Negative,0.0861,100,1,246.02,0.2174,Gold,0.3182,2024-12-08
CUST04309,Northeast,Standard,Month-to-Month,Manual-Online,Hotspot,Chat,Speed Issue,60,200.84,11186.45,105.23,2,True,82,3,Average experience,Neutral,0.3569,67.6,1,186.44,0.0328,Platinum,0.7685,2022-01-31
CUST04310,Midwest,Premium,Month-to-Month,In-Store,Smartphone,In-Store,Billing Dispute,10,75.62,789.78,100.83,11,True,-34,4,Outstanding customer care,Positive,0.9991,78.8,0,78.98,1.0,Bronze,0.6655,2024-03-29
CUST04311,Midwest,Premium,2-Year,In-Store,Hotspot,In-Store,Device Problem,23,30.41,730.21,99.27,9,False,24,2,Poor network reliability,Negative,0.0326,100,1,31.75,0.375,Silver,0.517,2024-09-04
CUST04312,West,Basic,1-Year,In-Store,Tablet,Phone,No Issue,54,96.73,5398.57,58.2,5,True,-8,1,No accountability at all,Negative,0.2428,100,1,99.97,0.0909,Gold,0.411,2024-11-07
CUST04313,Midwest,Basic,Month-to-Month,Manual-Online,Business Line,App,Plan Change,2,164.53,280.35,13.98,5,False,-38,5,Very happy with service,Positive,0.6052,37.6,0,140.18,1.6667,Bronze,0.7085,2022-07-29
CUST04314,Southwest,Basic,1-Year,Manual-Online,Business Line,Email,Plan Change,72,84.36,5163.29,26.28,1,False,73,1,Problem kept recurring,Negative,0.2508,100,1,71.71,0.0137,Platinum,0.5028,2022-05-15
CUST04315,Southwest,Enterprise,Month-to-Month,Mail,Smartphone,Phone,Speed Issue,41,42.09,1595.39,113.57,5,True,-57,3,Got what I needed but took a while,Neutral,0.5011,100,1,38.91,0.119,Gold,0.5252,2023-08-06
CUST04316,Southeast,Enterprise,1-Year,Manual-Online,Tablet,Email,Device Problem,63,160.56,10071.24,27.32,9,True,-74,3,Acceptable service,Neutral,0.3481,100,1,159.86,0.1406,Platinum,0.4955,2023-02-08
CUST04317,Southeast,Standard,Month-to-Month,Manual-Online,Smartphone,Chat,No Issue,76,78.04,5960.96,107.09,5,True,1,4,Agent was very helpful,Positive,0.6988,59.8,0,78.43,0.0649,Platinum,0.7268,2024-05-10
CUST04318,Northeast,Basic,2-Year,In-Store,Tablet,In-Store,Billing Dispute,37,137.93,4672.26,17.4,14,True,-37,3,Expected better response time,Neutral,0.5888,100,1,126.28,0.3684,Gold,0.5603,2024-12-25
CUST04319,Midwest,Premium,1-Year,Mail,Business Line,Chat,Speed Issue,66,145.6,8813.76,24.72,9,False,-75,4,Great network coverage,Positive,0.6234,83.0,1,133.54,0.1343,Platinum,0.5438,2024-08-24
CUST04320,West,Basic,Month-to-Month,Mail,Business Line,In-Store,Speed Issue,34,38.72,1214.38,4.19,4,True,-6,4,Outstanding customer care,Positive,0.9122,59.2,0,35.72,0.1143,Silver,0.7145,2023-09-04
CUST04321,Northeast,Enterprise,1-Year,Auto-Pay,Hotspot,Phone,Billing Dispute,3,99.9,269.43,89.45,2,True,13,1,Billing overcharge not fixed,Negative,0.2674,100,1,89.81,0.5,Bronze,0.4477,2024-10-02
CUST04322,Southwest,Standard,Month-to-Month,Auto-Pay,Smartphone,App,No Issue,6,127.07,730.68,45.21,10,True,73,5,Agent was very helpful,Positive,0.8057,25.4,0,121.78,1.4286,Bronze,0.9527,2022-11-02
CUST04323,Northeast,Enterprise,1-Year,Mail,Smartphone,Phone,Plan Change,31,87.55,2831.4,63.52,4,False,-30,4,Excellent support experience,Positive,0.8885,64.0,0,91.34,0.125,Silver,0.6225,2022-09-01
CUST04324,Midwest,Basic,Month-to-Month,Mail,Smartphone,Email,Billing Dispute,31,101.93,2707.47,98.33,0,False,36,4,Excellent support experience,Positive,0.9808,42.8,0,87.34,0.0,Silver,0.738,2022-07-17
CUST04325,Midwest,Basic,2-Year,Mail,Home Internet,In-Store,Billing Dispute,30,96.26,2833.77,3.44,4,False,-52,4,Agent went above and beyond,Positive,0.9163,68.4,1,94.46,0.129,Silver,0.584,2024-02-08
CUST04326,Southeast,Standard,2-Year,In-Store,Smartphone,In-Store,Speed Issue,59,125.78,6446.85,66.17,7,True,90,3,Service was okay,Neutral,0.3225,76.0,1,109.27,0.1167,Gold,0.7825,2024-11-04
CUST04327,Midwest,Enterprise,Month-to-Month,Mail,Smartphone,App,Plan Change,17,109.52,1704.36,13.3,2,True,-25,1,Billing overcharge not fixed,Negative,0.0534,100,1,100.26,0.1111,Silver,0.3812,2024-07-23
CUST04328,Midwest,Enterprise,1-Year,Manual-Online,Smartphone,Chat,No Issue,7,57.47,372.86,1.29,5,False,56,1,Worst customer service experience,Negative,0.0227,100,1,53.27,0.625,Bronze,0.473,2023-07-22
CUST04329,Northeast,Premium,1-Year,Auto-Pay,Smartphone,Phone,Plan Change,26,95.61,2173.59,8.02,6,True,63,3,Waited longer than expected,Neutral,0.3567,79.4,0,83.6,0.2222,Silver,0.7352,2024-09-01
CUST04330,Midwest,Standard,Month-to-Month,Auto-Pay,Home Internet,Email,Plan Change,65,51.24,3071.55,89.0,15,True,-50,4,Seamless experience overall,Positive,0.8664,90.0,1,47.25,0.2273,Platinum,0.6375,2024-12-05
CUST04331,Southwest,Premium,Month-to-Month,Mail,Business Line,Phone,Plan Change,8,115.82,832.12,108.24,4,True,33,1,Poor network reliability,Negative,0.1839,100,1,104.02,0.4444,Bronze,0.4828,2022-08-01
CUST04332,Southeast,Basic,Month-to-Month,In-Store,Business Line,Phone,Speed Issue,7,148.52,1049.83,34.16,5,True,87,1,Issue still not resolved,Negative,0.2077,100,1,149.98,0.625,Bronze,0.5773,2023-01-10
CUST04333,Southwest,Standard,2-Year,Auto-Pay,Hotspot,Email,Speed Issue,60,39.63,2335.46,110.63,9,True,-47,2,Terrible wait times,Negative,0.1768,100,1,38.92,0.1475,Platinum,0.4427,2024-01-05
CUST04334,Midwest,Standard,Month-to-Month,In-Store,Hotspot,Phone,Contract Issue,79,70.36,4790.93,56.52,3,True,-16,1,Will consider switching providers,Negative,0.1672,100,1,60.64,0.0375,Platinum,0.397,2023-07-07
CUST04335,Northeast,Basic,1-Year,Mail,Tablet,Phone,No Issue,28,118.4,2980.06,12.88,1,False,-45,5,Highly satisfied with resolution,Positive,0.6252,31.0,0,106.43,0.0345,Silver,0.6963,2023-03-24
CUST04336,Midwest,Standard,1-Year,Mail,Home Internet,App,Speed Issue,10,105.86,1088.91,1.72,9,False,-76,4,Highly satisfied with resolution,Positive,0.764,83.2,1,108.89,0.8182,Bronze,0.542,2024-09-27
CUST04337,Southwest,Basic,Month-to-Month,Mail,Smartphone,Email,Billing Dispute,30,208.5,5327.6,48.13,9,True,51,4,Excellent support experience,Positive,0.6699,57.8,0,177.59,0.2903,Silver,0.8143,2022-12-03
CUST04338,West,Standard,2-Year,Manual-Online,Home Internet,Chat,Plan Change,15,110.47,1605.23,53.7,9,True,-49,4,Great network coverage,Positive,0.7265,77.8,1,107.02,0.5625,Silver,0.6393,2024-07-16
CUST04339,Southwest,Basic,2-Year,In-Store,Home Internet,Email,Speed Issue,21,73.35,1550.34,93.93,6,True,61,1,Agent was unhelpful,Negative,0.0502,100,1,73.83,0.2727,Silver,0.5317,2022-01-12
CUST04340,Northeast,Basic,Month-to-Month,Manual-Online,Hotspot,App,Network Outage,36,53.35,2001.65,82.6,4,True,-79,2,Terrible wait times,Negative,0.0228,100,1,55.6,0.1081,Gold,0.3868,2022-03-31
CUST04341,Southwest,Basic,2-Year,In-Store,Smartphone,In-Store,Device Problem,48,162.25,7717.04,27.96,12,True,81,3,Service was okay,Neutral,0.4645,87.8,1,160.77,0.2449,Gold,0.7668,2022-07-20
CUST04342,Midwest,Premium,Month-to-Month,Mail,Smartphone,In-Store,Plan Change,76,64.34,4242.1,88.92,8,False,85,1,Billing overcharge not fixed,Negative,0.18,100,1,55.82,0.1039,Platinum,0.5237,2023-11-12
CUST04343,Southeast,Standard,1-Year,In-Store,Business Line,App,Plan Change,57,117.77,6013.65,15.38,0,True,14,4,Very professional support team,Positive,0.7156,47.2,0,105.5,0.0,Gold,0.7495,2024-05-06
CUST04344,Midwest,Enterprise,Month-to-Month,Auto-Pay,Hotspot,Phone,Plan Change,45,41.5,1889.83,30.13,10,True,-72,4,Highly satisfied with resolution,Positive,0.689,84.4,1,42.0,0.2174,Gold,0.599,2023-07-21
CUST04345,Midwest,Premium,1-Year,Mail,Hotspot,App,Plan Change,9,152.06,1335.17,49.04,4,True,93,2,Terrible wait times,Negative,0.0026,99.4,1,148.35,0.4,Bronze,0.6877,2023-12-24
CUST04346,Northeast,Basic,Month-to-Month,Mail,Hotspot,App,Contract Issue,13,114.36,1388.69,94.07,11,True,-94,3,Got what I needed but took a while,Neutral,0.3021,100,1,106.82,0.7857,Silver,0.4605,2023-02-01
CUST04347,Southeast,Basic,2-Year,Mail,Hotspot,In-Store,Speed Issue,51,75.44,3755.8,18.61,13,True,-60,5,Seamless experience overall,Positive,0.8551,58.0,0,73.64,0.25,Gold,0.72,2022-07-07
CUST04348,Southwest,Enterprise,2-Year,Mail,Business Line,Chat,Network Outage,65,153.99,10238.52,94.98,0,True,65,1,Billing overcharge not fixed,Negative,0.0098,100,1,157.52,0.0,Platinum,0.5387,2024-12-26
CUST04349,Southwest,Standard,1-Year,In-Store,Smartphone,Chat,Contract Issue,32,44.14,1206.55,38.61,5,True,34,3,Average experience,Neutral,0.3057,83.2,1,37.7,0.1515,Silver,0.6845,2024-02-12
CUST04350,Midwest,Standard,Month-to-Month,Mail,Home Internet,Email,No Issue,67,244.19,14064.64,43.07,13,True,21,5,Excellent support experience,Positive,0.6359,41.8,0,209.92,0.1912,Platinum,0.8618,2024-03-05
CUST04351,Southwest,Basic,2-Year,Mail,Tablet,In-Store,Network Outage,23,174.32,3705.31,101.25,15,False,50,4,Outstanding customer care,Positive,0.8985,70.0,0,161.1,0.625,Silver,0.7625,2022-01-02
CUST04352,Southwest,Premium,Month-to-Month,Manual-Online,Business Line,In-Store,Billing Dispute,77,146.14,10553.23,49.62,0,False,-14,4,Agent went above and beyond,Positive,0.8037,52.8,0,137.05,0.0,Platinum,0.6505,2024-06-12
CUST04353,West,Standard,2-Year,Manual-Online,Hotspot,Chat,No Issue,80,131.41,10468.27,48.91,1,True,-57,5,Great network coverage,Positive,0.796,33.4,0,130.85,0.0123,Platinum,0.7252,2022-11-28
CUST04354,Midwest,Enterprise,1-Year,Manual-Online,Hotspot,Chat,Plan Change,46,93.49,3761.85,44.27,2,False,11,2,Worst customer service experience,Negative,0.1388,100,1,81.78,0.0426,Gold,0.4943,2022-12-26
CUST04355,Southwest,Standard,1-Year,Mail,Home Internet,Email,Speed Issue,44,229.32,9107.92,109.55,7,True,-32,2,Will consider switching providers,Negative,0.2774,100,1,207.0,0.1556,Gold,0.469,2023-12-09
CUST04356,Southeast,Standard,Month-to-Month,Manual-Online,Smartphone,Email,Contract Issue,32,40.27,1266.64,86.88,12,True,-33,5,Problem resolved quickly,Positive,0.9251,50.6,0,39.58,0.3636,Silver,0.7672,2024-10-27
CUST04357,Southwest,Basic,1-Year,Mail,Smartphone,App,Billing Dispute,64,92.61,5469.1,10.8,13,False,90,3,Got what I needed but took a while,Neutral,0.5005,88.0,1,85.45,0.2,Platinum,0.7325,2024-08-29
CUST04358,Northeast,Enterprise,2-Year,In-Store,Tablet,Email,No Issue,6,164.92,979.53,62.52,3,True,67,5,Problem resolved quickly,Positive,0.7094,12.6,0,163.25,0.4286,Bronze,0.9423,2024-08-21
CUST04359,Midwest,Premium,Month-to-Month,Auto-Pay,Hotspot,Email,No Issue,9,148.69,1233.29,7.67,13,True,-51,1,Will consider switching providers,Negative,0.1558,100,1,137.03,1.3,Bronze,0.3357,2023-05-04
CUST04360,West,Standard,1-Year,Mail,Smartphone,Email,Contract Issue,55,100.37,5256.18,57.36,6,True,-93,3,Waited longer than expected,Neutral,0.5775,100,1,95.57,0.1071,Gold,0.4623,2023-05-24
CUST04361,Southwest,Premium,Month-to-Month,Manual-Online,Home Internet,Chat,Device Problem,67,133.53,8014.17,79.37,1,True,-29,1,Poor network reliability,Negative,0.2733,100,1,119.61,0.0147,Platinum,0.3742,2022-04-26
CUST04362,West,Basic,1-Year,Manual-Online,Smartphone,In-Store,Plan Change,57,227.49,11730.77,112.45,12,False,-95,3,Decent support,Neutral,0.5701,100,1,205.8,0.2069,Gold,0.4088,2022-01-01
CUST04363,Midwest,Basic,2-Year,Auto-Pay,Business Line,Chat,Billing Dispute,5,43.77,214.65,50.78,0,False,-53,1,Issue still not resolved,Negative,0.1845,100,1,42.93,0.0,Bronze,0.2823,2022-01-17
CUST04364,West,Enterprise,Month-to-Month,Auto-Pay,Business Line,Chat,No Issue,40,65.9,2319.51,49.65,13,True,80,3,Decent support,Neutral,0.4017,90.0,1,57.99,0.3171,Gold,0.765,2023-06-28
CUST04365,Northeast,Enterprise,2-Year,In-Store,Tablet,Email,No Issue,77,61.09,4012.78,8.45,7,True,100,2,Worst customer service experience,Negative,0.2704,100,1,52.11,0.0897,Platinum,0.7,2023-05-24
CUST04366,Midwest,Standard,Month-to-Month,In-Store,Home Internet,Chat,Contract Issue,66,201.89,13502.22,82.95,15,True,-69,3,Could be improved,Neutral,0.3918,100,1,204.58,0.2239,Platinum,0.5043,2022-06-24
CUST04367,West,Enterprise,Month-to-Month,Auto-Pay,Hotspot,Email,Contract Issue,73,143.2,10305.66,62.55,8,False,65,1,Will consider switching providers,Negative,0.2077,100,1,141.17,0.1081,Platinum,0.4887,2024-05-12
CUST04368,Northeast,Enterprise,2-Year,In-Store,Home Internet,App,Network Outage,82,117.88,9852.29,8.62,8,True,-7,3,Issue eventually resolved,Neutral,0.4905,97.4,1,120.15,0.0964,Platinum,0.6128,2023-11-18
CUST04369,West,Basic,Month-to-Month,In-Store,Smartphone,Chat,Device Problem,25,170.99,4024.97,70.72,2,True,63,2,Worst customer service experience,Negative,0.2098,100,1,161.0,0.0769,Silver,0.6352,2023-04-14
CUST04370,Northeast,Standard,2-Year,In-Store,Hotspot,In-Store,Billing Dispute,12,122.38,1276.85,11.28,11,True,-57,3,Nothing exceptional,Neutral,0.5256,100,1,106.4,0.8462,Silver,0.5252,2024-01-10
CUST04371,Southeast,Enterprise,Month-to-Month,In-Store,Tablet,Chat,No Issue,50,108.64,5517.31,70.8,10,True,-30,1,Very disappointed with service,Negative,0.2193,100,1,110.35,0.1961,Gold,0.3725,2023-10-12
CUST04372,Southwest,Standard,2-Year,Manual-Online,Smartphone,Email,No Issue,40,218.62,8445.97,118.42,13,True,-98,5,Seamless experience overall,Positive,0.9993,65.6,0,211.15,0.3171,Gold,0.6535,2022-10-08
CUST04373,Midwest,Basic,2-Year,Manual-Online,Tablet,App,Contract Issue,76,103.8,7181.76,70.78,2,True,-55,4,Problem resolved quickly,Positive,0.8389,65.0,0,94.5,0.026,Platinum,0.6288,2024-05-05
CUST04374,Midwest,Standard,1-Year,In-Store,Hotspot,App,Plan Change,83,136.78,10665.77,103.74,9,True,-52,5,Great network coverage,Positive,0.9448,48.4,0,128.5,0.1071,Platinum,0.734,2022-11-16
CUST04375,Southeast,Premium,Month-to-Month,Auto-Pay,Home Internet,Chat,No Issue,65,245.26,15356.22,108.47,15,True,-46,5,Agent was very helpful,Positive,0.7712,59.2,0,236.25,0.2273,Platinum,0.7445,2024-12-19
CUST04376,Southeast,Standard,1-Year,In-Store,Business Line,App,Device Problem,49,145.36,6116.92,69.44,2,True,-9,1,Issue still not resolved,Negative,0.092,100,1,124.84,0.04,Gold,0.4093,2022-11-20
CUST04377,Southwest,Standard,Month-to-Month,Mail,Tablet,Email,Speed Issue,65,136.79,7956.26,94.65,12,True,34,3,Acceptable service,Neutral,0.3863,97.2,1,122.4,0.1818,Platinum,0.6845,2022-06-01
CUST04378,Northeast,Premium,1-Year,Mail,Hotspot,App,Contract Issue,59,79.14,4465.43,49.63,0,True,-88,4,Excellent support experience,Positive,0.6493,67.6,1,75.69,0.0,Gold,0.571,2022-12-31
CUST04379,Midwest,Enterprise,Month-to-Month,Mail,Smartphone,Chat,Contract Issue,5,35.31,157.07,108.06,7,True,68,2,Problem kept recurring,Negative,0.0974,100,1,31.41,1.1667,Bronze,0.644,2022-07-20
CUST04380,West,Standard,2-Year,Mail,Tablet,Phone,Speed Issue,80,97.28,7923.32,59.59,7,False,93,1,Very disappointed with service,Negative,0.2689,100,1,99.04,0.0864,Platinum,0.5377,2024-10-31
CUST04381,Midwest,Premium,2-Year,In-Store,Business Line,Phone,No Issue,65,45.55,2962.07,75.86,14,True,20,1,Will consider switching providers,Negative,0.035,100,1,45.57,0.2121,Platinum,0.46,2024-11-18
CUST04382,Southwest,Enterprise,Month-to-Month,Auto-Pay,Home Internet,Phone,Contract Issue,70,83.96,4998.03,73.24,13,True,99,3,Waited longer than expected,Neutral,0.3863,86.2,1,71.4,0.1831,Platinum,0.7983,2023-05-12
CUST04383,Northeast,Enterprise,Month-to-Month,Manual-Online,Tablet,Phone,Billing Dispute,53,217.1,10421.82,85.18,0,False,-59,4,Outstanding customer care,Positive,0.6868,61.8,0,196.64,0.0,Gold,0.5717,2024-11-10
CUST04384,Midwest,Enterprise,2-Year,Manual-Online,Tablet,App,Device Problem,34,240.24,7344.37,117.34,9,True,-87,3,Decent support,Neutral,0.3166,100,1,216.01,0.2571,Silver,0.4728,2022-01-11
CUST04385,Midwest,Basic,2-Year,Manual-Online,Hotspot,Email,Billing Dispute,26,218.22,5335.36,28.74,0,True,66,4,Very professional support team,Positive,0.669,36.8,0,205.21,0.0,Silver,0.8405,2022-11-28
CUST04386,West,Basic,1-Year,In-Store,Smartphone,Email,No Issue,33,49.1,1677.79,78.45,5,False,-92,1,Agent was unhelpful,Negative,0.1288,100,1,50.84,0.1471,Silver,0.214,2022-06-30
CUST04387,Southeast,Standard,Month-to-Month,Manual-Online,Tablet,App,Contract Issue,65,187.13,12360.56,34.34,9,True,-76,2,Worst customer service experience,Negative,0.1953,100,1,190.16,0.1364,Platinum,0.392,2022-01-06
CUST04388,West,Enterprise,1-Year,Auto-Pay,Home Internet,In-Store,Speed Issue,37,172.67,5592.7,1.42,14,True,26,4,Highly satisfied with resolution,Positive,0.8699,72.8,0,151.15,0.3684,Gold,0.7705,2022-11-16
CUST04389,Southeast,Standard,Month-to-Month,Manual-Online,Business Line,App,Plan Change,65,99.57,5616.04,89.02,0,True,-32,2,Issue still not resolved,Negative,0.2633,100,1,86.4,0.0,Platinum,0.469,2022-12-04
CUST04390,West,Standard,1-Year,Mail,Hotspot,App,Plan Change,36,116.98,4173.82,37.35,10,True,-94,3,Issue eventually resolved,Neutral,0.4706,100,1,115.94,0.2703,Gold,0.4605,2023-04-21
CUST04391,Midwest,Standard,1-Year,In-Store,Business Line,Phone,Contract Issue,41,176.39,7516.12,44.37,2,True,-8,3,Decent support,Neutral,0.4351,85.6,1,183.32,0.0476,Gold,0.611,2024-02-05
CUST04392,Northeast,Premium,1-Year,In-Store,Tablet,Email,No Issue,22,105.0,2265.78,117.97,0,True,80,2,Poor network reliability,Negative,0.1709,94.0,1,102.99,0.0,Silver,0.665,2023-08-16
CUST04393,Southwest,Basic,1-Year,Mail,Business Line,In-Store,Contract Issue,82,151.99,12261.98,24.52,6,True,-59,1,No accountability at all,Negative,0.1816,100,1,149.54,0.0723,Platinum,0.3217,2024-03-19
CUST04394,Northeast,Basic,Month-to-Month,Mail,Home Internet,Phone,Billing Dispute,21,211.12,4562.28,51.3,11,True,-7,5,Excellent support experience,Positive,0.82,43.4,0,217.25,0.5,Silver,0.8128,2023-12-27
CUST04395,West,Basic,2-Year,Mail,Tablet,Chat,Speed Issue,67,118.04,7569.97,76.68,11,True,-70,3,Waited longer than expected,Neutral,0.3735,100,1,112.98,0.1618,Platinum,0.5025,2023-06-01
CUST04396,West,Enterprise,1-Year,Manual-Online,Smartphone,App,No Issue,70,237.01,14964.61,80.02,2,True,87,4,Agent was very helpful,Positive,0.9393,36.6,0,213.78,0.0282,Platinum,0.8773,2023-07-23
CUST04397,West,Basic,Month-to-Month,Auto-Pay,Smartphone,Chat,Speed Issue,56,232.99,13286.58,29.02,3,True,-94,5,Outstanding customer care,Positive,0.8179,44.8,0,237.26,0.0526,Gold,0.6605,2023-11-30
CUST04398,West,Standard,2-Year,Manual-Online,Business Line,Chat,Network Outage,33,34.23,1140.12,59.44,12,False,-30,5,Outstanding customer care,Positive,0.7725,50.0,0,34.55,0.3529,Silver,0.7225,2023-11-11
CUST04399,Southwest,Basic,Month-to-Month,Auto-Pay,Hotspot,Email,Network Outage,74,234.43,17022.23,13.18,6,True,-30,2,Issue still not resolved,Negative,0.2788,100,1,230.03,0.08,Platinum,0.4725,2022-05-23
CUST04400,Southeast,Enterprise,1-Year,Auto-Pay,Business Line,Phone,Billing Dispute,82,30.6,2338.94,106.11,3,False,-43,3,Waited longer than expected,Neutral,0.4851,94.6,1,28.52,0.0361,Platinum,0.4998,2022-09-09
CUST04401,West,Enterprise,1-Year,Manual-Online,Smartphone,In-Store,Device Problem,37,42.99,1604.34,97.06,5,True,44,3,Decent support,Neutral,0.4079,81.2,1,43.36,0.1316,Gold,0.702,2024-07-20
CUST04402,Southwest,Enterprise,Month-to-Month,Auto-Pay,Business Line,App,No Issue,25,138.88,3173.96,42.4,13,True,0,5,Very professional support team,Positive,0.9777,46.0,0,126.96,0.5,Silver,0.825,2023-02-16
CUST04403,West,Premium,Month-to-Month,Auto-Pay,Hotspot,App,Billing Dispute,6,230.96,1224.76,4.28,7,False,-30,4,Seamless experience overall,Positive,0.7592,70.0,1,204.13,1.0,Bronze,0.6225,2022-03-30
CUST04404,Midwest,Standard,1-Year,Manual-Online,Tablet,In-Store,No Issue,45,98.3,3933.68,39.62,15,False,42,1,Poor network reliability,Negative,0.1293,100,1,87.42,0.3261,Gold,0.4485,2022-01-23
CUST04405,West,Premium,2-Year,Mail,Business Line,App,Network Outage,44,143.11,6009.71,68.88,8,False,53,1,Worst customer service experience,Negative,0.2699,100,1,136.58,0.1778,Gold,0.4677,2023-10-24
CUST04406,Southwest,Basic,1-Year,In-Store,Hotspot,Email,Billing Dispute,29,69.33,1787.78,18.74,3,True,-60,4,Highly satisfied with resolution,Positive,0.8022,68.0,0,61.65,0.1,Silver,0.62,2022-07-30
CUST04407,Midwest,Enterprise,1-Year,In-Store,Hotspot,App,Network Outage,62,237.62,13874.37,22.95,8,True,11,5,Very professional support team,Positive,0.6801,33.8,0,223.78,0.127,Platinum,0.8443,2023-07-01
CUST04408,Southeast,Premium,Month-to-Month,In-Store,Smartphone,Email,Plan Change,76,220.61,14289.74,3.36,15,True,34,4,Agent was very helpful,Positive,0.7072,73.2,1,188.02,0.1948,Platinum,0.7845,2024-11-07
CUST04409,Southeast,Standard,Month-to-Month,Auto-Pay,Smartphone,App,Network Outage,61,78.08,4544.28,19.23,5,True,26,1,Worst customer service experience,Negative,0.2033,100,1,74.5,0.0806,Platinum,0.4705,2022-11-20
CUST04410,Northeast,Standard,1-Year,Mail,Smartphone,Email,Device Problem,63,81.07,4466.93,58.15,7,False,-42,5,Seamless experience overall,Positive,0.8156,42.4,0,70.9,0.1094,Platinum,0.7015,2024-02-23
CUST04411,Southwest,Basic,Month-to-Month,Mail,Smartphone,App,No Issue,36,82.74,2962.67,64.75,5,True,-47,4,Very professional support team,Positive,0.7344,69.4,1,82.3,0.1351,Gold,0.6428,2022-08-10
CUST04412,West,Standard,Month-to-Month,Auto-Pay,Tablet,Chat,Contract Issue,48,113.35,4898.34,39.27,12,False,-22,5,Agent was very helpful,Positive,0.8626,48.4,0,102.05,0.2449,Gold,0.7365,2024-07-17
CUST04413,Midwest,Standard,2-Year,Manual-Online,Smartphone,App,No Issue,84,83.66,6842.62,89.73,4,True,-17,4,Problem resolved quickly,Positive,0.9253,61.4,0,81.46,0.0471,Platinum,0.6953,2022-11-13
CUST04414,Northeast,Standard,2-Year,Mail,Smartphone,In-Store,Contract Issue,24,61.24,1387.2,35.39,7,True,-84,1,Poor network reliability,Negative,0.0176,100,1,57.8,0.28,Silver,0.278,2023-08-27
CUST04415,Southwest,Basic,1-Year,Auto-Pay,Smartphone,Phone,Network Outage,55,247.49,13086.64,82.7,11,False,64,1,No accountability at all,Negative,0.2247,100,1,237.94,0.1964,Gold,0.487,2024-04-14
CUST04416,West,Basic,2-Year,Mail,Hotspot,Phone,Contract Issue,56,173.7,9926.09,2.11,13,False,57,5,Very happy with service,Positive,0.9166,34.6,0,177.25,0.2281,Gold,0.8747,2022-10-11
CUST04417,West,Standard,2-Year,Mail,Home Internet,In-Store,Network Outage,74,34.52,2206.13,55.33,9,True,-60,5,Problem resolved quickly,Positive,0.888,50.0,0,29.81,0.12,Platinum,0.72,2022-05-27
CUST04418,West,Premium,2-Year,Mail,Home Internet,Phone,No Issue,44,40.16,1690.44,16.51,0,True,26,2,Will consider switching providers,Negative,0.0392,100,1,38.42,0.0,Gold,0.5705,2022-02-26
CUST04419,West,Premium,2-Year,Manual-Online,Hotspot,Chat,No Issue,71,245.32,17037.2,26.75,13,False,-63,1,Issue still not resolved,Negative,0.2416,100,1,239.96,0.1806,Platinum,0.2648,2022-02-07
CUST04420,Northeast,Premium,2-Year,Mail,Tablet,Email,Contract Issue,18,132.88,2480.16,21.6,11,True,57,1,Terrible wait times,Negative,0.2385,100,1,137.79,0.5789,Silver,0.5248,2022-06-03
CUST04421,West,Premium,2-Year,Mail,Tablet,Phone,Billing Dispute,53,148.0,7325.94,30.11,8,True,60,5,Very professional support team,Positive,0.7063,24.0,0,138.23,0.1481,Gold,0.93,2024-02-02
CUST04422,Southeast,Standard,1-Year,Manual-Online,Smartphone,Phone,No Issue,74,169.21,10818.86,47.9,12,True,-73,3,Decent support,Neutral,0.4476,100,1,146.2,0.16,Platinum,0.4973,2022-11-23
CUST04423,Southeast,Premium,Month-to-Month,Mail,Home Internet,In-Store,Speed Issue,57,166.77,9329.32,79.22,13,True,66,1,Terrible wait times,Negative,0.0057,100,1,163.67,0.2241,Gold,0.5405,2024-02-24
CUST04424,Southwest,Basic,2-Year,Auto-Pay,Hotspot,Phone,Device Problem,52,106.84,5416.08,47.76,7,True,16,3,Acceptable service,Neutral,0.4029,90.8,1,104.16,0.1321,Gold,0.653,2023-02-18
CUST04425,Southwest,Enterprise,Month-to-Month,Manual-Online,Tablet,App,Plan Change,16,163.77,2745.05,76.5,15,False,-40,3,Expected better response time,Neutral,0.4795,100,1,171.57,0.8824,Silver,0.505,2024-10-16
CUST04426,Northeast,Standard,Month-to-Month,Mail,Tablet,Chat,Device Problem,16,163.52,2712.64,53.94,14,True,1,1,Problem kept recurring,Negative,0.261,100,1,169.54,0.8235,Silver,0.4267,2022-04-08
CUST04427,Northeast,Enterprise,2-Year,Auto-Pay,Home Internet,In-Store,Contract Issue,75,246.05,19237.73,32.77,2,True,-16,3,Average experience,Neutral,0.3792,87.2,1,256.5,0.0263,Platinum,0.597,2024-07-11
CUST04428,Midwest,Standard,Month-to-Month,Mail,Business Line,Email,Network Outage,82,131.69,10824.22,111.84,2,True,12,3,Got what I needed but took a while,Neutral,0.5435,81.6,1,132.0,0.0241,Platinum,0.646,2024-05-07
CUST04429,West,Basic,1-Year,Manual-Online,Home Internet,Email,Plan Change,74,225.46,16996.63,10.93,14,True,53,1,No accountability at all,Negative,0.1881,100,1,229.68,0.1867,Platinum,0.5177,2024-09-04
CUST04430,Northeast,Basic,Month-to-Month,In-Store,Smartphone,App,Plan Change,22,152.73,3437.77,47.95,5,True,-37,2,Issue still not resolved,Negative,0.2552,100,1,156.26,0.2174,Silver,0.4602,2022-08-23
CUST04431,Northeast,Standard,Month-to-Month,Auto-Pay,Smartphone,Phone,Plan Change,18,45.7,703.3,105.9,4,True,35,5,Problem resolved quickly,Positive,0.7834,21.0,0,39.07,0.2105,Silver,0.8862,2024-09-24
CUST04432,Southeast,Enterprise,Month-to-Month,Manual-Online,Tablet,App,Network Outage,29,176.29,4398.8,101.05,4,True,-57,5,Highly satisfied with resolution,Positive,0.6652,39.4,0,151.68,0.1333,Silver,0.7252,2022-10-17
CUST04433,Midwest,Basic,Month-to-Month,Mail,Tablet,Phone,Speed Issue,13,136.3,1613.61,63.83,1,True,2,3,Waited longer than expected,Neutral,0.5053,81.6,1,124.12,0.0714,Silver,0.6285,2024-10-28
CUST04434,Southeast,Premium,1-Year,Mail,Business Line,Chat,Contract Issue,22,160.21,3605.28,21.81,12,True,-32,3,Acceptable service,Neutral,0.3559,100,1,163.88,0.5217,Silver,0.569,2022-12-14
CUST04435,West,Standard,1-Year,Manual-Online,Business Line,In-Store,Network Outage,43,77.04,3164.2,84.08,15,True,-20,2,Very disappointed with service,Negative,0.0225,100,1,73.59,0.3409,Gold,0.49,2023-01-17
CUST04436,West,Premium,2-Year,Auto-Pay,Business Line,Email,Device Problem,38,73.61,2740.26,49.95,10,True,-70,2,No accountability at all,Negative,0.0717,100,1,72.11,0.2564,Gold,0.4025,2024-12-25
CUST04437,Southeast,Enterprise,2-Year,Auto-Pay,Home Internet,Email,No Issue,39,104.16,3646.16,80.9,10,True,-70,2,Poor network reliability,Negative,0.07,100,1,93.49,0.25,Gold,0.4025,2024-02-20
CUST04438,Northeast,Enterprise,Month-to-Month,In-Store,Tablet,Phone,Billing Dispute,71,44.86,3133.46,26.87,6,True,57,3,Service was okay,Neutral,0.3755,80.6,1,44.13,0.0833,Platinum,0.7248,2022-10-30
CUST04439,Midwest,Standard,2-Year,Auto-Pay,Hotspot,Phone,Device Problem,63,74.37,4590.11,61.75,0,False,96,4,Excellent support experience,Positive,0.6995,30.8,0,72.86,0.0,Platinum,0.843,2024-08-31
CUST04440,West,Standard,2-Year,In-Store,Hotspot,Chat,Billing Dispute,22,209.66,3928.74,19.88,13,False,43,5,Agent went above and beyond,Positive,0.834,37.4,0,178.58,0.5652,Silver,0.8502,2022-07-30
CUST04441,Southeast,Enterprise,2-Year,Auto-Pay,Hotspot,In-Store,Billing Dispute,21,136.23,2793.8,92.71,7,True,-85,1,Very disappointed with service,Negative,0.0654,100,1,133.04,0.3182,Silver,0.2762,2022-01-25
CUST04442,Northeast,Basic,Month-to-Month,Auto-Pay,Smartphone,App,Network Outage,72,224.94,14130.27,115.09,0,True,39,5,Seamless experience overall,Positive,0.8047,12.2,0,196.25,0.0,Platinum,0.8932,2023-11-16
CUST04443,Northeast,Premium,Month-to-Month,Mail,Business Line,App,No Issue,21,123.59,2354.26,7.57,2,False,-55,3,Waited longer than expected,Neutral,0.4065,95.0,1,112.11,0.0909,Silver,0.4788,2024-01-21
CUST04444,Midwest,Standard,2-Year,Mail,Smartphone,App,Device Problem,75,49.63,3657.4,19.91,5,True,-8,5,Problem resolved quickly,Positive,0.9783,31.6,0,48.77,0.0658,Platinum,0.811,2024-12-01
CUST04445,Southeast,Enterprise,Month-to-Month,In-Store,Business Line,In-Store,Speed Issue,40,85.98,3342.93,26.52,8,True,-26,4,Outstanding customer care,Positive,0.7941,71.2,1,83.57,0.1951,Gold,0.6795,2023-06-09
CUST04446,Southwest,Premium,Month-to-Month,Manual-Online,Smartphone,App,Billing Dispute,2,53.42,97.05,94.07,3,True,-83,4,Very professional support team,Positive,0.7766,72.6,1,48.52,1.0,Bronze,0.5797,2022-02-22
CUST04447,West,Enterprise,2-Year,Auto-Pay,Hotspot,Phone,Billing Dispute,21,90.06,1966.46,108.76,6,True,-92,5,Very happy with service,Positive,0.7484,50.4,0,93.64,0.2727,Silver,0.664,2022-12-25
CUST04448,Southeast,Standard,1-Year,Mail,Hotspot,Chat,Speed Issue,16,240.62,3856.51,117.02,3,True,-36,2,No accountability at all,Negative,0.0337,100,1,241.03,0.1765,Silver,0.462,2022-06-21
CUST04449,Midwest,Enterprise,2-Year,Manual-Online,Business Line,App,Billing Dispute,42,79.19,3212.91,78.7,3,True,68,3,Average experience,Neutral,0.4657,72.4,1,76.5,0.0698,Gold,0.744,2024-09-16
CUST04450,West,Premium,2-Year,Auto-Pay,Business Line,Chat,Device Problem,17,189.28,2855.56,14.7,6,False,-64,3,Decent support,Neutral,0.4991,100,1,167.97,0.3333,Silver,0.463,2022-06-23
CUST04451,West,Standard,2-Year,In-Store,Business Line,Phone,Network Outage,76,109.3,7568.43,87.31,0,True,86,3,Decent support,Neutral,0.5337,62.8,0,99.58,0.0,Platinum,0.7755,2024-03-01
CUST04452,Southeast,Standard,Month-to-Month,Manual-Online,Home Internet,Chat,Billing Dispute,51,200.66,10696.92,89.48,4,False,41,4,Excellent support experience,Positive,0.9356,49.8,0,209.74,0.0769,Gold,0.7468,2023-09-05
CUST04453,Midwest,Enterprise,1-Year,Auto-Pay,Home Internet,In-Store,Plan Change,66,214.37,14772.56,67.98,5,False,27,3,Expected better response time,Neutral,0.5482,84.6,1,223.83,0.0746,Platinum,0.6222,2024-12-02
CUST04454,Midwest,Standard,1-Year,Auto-Pay,Hotspot,App,Contract Issue,51,182.11,8556.06,43.19,10,True,-37,1,Agent was unhelpful,Negative,0.1812,100,1,167.77,0.1923,Gold,0.3602,2023-11-18
CUST04455,Southeast,Basic,2-Year,Manual-Online,Smartphone,Phone,Speed Issue,17,44.66,755.16,40.74,15,True,-81,4,Excellent support experience,Positive,0.8426,96.2,1,44.42,0.8333,Silver,0.5833,2023-01-15
CUST04456,West,Standard,Month-to-Month,Mail,Tablet,Chat,Speed Issue,47,129.4,5689.49,44.73,5,True,31,4,Agent went above and beyond,Positive,0.6012,53.8,0,121.05,0.1042,Gold,0.7792,2022-08-29
CUST04457,Southwest,Premium,1-Year,Auto-Pay,Smartphone,In-Store,Billing Dispute,69,55.2,3251.5,36.44,10,True,-10,3,Acceptable service,Neutral,0.5813,100,1,47.12,0.1429,Platinum,0.6075,2024-04-07
CUST04458,Northeast,Premium,Month-to-Month,In-Store,Hotspot,Chat,Billing Dispute,7,219.42,1536.31,65.0,0,True,-97,4,Highly satisfied with resolution,Positive,0.7182,69.4,1,219.47,0.0,Bronze,0.5553,2022-07-11
CUST04459,Northeast,Premium,1-Year,Mail,Smartphone,Phone,Contract Issue,60,52.99,3181.33,11.52,9,True,77,4,Excellent support experience,Positive,0.6179,52.6,0,53.02,0.1475,Platinum,0.8598,2023-02-10
CUST04460,West,Enterprise,1-Year,Auto-Pay,Home Internet,Phone,Network Outage,72,184.63,12554.93,63.34,2,True,49,3,Nothing exceptional,Neutral,0.4286,74.2,1,174.37,0.0274,Platinum,0.7107,2022-05-06
CUST04461,West,Premium,1-Year,Auto-Pay,Hotspot,Phone,No Issue,35,69.67,2410.19,80.22,0,True,-4,1,Worst customer service experience,Negative,0.0769,100,1,68.86,0.0,Silver,0.418,2023-03-30
CUST04462,Northeast,Enterprise,Month-to-Month,Manual-Online,Smartphone,Chat,No Issue,32,31.4,915.97,42.76,5,True,34,2,Very disappointed with service,Negative,0.2594,100,1,28.62,0.1515,Silver,0.5845,2024-02-15
CUST04463,Southwest,Standard,Month-to-Month,Auto-Pay,Hotspot,App,Device Problem,26,181.57,4401.41,49.53,8,True,-30,1,Poor network reliability,Negative,0.0337,100,1,169.28,0.2963,Silver,0.3725,2022-05-17
CUST04464,West,Basic,1-Year,Manual-Online,Tablet,Chat,Device Problem,70,244.31,15589.73,108.72,13,True,-50,2,Agent was unhelpful,Negative,0.1987,100,1,222.71,0.1831,Platinum,0.4375,2022-02-14
CUST04465,Southeast,Basic,1-Year,In-Store,Tablet,Email,Plan Change,40,184.04,7003.66,93.23,3,True,-64,1,Will consider switching providers,Negative,0.1479,100,1,175.09,0.0732,Gold,0.313,2022-01-28
CUST04466,Northeast,Standard,2-Year,In-Store,Hotspot,Phone,Contract Issue,26,117.25,3017.46,38.97,15,True,-55,2,Problem kept recurring,Negative,0.031,100,1,116.06,0.5556,Silver,0.4288,2023-05-27
CUST04467,Southeast,Basic,2-Year,In-Store,Hotspot,Email,Billing Dispute,80,72.93,5226.82,45.85,13,True,-29,5,Very happy with service,Positive,0.686,51.8,0,65.34,0.1605,Platinum,0.7742,2024-03-14
CUST04468,West,Premium,1-Year,Manual-Online,Smartphone,Chat,Contract Issue,82,163.81,12082.78,81.2,10,True,6,4,Excellent support experience,Positive,0.6937,68.8,1,147.35,0.1205,Platinum,0.7355,2023-01-08
CUST04469,Southwest,Standard,Month-to-Month,Manual-Online,Hotspot,Email,Network Outage,3,182.76,518.09,37.65,15,True,86,1,Agent was unhelpful,Negative,0.181,100,1,172.7,3.75,Bronze,0.5755,2024-01-01
CUST04470,Midwest,Basic,1-Year,Auto-Pay,Home Internet,Chat,Contract Issue,12,47.4,543.55,18.52,13,True,52,4,Problem resolved quickly,Positive,0.9065,65.6,1,45.3,1.0,Silver,0.816,2024-04-04
CUST04471,Southwest,Enterprise,Month-to-Month,In-Store,Smartphone,Phone,Device Problem,62,61.38,3536.23,80.51,0,True,-8,3,Acceptable service,Neutral,0.3846,81.6,1,57.04,0.0,Platinum,0.611,2024-11-25
CUST04472,Southeast,Basic,Month-to-Month,Manual-Online,Hotspot,Email,Device Problem,77,88.65,5880.56,54.63,5,True,55,4,Agent went above and beyond,Positive,0.8009,49.0,0,76.37,0.0641,Platinum,0.8213,2022-10-25
CUST04473,West,Basic,Month-to-Month,Manual-Online,Tablet,In-Store,Plan Change,73,107.68,8166.52,73.34,13,True,55,3,Service was okay,Neutral,0.4111,95.0,1,111.87,0.1757,Platinum,0.7212,2022-02-15
CUST04474,Southeast,Basic,1-Year,In-Store,Home Internet,Chat,No Issue,19,153.15,2679.55,25.69,9,True,66,5,Very happy with service,Positive,0.6297,24.8,0,141.03,0.45,Silver,0.9405,2024-06-14
CUST04475,Northeast,Premium,2-Year,In-Store,Home Internet,Email,Contract Issue,17,56.41,848.95,32.24,5,False,-75,5,Very professional support team,Positive,0.8226,45.0,0,49.94,0.2778,Silver,0.6438,2023-08-26
CUST04476,Midwest,Enterprise,1-Year,Manual-Online,Tablet,App,Device Problem,21,108.37,2190.05,104.32,15,True,23,2,Worst customer service experience,Negative,0.2441,100,1,104.29,0.6818,Silver,0.5653,2024-01-15
CUST04477,Southwest,Basic,1-Year,Manual-Online,Smartphone,Email,Speed Issue,29,199.3,5012.72,106.78,14,True,-86,4,Very professional support team,Positive,0.7442,95.2,1,172.85,0.4667,Silver,0.5745,2022-04-13
CUST04478,West,Basic,Month-to-Month,Mail,Hotspot,Chat,Device Problem,32,82.69,2750.81,26.88,3,True,99,5,Very happy with service,Positive,0.9608,6.2,0,85.96,0.0909,Silver,0.9983,2023-02-14
CUST04479,Southeast,Basic,2-Year,Mail,Business Line,Phone,Contract Issue,75,145.18,9958.46,8.84,8,False,58,2,Worst customer service experience,Negative,0.2883,100,1,132.78,0.1053,Platinum,0.5765,2024-03-07
CUST04480,Southeast,Basic,2-Year,Auto-Pay,Smartphone,App,Billing Dispute,65,183.91,12284.76,28.88,5,True,32,5,Highly satisfied with resolution,Positive,0.6496,23.6,0,189.0,0.0758,Platinum,0.881,2022-05-12
CUST04481,Southwest,Enterprise,2-Year,Manual-Online,Hotspot,App,Device Problem,5,129.4,664.03,55.11,15,True,-26,3,Service was okay,Neutral,0.4454,100,1,132.81,2.5,Bronze,0.5795,2024-01-14
CUST04482,West,Enterprise,2-Year,Auto-Pay,Hotspot,In-Store,Device Problem,74,41.72,3065.06,11.31,6,True,47,4,Great network coverage,Positive,0.7843,52.6,0,41.42,0.08,Platinum,0.8073,2022-05-27
CUST04483,Southwest,Basic,Month-to-Month,Manual-Online,Smartphone,Chat,Device Problem,8,193.13,1492.79,35.94,12,False,-73,3,Could be improved,Neutral,0.4737,100,1,186.6,1.3333,Bronze,0.4473,2024-07-23
CUST04484,Southwest,Standard,2-Year,Manual-Online,Home Internet,App,Speed Issue,68,50.32,3364.87,88.05,4,True,88,3,Service was okay,Neutral,0.4049,70.4,1,49.48,0.058,Platinum,0.779,2023-08-18
CUST04485,Midwest,Standard,Month-to-Month,In-Store,Tablet,Chat,Speed Issue,31,210.36,6441.0,50.8,13,True,-71,5,Very professional support team,Positive,0.9526,60.2,0,207.77,0.4062,Silver,0.7007,2023-06-06
CUST04486,Northeast,Standard,1-Year,In-Store,Smartphone,Phone,Plan Change,70,212.15,13909.56,59.01,6,True,-53,4,Very happy with service,Positive,0.6093,72.6,0,198.71,0.0845,Platinum,0.6322,2023-11-21
CUST04487,Southwest,Premium,1-Year,Manual-Online,Business Line,Chat,No Issue,43,111.6,4387.18,21.62,6,False,78,2,Very disappointed with service,Negative,0.1607,100,1,102.03,0.1364,Gold,0.6115,2024-08-04
CUST04488,Southeast,Enterprise,Month-to-Month,Mail,Home Internet,Chat,Network Outage,36,58.32,1805.69,31.72,10,False,38,2,Very disappointed with service,Negative,0.2394,100,1,50.16,0.2703,Gold,0.5415,2022-11-13
CUST04489,West,Premium,2-Year,In-Store,Smartphone,Chat,Contract Issue,67,165.98,10612.26,102.45,12,False,-54,5,Problem resolved quickly,Positive,0.9022,54.8,0,158.39,0.1765,Platinum,0.6805,2024-02-20
CUST04490,West,Premium,Month-to-Month,Mail,Hotspot,In-Store,Contract Issue,5,36.84,162.64,89.2,10,False,-94,2,Agent was unhelpful,Negative,0.104,100,1,32.53,1.6667,Bronze,0.3105,2024-02-07
CUST04491,Southeast,Premium,Month-to-Month,Mail,Home Internet,Chat,Device Problem,77,225.4,16563.91,47.81,7,False,86,5,Very professional support team,Positive,0.6496,16.8,0,215.12,0.0897,Platinum,0.9255,2024-01-04
CUST04492,Southeast,Basic,2-Year,In-Store,Home Internet,Phone,Speed Issue,63,127.86,7261.73,42.27,9,False,-50,2,Billing overcharge not fixed,Negative,0.28,100,1,115.27,0.1406,Platinum,0.3875,2022-09-09
CUST04493,Southwest,Basic,Month-to-Month,Manual-Online,Business Line,Chat,Network Outage,75,44.58,2976.37,69.46,4,True,13,3,Issue eventually resolved,Neutral,0.4007,85.4,1,39.68,0.0526,Platinum,0.6478,2024-07-26
CUST04494,Southeast,Basic,1-Year,Mail,Hotspot,Phone,Network Outage,59,223.87,12824.34,90.11,0,False,-5,1,Will consider switching providers,Negative,0.297,100,1,217.36,0.0,Gold,0.3662,2024-07-25
CUST04495,Northeast,Standard,Month-to-Month,Auto-Pay,Home Internet,App,No Issue,59,234.24,13887.84,24.59,4,False,30,5,Very professional support team,Positive,0.8706,22.0,0,235.39,0.0667,Gold,0.8275,2024-06-24
CUST04496,Southeast,Standard,1-Year,Manual-Online,Business Line,App,Billing Dispute,46,226.35,9049.73,52.52,5,False,-75,1,Agent was unhelpful,Negative,0.2534,100,1,196.73,0.1064,Gold,0.2438,2024-08-22
CUST04497,West,Basic,1-Year,Manual-Online,Smartphone,Phone,Speed Issue,46,202.63,9218.41,8.52,6,True,-55,5,Very professional support team,Positive,0.9905,43.0,0,200.4,0.1277,Gold,0.7288,2024-06-24
CUST04498,Northeast,Basic,1-Year,Mail,Hotspot,Email,Contract Issue,79,150.04,10259.27,9.99,0,True,4,4,Very happy with service,Positive,0.8896,49.2,0,129.86,0.0,Platinum,0.732,2022-08-10
CUST04499,Northeast,Standard,2-Year,Auto-Pay,Hotspot,In-Store,Billing Dispute,35,82.27,2837.5,116.72,3,True,-14,3,Expected better response time,Neutral,0.3591,88.8,1,81.07,0.0833,Silver,0.6005,2023-11-28
CUST04500,Southwest,Enterprise,2-Year,Auto-Pay,Smartphone,In-Store,Billing Dispute,43,99.05,3634.57,51.98,4,False,14,1,Will consider switching providers,Negative,0.1551,100,1,84.52,0.0909,Gold,0.3995,2023-02-12
CUST04501,Northeast,Basic,1-Year,Mail,Home Internet,Phone,Device Problem,7,164.5,1037.21,75.11,15,True,-6,2,Terrible wait times,Negative,0.2264,100,1,148.17,1.875,Bronze,0.5145,2024-04-02
CUST04502,Southwest,Enterprise,2-Year,Manual-Online,Home Internet,Chat,Contract Issue,52,162.82,8146.01,92.84,9,True,15,5,Highly satisfied with resolution,Positive,0.8224,35.0,0,156.65,0.1698,Gold,0.8513,2023-03-24
CUST04503,Northeast,Standard,Month-to-Month,In-Store,Smartphone,Chat,Network Outage,57,114.52,5599.49,22.38,10,True,-85,2,Billing overcharge not fixed,Negative,0.2035,100,1,98.24,0.1724,Gold,0.3762,2022-06-14
CUST04504,Northeast,Enterprise,2-Year,Mail,Tablet,Chat,Device Problem,32,124.86,4062.64,102.63,4,True,78,1,Issue still not resolved,Negative,0.2136,100,1,126.96,0.1212,Silver,0.5615,2023-08-16
CUST04505,Midwest,Enterprise,1-Year,Auto-Pay,Tablet,Chat,Billing Dispute,22,32.2,672.85,3.68,2,False,-49,3,Issue eventually resolved,Neutral,0.3063,93.8,1,30.58,0.087,Silver,0.4893,2023-11-26
CUST04506,Northeast,Standard,1-Year,Manual-Online,Hotspot,In-Store,No Issue,59,242.09,12633.47,10.93,10,True,99,2,Issue still not resolved,Negative,0.2101,100,1,214.13,0.1667,Gold,0.6983,2024-10-13
CUST04507,Southeast,Premium,2-Year,In-Store,Business Line,Phone,Speed Issue,25,95.57,2446.75,17.98,0,True,14,4,Agent was very helpful,Positive,0.8647,47.2,0,97.87,0.0,Silver,0.7495,2023-03-09
CUST04508,West,Standard,Month-to-Month,Auto-Pay,Home Internet,Chat,No Issue,32,249.95,7340.83,1.23,9,True,-19,2,Worst customer service experience,Negative,0.1542,100,1,229.4,0.2727,Silver,0.4918,2024-07-02
CUST04509,Northeast,Basic,1-Year,Manual-Online,Hotspot,In-Store,No Issue,19,205.18,3706.28,75.67,4,True,-12,3,Could be improved,Neutral,0.5794,90.4,1,195.07,0.2,Silver,0.604,2022-12-19
CUST04510,Southwest,Standard,2-Year,Auto-Pay,Tablet,In-Store,Billing Dispute,52,234.06,10910.02,75.72,10,True,-85,4,Excellent support experience,Positive,0.9042,87.0,1,209.81,0.1887,Gold,0.5763,2022-06-06
CUST04511,West,Basic,Month-to-Month,Auto-Pay,Smartphone,Phone,Network Outage,14,196.36,2532.0,117.93,9,False,96,2,Problem kept recurring,Negative,0.2436,100,1,180.86,0.6,Silver,0.643,2024-11-20
CUST04512,Midwest,Standard,2-Year,Mail,Business Line,App,Billing Dispute,17,66.72,1186.14,67.94,6,True,69,4,Great network coverage,Positive,0.9119,48.2,0,69.77,0.3333,Silver,0.8458,2023-03-17
CUST04513,West,Premium,Month-to-Month,Auto-Pay,Hotspot,Chat,Speed Issue,61,34.99,2072.27,16.75,3,True,93,3,Service was okay,Neutral,0.4029,67.4,1,33.97,0.0484,Platinum,0.7877,2022-12-02
CUST04514,West,Basic,Month-to-Month,Auto-Pay,Hotspot,Email,Contract Issue,63,193.66,11377.07,84.36,3,True,46,3,Service was okay,Neutral,0.4042,76.8,0,180.59,0.0469,Platinum,0.7055,2022-06-12
CUST04515,Southeast,Enterprise,2-Year,Auto-Pay,Business Line,Email,No Issue,48,129.97,5695.43,31.62,11,True,-44,3,Acceptable service,Neutral,0.4806,100,1,118.65,0.2245,Gold,0.548,2022-09-15
CUST04516,Southwest,Premium,1-Year,Auto-Pay,Hotspot,Email,Network Outage,36,45.06,1379.88,58.91,2,True,-22,1,Will consider switching providers,Negative,0.1692,100,1,38.33,0.0541,Gold,0.3865,2022-12-20
CUST04517,Southwest,Standard,1-Year,Mail,Home Internet,Phone,Plan Change,58,65.1,3752.81,36.05,7,True,-30,3,Waited longer than expected,Neutral,0.395,100.0,1,64.7,0.1186,Gold,0.5725,2023-01-18
CUST04518,West,Standard,1-Year,In-Store,Hotspot,Chat,Billing Dispute,20,84.91,1710.27,73.44,14,True,52,4,Great network coverage,Positive,0.9506,67.6,1,85.51,0.6667,Silver,0.816,2024-03-23
CUST04519,West,Basic,2-Year,Manual-Online,Business Line,Email,Plan Change,4,89.16,333.02,7.33,9,True,-28,1,Poor network reliability,Negative,0.2481,100,1,83.25,1.8,Bronze,0.376,2022-02-05
CUST04520,Northeast,Standard,Month-to-Month,Auto-Pay,Smartphone,Phone,Network Outage,50,238.43,10722.36,65.07,13,True,51,4,Great network coverage,Positive,0.7618,65.8,1,214.45,0.2549,Gold,0.8143,2023-02-16
CUST04521,Midwest,Basic,1-Year,Manual-Online,Business Line,Chat,Network Outage,22,227.01,4326.87,2.71,6,False,-92,3,Service was okay,Neutral,0.3803,100,1,196.68,0.2609,Silver,0.414,2023-05-02
CUST04522,West,Premium,2-Year,In-Store,Hotspot,In-Store,No Issue,79,87.26,6049.3,8.87,2,True,5,4,Very happy with service,Positive,0.8462,53.0,0,76.57,0.025,Platinum,0.7338,2022-04-02
CUST04523,Midwest,Standard,2-Year,Auto-Pay,Tablet,Phone,Device Problem,81,49.71,3695.1,76.25,14,True,-92,3,Decent support,Neutral,0.3831,100,1,45.62,0.1707,Platinum,0.464,2024-05-26
CUST04524,Midwest,Enterprise,Month-to-Month,Manual-Online,Tablet,App,Speed Issue,5,249.29,1296.33,87.65,15,True,78,3,Expected better response time,Neutral,0.3978,94.4,1,259.27,2.5,Bronze,0.7615,2022-05-07
CUST04525,Midwest,Premium,Month-to-Month,Mail,Tablet,Chat,Plan Change,78,187.5,15080.26,53.78,11,True,95,1,Will consider switching providers,Negative,0.2522,100,1,193.34,0.1392,Platinum,0.5913,2022-11-21
CUST04526,Northeast,Premium,Month-to-Month,Auto-Pay,Smartphone,Email,Billing Dispute,54,242.24,12383.91,85.21,9,True,98,4,Very professional support team,Positive,0.9356,48.4,0,229.33,0.1636,Gold,0.8965,2022-04-23
CUST04527,Southeast,Standard,Month-to-Month,Manual-Online,Business Line,Phone,Device Problem,46,201.08,9093.03,88.46,3,True,79,1,Poor network reliability,Negative,0.0269,100,1,197.67,0.0638,Gold,0.5633,2022-02-17
CUST04528,Southwest,Premium,1-Year,In-Store,Home Internet,Chat,Plan Change,9,75.45,592.68,22.96,0,False,-70,4,Very professional support team,Positive,0.6394,64.0,0,65.85,0.0,Bronze,0.5525,2023-11-13
CUST04529,Southeast,Enterprise,Month-to-Month,Auto-Pay,Home Internet,In-Store,Billing Dispute,60,245.44,15084.11,45.94,0,True,-17,5,Very professional support team,Positive,0.6491,23.4,0,251.4,0.0,Platinum,0.7953,2022-09-22
CUST04530,West,Basic,1-Year,Mail,Tablet,Phone,Device Problem,69,173.93,11912.51,105.47,15,True,-85,3,Acceptable service,Neutral,0.478,100,1,172.65,0.2143,Platinum,0.4763,2022-05-09
CUST04531,West,Enterprise,Month-to-Month,Auto-Pay,Business Line,Email,Speed Issue,17,175.74,2787.48,46.08,15,False,56,1,Billing overcharge not fixed,Negative,0.2767,100,1,163.97,0.8333,Silver,0.473,2022-09-09
CUST04532,Northeast,Enterprise,2-Year,Mail,Business Line,Chat,Billing Dispute,46,75.61,2970.81,76.95,10,True,96,3,Waited longer than expected,Neutral,0.5306,80.8,1,64.58,0.2128,Gold,0.793,2024-04-22
CUST04533,Southwest,Enterprise,2-Year,Mail,Home Internet,App,Device Problem,79,202.94,16243.28,7.05,14,True,28,1,Very disappointed with service,Negative,0.0784,100,1,205.61,0.175,Platinum,0.474,2023-05-15
CUST04534,West,Enterprise,1-Year,Auto-Pay,Hotspot,App,No Issue,62,39.37,2344.09,37.29,0,True,-83,1,Terrible wait times,Negative,0.1454,100,1,37.81,0.0,Platinum,0.2797,2024-09-12
CUST04535,Northeast,Basic,2-Year,Manual-Online,Smartphone,In-Store,Plan Change,40,164.73,5627.44,22.52,8,True,-4,1,Will consider switching providers,Negative,0.0869,100,1,140.69,0.1951,Gold,0.418,2023-04-19
CUST04536,Southeast,Basic,Month-to-Month,Manual-Online,Smartphone,Phone,No Issue,17,73.27,1250.25,30.72,11,True,-87,2,Issue still not resolved,Negative,0.0699,100,1,73.54,0.6111,Silver,0.3728,2023-02-11
CUST04537,Southwest,Premium,1-Year,Mail,Tablet,In-Store,Plan Change,10,58.76,512.54,47.41,10,False,-41,3,Nothing exceptional,Neutral,0.4971,100,1,51.25,0.9091,Bronze,0.5032,2023-08-13
CUST04538,Southwest,Enterprise,Month-to-Month,Mail,Home Internet,Chat,Device Problem,56,120.21,6374.87,18.5,6,True,87,4,Great network coverage,Positive,0.6882,44.6,0,113.84,0.1053,Gold,0.8773,2024-12-15
CUST04539,Midwest,Premium,2-Year,Mail,Hotspot,Chat,Contract Issue,43,214.03,8920.03,100.5,0,True,30,2,Will consider switching providers,Negative,0.1414,100,1,207.44,0.0,Gold,0.5775,2023-05-03
CUST04540,West,Basic,1-Year,Manual-Online,Smartphone,Chat,Device Problem,78,144.34,9918.53,86.34,1,True,59,2,Agent was unhelpful,Negative,0.2662,100,1,127.16,0.0127,Platinum,0.6282,2023-04-23
CUST04541,Southeast,Premium,2-Year,Mail,Business Line,Phone,Speed Issue,41,55.56,2130.7,83.95,1,False,-12,1,Issue still not resolved,Negative,0.065,100,1,51.97,0.0238,Gold,0.354,2022-11-03
CUST04542,Southeast,Standard,1-Year,Manual-Online,Business Line,Phone,Device Problem,44,142.4,5613.27,33.66,12,True,-16,2,Billing overcharge not fixed,Negative,0.164,100,1,127.57,0.2667,Gold,0.497,2022-10-17
CUST04543,Midwest,Standard,1-Year,Mail,Business Line,Chat,Contract Issue,25,206.43,4903.79,11.84,12,True,-91,5,Outstanding customer care,Positive,0.9334,62.2,0,196.15,0.4615,Silver,0.6658,2024-08-11
CUST04544,Northeast,Standard,2-Year,Auto-Pay,Home Internet,App,Billing Dispute,64,225.76,13493.11,111.32,8,True,80,5,Very happy with service,Positive,0.9941,20.0,0,210.83,0.1231,Platinum,0.965,2024-05-25
CUST04545,Northeast,Enterprise,Month-to-Month,Auto-Pay,Smartphone,Phone,Device Problem,41,45.05,1638.21,8.55,6,True,14,4,Very professional support team,Positive,0.642,59.2,0,39.96,0.1429,Gold,0.7495,2024-04-09
CUST04546,Midwest,Enterprise,Month-to-Month,In-Store,Business Line,App,No Issue,46,114.01,4741.03,97.54,5,True,31,5,Great network coverage,Positive,0.7268,23.8,0,103.07,0.1064,Gold,0.8792,2023-10-21
CUST04547,Midwest,Basic,1-Year,Manual-Online,Smartphone,Chat,Contract Issue,74,85.09,5850.72,104.97,7,False,-51,2,Issue still not resolved,Negative,0.1063,100,1,79.06,0.0933,Platinum,0.3858,2022-07-06
CUST04548,Northeast,Premium,2-Year,Manual-Online,Smartphone,App,Billing Dispute,38,100.49,3314.12,92.88,5,True,56,1,Terrible wait times,Negative,0.0881,100,1,87.21,0.1282,Gold,0.523,2024-09-11
CUST04549,West,Basic,1-Year,Auto-Pay,Tablet,Email,Plan Change,42,44.84,1961.15,116.44,13,True,21,2,Problem kept recurring,Negative,0.247,100,1,46.69,0.3023,Gold,0.5617,2022-10-22
CUST04550,West,Basic,2-Year,Manual-Online,Home Internet,Phone,No Issue,39,48.89,1935.54,84.7,6,True,-41,2,Terrible wait times,Negative,0.1037,100,1,49.63,0.15,Gold,0.4532,2024-07-11
CUST04551,West,Basic,Month-to-Month,In-Store,Hotspot,Phone,Contract Issue,18,30.99,575.5,109.48,14,False,-75,4,Very happy with service,Positive,0.6136,93.0,1,31.97,0.7368,Silver,0.5438,2022-12-19
CUST04552,Southwest,Basic,2-Year,In-Store,Hotspot,Chat,Device Problem,24,173.06,3755.42,66.15,7,True,80,1,No accountability at all,Negative,0.1716,100,1,156.48,0.28,Silver,0.565,2023-05-19
CUST04553,Midwest,Premium,Month-to-Month,In-Store,Tablet,Email,Contract Issue,51,202.91,8839.51,105.9,0,True,1,3,Average experience,Neutral,0.5634,79.8,1,173.32,0.0,Gold,0.6268,2022-01-23
CUST04554,Northeast,Premium,Month-to-Month,Auto-Pay,Hotspot,In-Store,Contract Issue,23,139.77,2942.15,92.06,13,True,70,4,Agent was very helpful,Positive,0.661,62.0,0,127.92,0.5417,Silver,0.8475,2022-12-28
CUST04555,Southeast,Premium,Month-to-Month,In-Store,Tablet,App,Device Problem,41,219.8,7828.36,24.3,8,True,-61,1,Issue still not resolved,Negative,0.1571,100,1,190.94,0.1905,Gold,0.3182,2023-08-29
CUST04556,Midwest,Enterprise,2-Year,Manual-Online,Smartphone,Email,No Issue,24,97.69,2460.49,60.44,14,True,14,2,Agent was unhelpful,Negative,0.2707,100,1,102.52,0.56,Silver,0.5495,2022-11-29
CUST04557,Northeast,Basic,2-Year,Auto-Pay,Business Line,Phone,Contract Issue,76,78.83,6124.49,5.29,8,True,35,3,Could be improved,Neutral,0.5503,89.0,1,80.59,0.1039,Platinum,0.6863,2022-04-03
CUST04558,Southeast,Standard,Month-to-Month,Mail,Hotspot,Chat,No Issue,41,223.65,8577.25,102.33,14,True,89,2,Issue still not resolved,Negative,0.0145,100,1,209.2,0.3333,Gold,0.6807,2022-10-10
CUST04559,West,Enterprise,2-Year,Mail,Home Internet,Email,Contract Issue,78,245.2,17155.82,35.6,0,True,69,4,Very happy with service,Positive,0.7398,36.2,0,219.95,0.0,Platinum,0.8458,2022-10-06
CUST04560,Northeast,Basic,2-Year,Manual-Online,Hotspot,Chat,Contract Issue,48,142.42,7005.91,117.12,6,False,82,5,Agent was very helpful,Positive,0.7317,15.6,0,145.96,0.1224,Gold,0.9185,2022-05-14
CUST04561,West,Basic,2-Year,Manual-Online,Hotspot,Email,Contract Issue,48,172.77,8369.54,45.66,14,True,11,5,Problem resolved quickly,Positive,0.9846,45.8,0,174.37,0.2857,Gold,0.8443,2023-09-15
CUST04562,Southeast,Standard,Month-to-Month,Manual-Online,Business Line,Phone,Device Problem,22,212.15,4834.7,1.95,15,True,-53,2,Billing overcharge not fixed,Negative,0.0909,100,1,219.76,0.6522,Silver,0.4323,2023-08-14
CUST04563,Northeast,Basic,Month-to-Month,In-Store,Hotspot,Phone,Speed Issue,37,90.34,3384.97,23.01,5,False,85,5,Agent was very helpful,Positive,0.8001,13.0,0,91.49,0.1316,Gold,0.9238,2024-10-07
CUST04564,Southeast,Enterprise,Month-to-Month,In-Store,Tablet,Phone,Speed Issue,60,128.59,7612.07,32.61,8,True,-39,4,Agent was very helpful,Positive,0.8552,73.8,1,126.87,0.1311,Platinum,0.6568,2022-11-05
CUST04565,Midwest,Premium,2-Year,In-Store,Business Line,Email,Plan Change,21,194.36,4253.66,42.57,12,True,-6,5,Great network coverage,Positive,0.7969,45.2,0,202.56,0.5455,Silver,0.8145,2023-05-28
CUST04566,Northeast,Standard,Month-to-Month,Auto-Pay,Business Line,In-Store,Billing Dispute,7,122.81,768.51,92.35,3,False,44,2,No accountability at all,Negative,0.0552,100,1,109.79,0.375,Bronze,0.552,2023-06-25
CUST04567,Midwest,Enterprise,2-Year,In-Store,Business Line,Email,No Issue,52,224.11,10799.29,80.02,10,False,78,4,Very happy with service,Positive,0.6736,54.4,0,207.68,0.1887,Gold,0.8115,2022-02-27
CUST04568,West,Enterprise,2-Year,Manual-Online,Hotspot,Email,Billing Dispute,31,190.65,5711.23,14.31,4,False,87,2,No accountability at all,Negative,0.2509,100,1,184.23,0.125,Silver,0.6273,2024-09-11
CUST04569,Southwest,Premium,2-Year,In-Store,Smartphone,App,Speed Issue,39,66.47,2369.56,34.0,10,True,12,1,Terrible wait times,Negative,0.0815,100,1,60.76,0.25,Gold,0.446,2023-08-29
CUST04570,Northeast,Premium,2-Year,Mail,Hotspot,Email,Plan Change,16,105.01,1432.1,17.73,10,True,89,5,Highly satisfied with resolution,Positive,0.8649,22.2,0,89.51,0.5882,Silver,0.9808,2024-06-17
CUST04571,West,Basic,Month-to-Month,Mail,Hotspot,Email,Billing Dispute,67,163.63,9998.59,8.32,14,False,54,5,Excellent support experience,Positive,0.9244,37.2,0,149.23,0.2059,Platinum,0.8695,2024-08-10
CUST04572,Midwest,Basic,Month-to-Month,In-Store,Business Line,In-Store,No Issue,74,39.64,2882.82,103.92,4,False,27,5,Agent was very helpful,Positive,0.6644,22.6,0,38.96,0.0533,Platinum,0.8222,2022-02-01
CUST04573,Southwest,Standard,1-Year,Manual-Online,Home Internet,Email,Plan Change,58,245.13,12925.55,39.2,5,True,-6,3,Got what I needed but took a while,Neutral,0.3557,91.2,1,222.85,0.0847,Gold,0.6145,2023-09-03
CUST04574,Southwest,Standard,2-Year,Mail,Tablet,App,Plan Change,41,206.73,8435.92,112.08,4,True,-31,2,Worst customer service experience,Negative,0.0172,100,1,205.75,0.0952,Gold,0.4708,2022-10-13
CUST04575,West,Standard,2-Year,Mail,Hotspot,App,Plan Change,82,198.33,15383.91,88.88,9,False,60,5,Highly satisfied with resolution,Positive,0.8035,26.0,0,187.61,0.1084,Platinum,0.88,2023-12-01
CUST04576,West,Enterprise,Month-to-Month,In-Store,Smartphone,Email,Device Problem,47,161.08,7797.19,57.11,6,True,45,1,Issue still not resolved,Negative,0.1865,100,1,165.9,0.125,Gold,0.5037,2022-03-25
CUST04577,Midwest,Premium,2-Year,In-Store,Home Internet,Email,Network Outage,75,233.67,17358.61,64.58,6,True,33,1,Agent was unhelpful,Negative,0.0151,100,1,231.45,0.0789,Platinum,0.4828,2024-02-29
CUST04578,Southwest,Standard,2-Year,Auto-Pay,Hotspot,Email,No Issue,18,117.65,1859.93,34.14,4,True,-77,4,Great network coverage,Positive,0.7126,73.4,1,103.33,0.2105,Silver,0.5903,2024-02-28
CUST04579,Southeast,Enterprise,1-Year,Manual-Online,Home Internet,App,No Issue,40,149.16,5112.08,3.63,7,True,-65,2,Terrible wait times,Negative,0.2237,100,1,127.8,0.1707,Gold,0.4113,2023-07-21
CUST04580,Midwest,Basic,1-Year,Mail,Smartphone,Chat,No Issue,56,58.41,3113.75,77.71,4,True,-71,1,Billing overcharge not fixed,Negative,0.0265,100,1,55.6,0.0702,Gold,0.3008,2024-01-11
CUST04581,Southwest,Enterprise,2-Year,Auto-Pay,Hotspot,App,Contract Issue,51,30.04,1499.13,38.28,5,True,-69,1,No accountability at all,Negative,0.0976,100,1,29.39,0.0962,Gold,0.3043,2022-12-01
CUST04582,West,Basic,1-Year,Manual-Online,Business Line,Phone,Device Problem,6,58.13,322.74,15.2,11,True,96,4,Very professional support team,Positive,0.7967,52.8,0,53.79,1.5714,Bronze,0.893,2024-04-11
CUST04583,Northeast,Premium,Month-to-Month,Manual-Online,Home Internet,Chat,Plan Change,28,201.32,5685.03,2.32,8,True,-63,3,Service was okay,Neutral,0.5589,100,1,203.04,0.2759,Silver,0.5148,2023-03-09
CUST04584,Midwest,Basic,2-Year,Manual-Online,Hotspot,Email,Device Problem,50,239.18,10843.92,36.58,14,True,-2,5,Excellent support experience,Positive,0.6333,48.4,0,216.88,0.2745,Gold,0.8215,2022-06-12
CUST04585,West,Premium,1-Year,Mail,Home Internet,Phone,Network Outage,56,124.66,6864.65,88.6,4,False,28,4,Agent went above and beyond,Positive,0.8172,52.4,0,122.58,0.0702,Gold,0.724,2022-11-03
CUST04586,Midwest,Premium,2-Year,In-Store,Business Line,Email,Billing Dispute,51,124.64,5634.84,119.78,7,True,12,3,Acceptable service,Neutral,0.5276,91.6,1,110.49,0.1346,Gold,0.646,2023-11-07
CUST04587,Southeast,Premium,Month-to-Month,In-Store,Hotspot,Chat,Device Problem,69,73.34,4503.11,105.29,5,True,71,3,Expected better response time,Neutral,0.5399,75.8,1,65.26,0.0714,Platinum,0.7492,2022-03-08
CUST04588,Southeast,Standard,1-Year,Auto-Pay,Hotspot,Email,Speed Issue,36,31.87,1086.42,36.2,2,True,-36,2,Very disappointed with service,Negative,0.2875,100,1,30.18,0.0541,Gold,0.462,2023-11-11
CUST04589,Southwest,Standard,Month-to-Month,Mail,Business Line,Chat,Contract Issue,34,172.74,5444.26,98.84,13,True,73,2,Problem kept recurring,Negative,0.1248,100,1,160.13,0.3714,Silver,0.6527,2023-02-01
CUST04590,Midwest,Premium,Month-to-Month,In-Store,Tablet,App,Speed Issue,66,31.56,2060.65,12.36,4,True,-72,2,Poor network reliability,Negative,0.2227,100,1,31.22,0.0597,Platinum,0.399,2024-03-25
CUST04591,Southwest,Premium,1-Year,Mail,Hotspot,Phone,Billing Dispute,12,134.77,1533.2,86.72,0,True,-58,5,Excellent support experience,Positive,0.9461,31.6,0,127.77,0.0,Silver,0.7235,2023-10-18
CUST04592,Southwest,Standard,2-Year,Auto-Pay,Tablet,Chat,Device Problem,40,206.35,7218.69,60.43,0,True,91,1,Poor network reliability,Negative,0.2413,100,1,180.47,0.0,Gold,0.5842,2022-04-23
CUST04593,West,Standard,1-Year,Auto-Pay,Smartphone,Chat,Device Problem,59,177.27,9623.49,2.58,3,True,49,5,Highly satisfied with resolution,Positive,0.8335,16.2,0,163.11,0.05,Gold,0.9107,2022-04-26
CUST04594,West,Basic,2-Year,In-Store,Tablet,App,Contract Issue,19,212.49,3504.91,45.51,6,True,-77,1,Problem kept recurring,Negative,0.0428,100,1,184.47,0.3,Silver,0.2903,2023-07-11
CUST04595,Southeast,Standard,Month-to-Month,Auto-Pay,Home Internet,Email,Device Problem,9,71.68,675.37,102.79,3,True,51,4,Very professional support team,Positive,0.92,45.8,0,75.04,0.3,Bronze,0.8143,2024-01-09
CUST04596,Midwest,Basic,2-Year,Mail,Business Line,Chat,Plan Change,71,105.32,6867.62,47.76,8,True,91,4,Agent was very helpful,Positive,0.7492,47.8,0,96.73,0.1111,Platinum,0.8842,2022-08-16
CUST04597,West,Premium,Month-to-Month,Manual-Online,Tablet,In-Store,Network Outage,74,77.82,5945.56,86.66,11,False,-29,1,Will consider switching providers,Negative,0.2816,100,1,80.35,0.1467,Platinum,0.3242,2024-05-27
CUST04598,Northeast,Standard,1-Year,Mail,Business Line,Chat,No Issue,43,86.98,3417.71,27.07,2,False,62,1,Problem kept recurring,Negative,0.1389,100,1,79.48,0.0455,Gold,0.4835,2024-09-20
CUST04599,Southeast,Basic,2-Year,Mail,Business Line,App,Contract Issue,63,189.75,11452.03,55.02,4,False,-13,1,Agent was unhelpful,Negative,0.0236,100,1,181.78,0.0625,Platinum,0.3523,2022-12-17
CUST04600,Southeast,Premium,1-Year,Manual-Online,Home Internet,In-Store,Network Outage,41,79.99,3034.26,14.42,6,True,99,2,Agent was unhelpful,Negative,0.0016,100,1,74.01,0.1429,Gold,0.6983,2022-05-25
CUST04601,Midwest,Premium,2-Year,In-Store,Tablet,Phone,Network Outage,76,220.75,17082.79,112.61,10,True,-92,3,Acceptable service,Neutral,0.5186,100,1,224.77,0.1299,Platinum,0.464,2023-11-18
CUST04602,Northeast,Enterprise,2-Year,Mail,Tablet,Phone,Plan Change,13,40.9,511.26,14.29,14,True,32,5,Great network coverage,Positive,0.7334,41.6,0,39.33,1.0,Silver,0.881,2022-03-27
CUST04603,Northeast,Standard,2-Year,Auto-Pay,Smartphone,Phone,Network Outage,5,80.93,345.73,48.05,6,True,26,3,Got what I needed but took a while,Neutral,0.5584,86.8,1,69.15,1.0,Bronze,0.6705,2022-12-12
CUST04604,West,Basic,1-Year,Manual-Online,Business Line,Chat,Device Problem,78,84.8,6001.61,35.76,13,False,55,1,Issue still not resolved,Negative,0.0144,100,1,76.94,0.1646,Platinum,0.4713,2023-03-19
CUST04605,Northeast,Standard,1-Year,Auto-Pay,Hotspot,Email,No Issue,52,30.45,1502.29,69.44,2,True,50,2,Will consider switching providers,Negative,0.2077,100,1,28.89,0.0377,Gold,0.6125,2022-11-23
CUST04606,Northeast,Standard,1-Year,Manual-Online,Smartphone,Email,No Issue,74,195.75,13732.32,102.83,10,True,96,1,Billing overcharge not fixed,Negative,0.0658,100,1,185.57,0.1333,Platinum,0.593,2022-07-21
CUST04607,Northeast,Basic,2-Year,Mail,Home Internet,Chat,No Issue,45,224.62,8869.33,9.74,15,True,-38,3,Decent support,Neutral,0.5047,100,1,197.1,0.3261,Gold,0.5585,2022-12-10
CUST04608,Southeast,Enterprise,1-Year,Manual-Online,Home Internet,Email,Speed Issue,69,88.26,5293.25,76.62,5,False,-21,2,Issue still not resolved,Negative,0.0807,100,1,76.71,0.0714,Platinum,0.4383,2024-11-22
CUST04609,Midwest,Enterprise,Month-to-Month,In-Store,Home Internet,Email,Contract Issue,69,104.42,7179.66,117.69,7,True,-79,4,Agent was very helpful,Positive,0.9818,79.8,0,104.05,0.1,Platinum,0.5868,2022-10-19
CUST04610,Midwest,Standard,1-Year,Manual-Online,Business Line,Chat,Billing Dispute,42,213.66,7662.91,15.32,4,True,-63,1,Issue still not resolved,Negative,0.0253,100,1,182.45,0.093,Gold,0.3147,2024-02-15
CUST04611,West,Premium,Month-to-Month,Auto-Pay,Smartphone,Email,No Issue,63,42.46,2463.74,88.7,3,True,-38,1,Problem kept recurring,Negative,0.2502,100,1,39.11,0.0469,Platinum,0.3585,2024-03-12
CUST04612,West,Basic,2-Year,Manual-Online,Hotspot,Email,Billing Dispute,36,242.27,7660.04,64.34,4,True,-57,1,Terrible wait times,Negative,0.0798,100,1,212.78,0.1081,Gold,0.3252,2022-03-21
CUST04613,Southwest,Premium,Month-to-Month,Mail,Business Line,In-Store,Device Problem,51,95.15,4523.56,86.96,6,True,-49,2,Poor network reliability,Negative,0.0255,100,1,88.7,0.1154,Gold,0.4393,2022-12-21
CUST04614,West,Premium,Month-to-Month,In-Store,Smartphone,Email,Speed Issue,13,125.48,1604.74,16.31,14,False,-62,5,Excellent support experience,Positive,0.7619,60.4,0,123.44,1.0,Silver,0.6665,2024-05-11
CUST04615,Southwest,Standard,1-Year,Mail,Smartphone,In-Store,Speed Issue,51,85.47,4098.68,85.96,5,True,20,5,Highly satisfied with resolution,Positive,0.8911,26.0,0,80.37,0.0962,Gold,0.86,2022-11-03
CUST04616,Northeast,Enterprise,1-Year,Mail,Smartphone,Email,No Issue,81,200.96,15087.29,64.35,6,False,-80,3,Service was okay,Neutral,0.3578,100,1,186.26,0.0732,Platinum,0.435,2024-05-05
CUST04617,Southeast,Basic,1-Year,In-Store,Business Line,Chat,Contract Issue,53,130.85,6207.97,95.32,4,True,88,5,Agent was very helpful,Positive,0.7839,10.4,0,117.13,0.0741,Gold,0.979,2023-12-17
CUST04618,Southwest,Enterprise,1-Year,Manual-Online,Hotspot,In-Store,Speed Issue,25,171.94,4065.58,67.87,2,False,67,3,Nothing exceptional,Neutral,0.5212,70.6,1,162.62,0.0769,Silver,0.6923,2022-02-17
CUST04619,Southwest,Basic,1-Year,Mail,Hotspot,Email,Billing Dispute,48,129.92,5835.73,79.83,4,True,-41,3,Acceptable service,Neutral,0.3508,96.2,1,121.58,0.0816,Gold,0.5533,2024-06-15
CUST04620,Southwest,Enterprise,Month-to-Month,Manual-Online,Tablet,Email,No Issue,30,218.14,6512.91,18.83,7,True,81,5,Agent went above and beyond,Positive,0.9691,17.8,0,217.1,0.2258,Silver,0.9667,2024-10-07
CUST04621,Southwest,Enterprise,Month-to-Month,Manual-Online,Hotspot,App,Plan Change,82,159.47,12129.83,73.65,7,True,26,3,Waited longer than expected,Neutral,0.452,88.8,1,147.92,0.0843,Platinum,0.6705,2023-05-17
CUST04622,Midwest,Premium,Month-to-Month,Manual-Online,Business Line,Chat,No Issue,13,161.08,2062.33,74.59,11,True,12,4,Excellent support experience,Positive,0.7957,69.6,1,158.64,0.7857,Silver,0.746,2023-12-12
CUST04623,Midwest,Premium,2-Year,In-Store,Smartphone,Email,Network Outage,50,57.77,2593.19,80.81,14,False,42,2,Agent was unhelpful,Negative,0.1336,100,1,51.86,0.2745,Gold,0.5485,2022-02-08
CUST04624,West,Premium,2-Year,Mail,Hotspot,In-Store,Speed Issue,18,208.66,3242.75,104.07,4,True,37,5,Highly satisfied with resolution,Positive,0.7524,20.6,0,180.15,0.2105,Silver,0.8898,2024-03-16
CUST04625,Midwest,Premium,1-Year,In-Store,Tablet,App,Plan Change,73,158.75,11441.25,26.85,14,True,-100,3,Got what I needed but took a while,Neutral,0.3178,100,1,156.73,0.1892,Platinum,0.45,2024-01-11
CUST04626,Southeast,Standard,2-Year,Mail,Smartphone,Phone,No Issue,39,136.72,4740.72,105.83,10,True,-100,4,Very happy with service,Positive,0.9818,90.0,1,121.56,0.25,Gold,0.55,2022-05-11
CUST04627,Southwest,Basic,2-Year,Mail,Smartphone,In-Store,Device Problem,73,80.3,5330.56,61.69,3,True,-59,1,Billing overcharge not fixed,Negative,0.2197,100,1,73.02,0.0405,Platinum,0.3217,2022-06-26
CUST04628,Midwest,Premium,2-Year,Auto-Pay,Home Internet,In-Store,Network Outage,67,77.5,5038.07,70.67,14,True,-26,5,Great network coverage,Positive,0.6779,53.2,0,75.2,0.2059,Platinum,0.7795,2024-04-14
CUST04629,Southeast,Standard,1-Year,Mail,Smartphone,Phone,Device Problem,9,205.56,1788.89,18.81,15,True,-65,3,Acceptable service,Neutral,0.5446,100,1,198.77,1.5,Bronze,0.5112,2023-12-14
CUST04630,Southeast,Enterprise,1-Year,Manual-Online,Home Internet,App,Contract Issue,64,232.65,14989.87,71.47,10,True,-14,3,Could be improved,Neutral,0.3271,100,1,234.22,0.1538,Platinum,0.6005,2022-09-01
CUST04631,West,Premium,2-Year,In-Store,Business Line,App,Network Outage,49,77.92,3959.62,37.93,9,True,57,1,Agent was unhelpful,Negative,0.26,100,1,80.81,0.18,Gold,0.5248,2024-01-18
CUST04632,Midwest,Basic,1-Year,In-Store,Smartphone,Chat,Contract Issue,33,54.77,1540.04,1.81,14,True,-4,5,Very happy with service,Positive,0.7404,48.8,0,46.67,0.4118,Silver,0.818,2023-09-22
CUST04633,West,Basic,Month-to-Month,Mail,Tablet,App,Network Outage,49,211.49,9601.12,116.25,11,True,66,5,Problem resolved quickly,Positive,0.9065,28.8,0,195.94,0.22,Gold,0.9405,2022-01-09
CUST04634,Southeast,Premium,1-Year,Manual-Online,Smartphone,Phone,No Issue,81,102.43,7516.53,118.29,1,False,-11,1,Problem kept recurring,Negative,0.1258,100,1,92.8,0.0122,Platinum,0.3558,2023-09-27
CUST04635,Northeast,Basic,Month-to-Month,Mail,Home Internet,Email,Contract Issue,13,121.34,1350.22,54.95,2,True,-89,3,Could be improved,Neutral,0.4595,100,1,103.86,0.1429,Silver,0.4693,2022-10-15
CUST04636,Midwest,Premium,1-Year,Mail,Smartphone,Phone,Plan Change,81,235.71,19124.18,36.4,4,False,87,2,Billing overcharge not fixed,Negative,0.265,100,1,236.1,0.0488,Platinum,0.6273,2022-03-19
CUST04637,West,Premium,1-Year,Auto-Pay,Business Line,App,Device Problem,5,86.07,390.84,10.72,13,True,23,2,Poor network reliability,Negative,0.1438,100,1,78.17,2.1667,Bronze,0.5653,2024-01-13
CUST04638,Southwest,Enterprise,2-Year,In-Store,Tablet,Phone,Contract Issue,2,108.74,186.18,5.63,8,True,-1,3,Service was okay,Neutral,0.5442,96.2,1,93.09,2.6667,Bronze,0.6232,2024-09-28
CUST04639,Midwest,Premium,1-Year,In-Store,Tablet,Phone,Network Outage,28,219.2,5227.42,119.15,8,True,98,3,Waited longer than expected,Neutral,0.5029,76.4,1,186.69,0.2759,Silver,0.7965,2023-03-25
CUST04640,Southeast,Basic,1-Year,Manual-Online,Business Line,App,Speed Issue,74,221.29,14177.79,96.31,1,True,-32,5,Excellent support experience,Positive,0.8239,28.4,0,191.59,0.0133,Platinum,0.769,2022-10-11
CUST04641,West,Premium,2-Year,Auto-Pay,Business Line,Email,Billing Dispute,24,111.62,2441.66,17.53,13,True,-46,1,Billing overcharge not fixed,Negative,0.1018,100,1,101.74,0.52,Silver,0.3445,2023-08-08
CUST04642,Northeast,Premium,Month-to-Month,Auto-Pay,Business Line,App,Speed Issue,32,170.75,5120.38,49.91,9,False,72,1,Problem kept recurring,Negative,0.0292,100,1,160.01,0.2727,Silver,0.501,2024-03-28
CUST04643,Northeast,Standard,2-Year,Auto-Pay,Home Internet,App,Speed Issue,62,182.53,10686.09,27.52,0,True,68,5,Seamless experience overall,Positive,0.8124,6.4,0,172.36,0.0,Platinum,0.944,2022-11-23
CUST04644,West,Standard,2-Year,In-Store,Hotspot,Chat,No Issue,54,154.07,7390.7,45.15,2,False,-80,4,Excellent support experience,Positive,0.8216,70.0,0,136.86,0.0364,Gold,0.535,2022-09-19
CUST04645,Southeast,Basic,Month-to-Month,Auto-Pay,Home Internet,Phone,Network Outage,49,188.98,8249.18,106.73,1,True,-89,1,Will consider switching providers,Negative,0.2638,100,1,168.35,0.02,Gold,0.2692,2023-09-05
CUST04646,Northeast,Enterprise,1-Year,In-Store,Smartphone,Phone,Network Outage,33,120.79,3411.37,55.59,14,True,0,3,Decent support,Neutral,0.3181,100,1,103.37,0.4118,Silver,0.625,2022-12-25
CUST04647,Southeast,Enterprise,2-Year,In-Store,Home Internet,Phone,Contract Issue,1,167.4,175.74,100.51,12,True,96,5,Very happy with service,Positive,0.6594,24.8,0,175.74,6.0,Bronze,0.993,2024-11-11
CUST04648,Southeast,Standard,2-Year,In-Store,Tablet,In-Store,Device Problem,17,241.2,3545.7,25.33,2,True,-79,4,Problem resolved quickly,Positive,0.6133,69.8,1,208.57,0.1111,Silver,0.5868,2024-09-07
CUST04649,Southeast,Basic,1-Year,Mail,Business Line,Chat,Plan Change,20,41.75,756.7,9.43,4,True,-90,4,Very professional support team,Positive,0.8223,76.0,1,37.84,0.1905,Silver,0.5675,2023-05-02
CUST04650,Southeast,Basic,1-Year,In-Store,Hotspot,In-Store,No Issue,81,152.83,12417.17,106.26,2,True,4,5,Seamless experience overall,Positive,0.9989,23.2,0,153.3,0.0244,Platinum,0.832,2022-01-13
CUST04651,Midwest,Basic,Month-to-Month,In-Store,Smartphone,In-Store,Contract Issue,54,158.42,7808.15,73.58,2,True,76,1,Billing overcharge not fixed,Negative,0.2495,100,1,144.6,0.0364,Gold,0.558,2023-05-29
CUST04652,Southwest,Basic,1-Year,Auto-Pay,Home Internet,Chat,No Issue,60,138.35,7092.2,67.83,7,True,-55,2,Issue still not resolved,Negative,0.1906,100,1,118.2,0.1148,Platinum,0.4288,2022-01-14
CUST04653,Southeast,Basic,1-Year,Manual-Online,Tablet,Email,Contract Issue,68,97.03,5769.47,85.5,3,True,-68,2,Issue still not resolved,Negative,0.1317,100,1,84.85,0.0435,Platinum,0.406,2022-07-10
CUST04654,Southwest,Premium,Month-to-Month,Mail,Hotspot,Chat,Plan Change,59,183.08,9667.96,3.87,12,True,22,1,Will consider switching providers,Negative,0.2125,100,1,163.86,0.2,Gold,0.4635,2024-12-06
CUST04655,West,Basic,Month-to-Month,Mail,Business Line,Email,No Issue,36,112.17,3946.59,110.44,13,False,11,2,Billing overcharge not fixed,Negative,0.0361,100,1,109.63,0.3514,Gold,0.4943,2023-03-04
CUST04656,Northeast,Standard,2-Year,Manual-Online,Tablet,Phone,Contract Issue,30,158.72,4760.47,93.73,1,True,-88,3,Got what I needed but took a while,Neutral,0.4313,99.6,1,158.68,0.0323,Silver,0.471,2024-01-10
CUST04657,West,Enterprise,Month-to-Month,Mail,Business Line,Email,Device Problem,67,145.76,8421.24,8.51,15,True,-33,5,Agent was very helpful,Positive,0.8478,56.6,0,125.69,0.2206,Platinum,0.7672,2023-07-22
CUST04658,Midwest,Basic,1-Year,Mail,Tablet,Phone,Contract Issue,53,169.42,7988.85,43.65,4,True,91,5,Seamless experience overall,Positive,0.6591,9.8,0,150.73,0.0741,Gold,0.9843,2023-02-22
CUST04659,West,Basic,2-Year,Auto-Pay,Hotspot,Email,Network Outage,84,148.05,11194.65,41.04,6,True,75,4,Very happy with service,Positive,0.7155,47.0,0,133.27,0.0706,Platinum,0.8562,2024-03-05
CUST04660,Northeast,Basic,Month-to-Month,Manual-Online,Smartphone,In-Store,Device Problem,22,222.73,4885.17,71.88,14,True,-87,3,Average experience,Neutral,0.569,100,1,222.05,0.6087,Silver,0.4728,2024-12-20
CUST04661,Southeast,Premium,2-Year,In-Store,Business Line,Chat,Network Outage,42,131.03,5364.17,83.59,11,True,54,4,Agent was very helpful,Positive,0.7385,61.2,0,127.72,0.2558,Gold,0.8195,2022-03-01
CUST04662,Southwest,Enterprise,1-Year,In-Store,Smartphone,In-Store,Network Outage,70,183.29,12313.08,82.53,2,True,67,3,Decent support,Neutral,0.4039,70.6,0,175.9,0.0282,Platinum,0.7422,2023-07-21
CUST04663,Midwest,Standard,Month-to-Month,In-Store,Tablet,Chat,Speed Issue,53,221.26,10148.57,86.06,1,True,-12,5,Seamless experience overall,Positive,0.8945,24.4,0,191.48,0.0185,Gold,0.804,2023-07-30
CUST04664,Southeast,Standard,2-Year,Manual-Online,Hotspot,Chat,Network Outage,19,97.33,1724.94,109.31,6,False,-19,1,Worst customer service experience,Negative,0.0969,100,1,90.79,0.3,Silver,0.3417,2023-07-22
CUST04665,Midwest,Enterprise,Month-to-Month,Manual-Online,Hotspot,In-Store,Device Problem,16,166.68,2369.86,87.79,12,True,-84,4,Agent went above and beyond,Positive,0.8628,90.8,1,148.12,0.7059,Silver,0.578,2023-11-25
CUST04666,West,Basic,1-Year,Mail,Business Line,Email,Plan Change,13,67.83,758.31,16.46,12,False,-51,4,Excellent support experience,Positive,0.7648,84.2,1,58.33,0.8571,Silver,0.5857,2024-11-27
CUST04667,West,Basic,2-Year,Auto-Pay,Tablet,In-Store,Device Problem,60,54.12,3370.97,26.85,4,True,-48,4,Excellent support experience,Positive,0.6855,67.6,1,56.18,0.0656,Platinum,0.641,2022-02-19
CUST04668,Southeast,Enterprise,Month-to-Month,In-Store,Smartphone,Phone,No Issue,28,62.06,1680.62,12.01,15,True,100,4,Problem resolved quickly,Positive,0.7991,60.0,0,60.02,0.5172,Silver,0.9,2023-01-02
CUST04669,West,Premium,Month-to-Month,Auto-Pay,Business Line,In-Store,Billing Dispute,5,69.26,337.51,110.08,9,True,3,3,Could be improved,Neutral,0.4856,97.4,1,67.5,1.5,Bronze,0.6302,2024-04-16
CUST04670,Southwest,Standard,1-Year,Manual-Online,Tablet,Phone,Contract Issue,11,128.4,1378.1,100.54,9,False,84,3,Average experience,Neutral,0.5434,81.2,1,125.28,0.75,Bronze,0.722,2023-03-04
CUST04671,Northeast,Premium,1-Year,In-Store,Hotspot,App,Contract Issue,67,35.41,2196.59,119.21,15,True,25,2,Worst customer service experience,Negative,0.2352,100,1,32.78,0.2206,Platinum,0.5687,2023-08-06
CUST04672,West,Basic,2-Year,Manual-Online,Hotspot,Email,Plan Change,79,146.49,10722.29,36.0,4,True,-7,2,Worst customer service experience,Negative,0.0948,100,1,135.73,0.05,Platinum,0.5128,2024-01-25
CUST04673,Midwest,Enterprise,Month-to-Month,In-Store,Business Line,Phone,Network Outage,26,143.89,3614.18,17.45,3,False,95,5,Excellent support experience,Positive,0.9468,7.0,0,139.01,0.1111,Silver,0.9412,2022-02-21
CUST04674,West,Standard,Month-to-Month,Manual-Online,Business Line,Phone,Plan Change,44,37.6,1490.8,11.2,10,True,27,1,Problem kept recurring,Negative,0.026,100,1,33.88,0.2222,Gold,0.4722,2022-06-28
CUST04675,Midwest,Standard,1-Year,Mail,Tablet,Chat,No Issue,63,230.81,15095.43,2.77,15,True,-51,2,Issue still not resolved,Negative,0.0282,100,1,239.61,0.2344,Platinum,0.4357,2022-08-13
CUST04676,Northeast,Standard,2-Year,Mail,Business Line,App,Contract Issue,39,43.47,1660.46,60.67,15,True,-29,3,Acceptable service,Neutral,0.4153,100,1,42.58,0.375,Gold,0.5742,2024-12-29
CUST04677,Southwest,Standard,2-Year,Auto-Pay,Business Line,Email,Plan Change,24,88.98,2216.35,95.91,0,True,60,1,Agent was unhelpful,Negative,0.2484,100,1,92.35,0.0,Silver,0.53,2024-09-18
CUST04678,Southeast,Standard,1-Year,In-Store,Home Internet,Email,Billing Dispute,17,221.4,3740.07,22.03,11,True,26,4,Great network coverage,Positive,0.724,66.8,1,220.0,0.6111,Silver,0.7705,2022-10-20
CUST04679,Southwest,Standard,2-Year,In-Store,Smartphone,Chat,Contract Issue,35,218.99,6540.18,54.19,1,True,91,3,Got what I needed but took a while,Neutral,0.3665,63.8,0,186.86,0.0278,Silver,0.7843,2022-07-22
CUST04680,Southwest,Basic,2-Year,Mail,Hotspot,In-Store,Device Problem,83,91.12,7367.28,79.9,4,True,-52,1,Problem kept recurring,Negative,0.2476,100,1,88.76,0.0476,Platinum,0.334,2022-11-29
CUST04681,Southeast,Standard,2-Year,Manual-Online,Smartphone,Chat,Speed Issue,74,197.93,14093.3,7.28,9,True,-91,4,Seamless experience overall,Positive,0.6553,86.2,1,190.45,0.12,Platinum,0.5657,2023-03-09
CUST04682,West,Enterprise,2-Year,Auto-Pay,Hotspot,App,Network Outage,72,65.73,4279.27,52.56,5,True,-4,5,Seamless experience overall,Positive,0.6381,30.8,0,59.43,0.0685,Platinum,0.818,2022-06-10
CUST04683,West,Premium,1-Year,In-Store,Smartphone,Phone,Network Outage,5,143.19,661.4,9.03,7,True,-91,1,Terrible wait times,Negative,0.1656,100,1,132.28,1.1667,Bronze,0.2657,2022-08-19
CUST04684,Northeast,Premium,1-Year,Manual-Online,Hotspot,Phone,Speed Issue,74,175.87,11238.61,41.14,12,True,-51,3,Got what I needed but took a while,Neutral,0.413,100,1,151.87,0.16,Platinum,0.5357,2022-02-03
CUST04685,West,Standard,2-Year,Mail,Hotspot,In-Store,Speed Issue,54,56.61,3101.47,68.14,2,True,55,3,Waited longer than expected,Neutral,0.3015,73.0,1,57.43,0.0364,Gold,0.7212,2022-03-28
CUST04686,Northeast,Standard,1-Year,Manual-Online,Hotspot,Chat,Plan Change,64,107.68,6066.9,67.22,14,True,-38,5,Excellent support experience,Positive,0.7778,55.6,0,94.8,0.2154,Platinum,0.7585,2023-12-17
CUST04687,Midwest,Premium,1-Year,Manual-Online,Home Internet,Email,Device Problem,61,243.62,14611.34,66.81,6,True,-82,5,Agent went above and beyond,Positive,0.7811,48.4,0,239.53,0.0968,Platinum,0.6815,2023-02-22
CUST04688,Southeast,Enterprise,Month-to-Month,Mail,Hotspot,In-Store,Contract Issue,68,74.04,4450.46,7.48,9,True,-84,4,Highly satisfied with resolution,Positive,0.9291,84.8,1,65.45,0.1304,Platinum,0.578,2022-05-12
CUST04689,Midwest,Basic,1-Year,Manual-Online,Home Internet,Phone,Network Outage,44,41.73,1602.44,20.47,15,True,-78,5,Very professional support team,Positive,0.9433,65.6,1,36.42,0.3333,Gold,0.6885,2022-09-24
CUST04690,Southeast,Enterprise,Month-to-Month,Manual-Online,Hotspot,Phone,Plan Change,19,73.24,1264.4,88.87,4,True,12,1,Poor network reliability,Negative,0.2857,100,1,66.55,0.2,Silver,0.446,2023-05-04
CUST04691,Northeast,Standard,1-Year,Manual-Online,Smartphone,Chat,No Issue,61,244.47,13346.51,18.53,8,True,-35,3,Nothing exceptional,Neutral,0.3305,100,1,218.8,0.129,Platinum,0.5637,2024-07-06
CUST04692,Midwest,Enterprise,Month-to-Month,In-Store,Hotspot,Email,No Issue,68,32.63,2044.69,89.24,10,True,47,3,Expected better response time,Neutral,0.3158,90.6,1,30.07,0.1449,Platinum,0.7072,2024-11-28
CUST04693,Southeast,Standard,Month-to-Month,Manual-Online,Smartphone,Email,Network Outage,22,143.95,3241.97,93.28,6,True,-62,1,Worst customer service experience,Negative,0.2137,100,1,147.36,0.2609,Silver,0.3165,2024-02-08
CUST04694,Southeast,Enterprise,2-Year,In-Store,Hotspot,In-Store,Billing Dispute,76,143.18,10245.62,53.5,2,True,-43,5,Outstanding customer care,Positive,0.7945,32.6,0,134.81,0.026,Platinum,0.7498,2022-05-06
CUST04695,Midwest,Basic,Month-to-Month,Manual-Online,Home Internet,Email,Plan Change,26,32.02,849.07,7.3,7,True,57,3,Expected better response time,Neutral,0.4145,82.6,1,32.66,0.2593,Silver,0.7248,2023-04-07
CUST04696,Northeast,Premium,2-Year,Mail,Tablet,In-Store,Billing Dispute,29,152.28,4226.79,54.65,4,False,-100,2,Worst customer service experience,Negative,0.2578,100,1,145.75,0.1333,Silver,0.3,2022-02-25
CUST04697,West,Standard,1-Year,Auto-Pay,Home Internet,In-Store,Contract Issue,2,60.05,120.08,105.66,10,True,34,1,Agent was unhelpful,Negative,0.0991,100,1,60.04,3.3333,Bronze,0.4845,2022-08-01
CUST04698,West,Standard,Month-to-Month,Mail,Hotspot,Phone,Network Outage,14,204.5,2979.22,63.81,13,True,88,3,Expected better response time,Neutral,0.5934,88.4,1,212.8,0.8667,Silver,0.779,2023-07-23
CUST04699,Northeast,Basic,Month-to-Month,Auto-Pay,Home Internet,App,Device Problem,7,249.15,1545.57,101.89,13,True,-48,5,Excellent support experience,Positive,0.9742,55.6,0,220.8,1.625,Bronze,0.741,2024-11-28
CUST04700,Midwest,Enterprise,2-Year,Mail,Home Internet,In-Store,Device Problem,10,46.36,474.82,103.31,7,True,67,2,Problem kept recurring,Negative,0.1882,100,1,47.48,0.6364,Bronze,0.6422,2023-01-05
CUST04701,Midwest,Enterprise,Month-to-Month,Auto-Pay,Home Internet,App,Speed Issue,56,235.49,11606.5,39.27,2,False,56,1,Poor network reliability,Negative,0.2367,100,1,207.26,0.0351,Gold,0.473,2022-07-08
CUST04702,Northeast,Basic,Month-to-Month,Mail,Home Internet,In-Store,No Issue,42,238.82,8607.35,65.53,15,True,-44,4,Very professional support team,Positive,0.9104,88.8,1,204.94,0.3488,Gold,0.648,2024-07-11
CUST04703,Southwest,Standard,Month-to-Month,In-Store,Business Line,App,Contract Issue,25,119.29,2816.73,77.39,10,False,33,3,Could be improved,Neutral,0.5101,93.4,1,112.67,0.3846,Silver,0.6327,2023-01-15
CUST04704,Midwest,Enterprise,1-Year,In-Store,Tablet,Phone,Plan Change,60,183.44,9696.48,109.84,8,True,94,3,Expected better response time,Neutral,0.5941,77.2,0,161.61,0.1311,Platinum,0.7895,2022-08-12
CUST04705,Northeast,Enterprise,2-Year,Mail,Tablet,Chat,Billing Dispute,31,137.63,4141.94,34.55,14,True,-92,4,Seamless experience overall,Positive,0.8639,96.4,1,133.61,0.4375,Silver,0.564,2023-02-13
CUST04706,Southwest,Premium,Month-to-Month,Auto-Pay,Business Line,Phone,Device Problem,76,172.28,12891.0,70.13,0,True,-81,1,Agent was unhelpful,Negative,0.2723,100,1,169.62,0.0,Platinum,0.2833,2022-01-29
CUST04707,Northeast,Standard,Month-to-Month,Manual-Online,Hotspot,Email,Device Problem,27,73.82,1761.81,54.06,10,True,25,3,Expected better response time,Neutral,0.3682,95.0,1,65.25,0.3571,Silver,0.6687,2022-11-22
CUST04708,Northeast,Standard,Month-to-Month,Manual-Online,Business Line,Chat,Device Problem,69,87.47,5177.57,7.77,10,True,-17,4,Problem resolved quickly,Positive,0.7464,73.4,0,75.04,0.1429,Platinum,0.6953,2023-04-30
CUST04709,Northeast,Standard,2-Year,In-Store,Business Line,Phone,Contract Issue,6,184.08,953.68,104.15,6,True,-48,3,Acceptable service,Neutral,0.4721,100,1,158.95,0.8571,Bronze,0.541,2023-11-17
CUST04710,Northeast,Standard,1-Year,Manual-Online,Tablet,Email,No Issue,50,104.63,5189.69,34.94,9,False,79,3,Nothing exceptional,Neutral,0.4082,82.2,1,103.79,0.1765,Gold,0.7132,2022-01-15
CUST04711,Southeast,Standard,1-Year,In-Store,Hotspot,Email,Network Outage,16,170.19,2574.92,30.24,14,False,-6,4,Problem resolved quickly,Positive,0.6619,79.2,0,160.93,0.8235,Silver,0.6645,2023-02-21
CUST04712,Southeast,Standard,2-Year,Mail,Smartphone,Email,No Issue,31,67.97,2063.97,15.04,2,True,-70,4,Outstanding customer care,Positive,0.9049,68.0,1,66.58,0.0625,Silver,0.6025,2024-08-28
CUST04713,Southwest,Enterprise,1-Year,Auto-Pay,Business Line,Email,Network Outage,25,199.8,5181.24,30.81,3,False,-22,5,Very happy with service,Positive,0.8454,30.4,0,207.25,0.1154,Silver,0.7365,2024-06-22
CUST04714,Southwest,Standard,1-Year,Mail,Business Line,App,Billing Dispute,62,181.16,9798.02,50.78,4,True,67,4,Outstanding customer care,Positive,0.9979,44.6,0,158.03,0.0635,Platinum,0.8422,2024-08-17
CUST04715,Midwest,Basic,2-Year,Mail,Home Internet,In-Store,Plan Change,40,238.61,8365.75,15.0,2,False,-14,5,Great network coverage,Positive,0.7932,26.8,0,209.14,0.0488,Gold,0.7505,2024-06-29
CUST04716,Northeast,Basic,2-Year,Mail,Home Internet,Email,Contract Issue,63,218.95,12977.43,100.48,2,False,-63,4,Very happy with service,Positive,0.7724,66.6,1,205.99,0.0312,Platinum,0.5648,2024-02-17
CUST04717,Southwest,Premium,1-Year,Auto-Pay,Hotspot,Email,Billing Dispute,32,204.18,5751.3,74.75,13,True,-26,4,Agent went above and beyond,Positive,0.9775,81.2,1,179.73,0.3939,Silver,0.6795,2024-04-11
CUST04718,Southwest,Basic,Month-to-Month,In-Store,Home Internet,Chat,Contract Issue,37,208.56,7048.35,45.17,2,True,87,4,Highly satisfied with resolution,Positive,0.7272,36.6,0,190.5,0.0526,Gold,0.8773,2024-01-24
CUST04719,Southwest,Standard,2-Year,Manual-Online,Smartphone,Email,Device Problem,3,160.31,443.52,51.11,12,True,80,5,Highly satisfied with resolution,Positive,0.9884,28.0,0,147.84,3.0,Bronze,0.965,2024-06-18
CUST04720,Southeast,Standard,Month-to-Month,In-Store,Hotspot,Email,Contract Issue,38,78.45,2779.34,90.93,8,True,22,3,Could be improved,Neutral,0.4736,91.6,1,73.14,0.2051,Gold,0.6635,2024-10-31
CUST04721,West,Enterprise,2-Year,Manual-Online,Business Line,Email,No Issue,75,51.61,3739.84,15.37,11,False,79,4,Agent was very helpful,Positive,0.9567,56.2,0,49.86,0.1447,Platinum,0.8133,2023-09-12
CUST04722,Southwest,Basic,1-Year,Manual-Online,Tablet,Email,Contract Issue,12,206.69,2493.49,51.08,12,True,19,4,Great network coverage,Positive,0.6213,70.2,1,207.79,0.9231,Silver,0.7583,2023-02-25
CUST04723,West,Enterprise,1-Year,Mail,Smartphone,In-Store,Device Problem,23,43.35,974.55,20.81,3,True,54,1,Very disappointed with service,Negative,0.2854,100,1,42.37,0.125,Silver,0.5195,2023-07-25
CUST04724,Midwest,Basic,Month-to-Month,Mail,Tablet,Email,Speed Issue,40,30.01,1211.92,74.46,7,False,-68,2,Poor network reliability,Negative,0.0908,100,1,30.3,0.1707,Gold,0.356,2023-09-14
CUST04725,Southeast,Basic,1-Year,Mail,Business Line,In-Store,Contract Issue,3,100.12,287.64,67.82,6,True,-93,4,Very professional support team,Positive,0.6691,80.6,1,95.88,1.5,Bronze,0.5623,2024-10-26
CUST04726,Midwest,Enterprise,Month-to-Month,In-Store,Hotspot,Email,Device Problem,33,211.63,6138.72,1.16,3,False,-6,5,Seamless experience overall,Positive,0.8811,27.2,0,186.02,0.0882,Silver,0.7645,2022-08-28
CUST04727,Northeast,Basic,2-Year,Auto-Pay,Hotspot,In-Store,Plan Change,39,157.73,6018.53,43.24,11,True,32,5,Great network coverage,Positive,0.652,35.6,0,154.32,0.275,Gold,0.881,2024-02-03
CUST04728,Southwest,Basic,Month-to-Month,Auto-Pay,Tablet,In-Store,Network Outage,42,207.46,8289.87,15.56,2,True,-73,4,Highly satisfied with resolution,Positive,0.6149,68.6,1,197.38,0.0465,Gold,0.5973,2024-04-05
CUST04729,Midwest,Enterprise,Month-to-Month,Auto-Pay,Tablet,Phone,Plan Change,44,49.46,2012.93,68.15,8,True,33,4,Agent went above and beyond,Positive,0.7901,59.4,0,45.75,0.1778,Gold,0.7828,2022-08-28
CUST04730,Southwest,Basic,Month-to-Month,Manual-Online,Tablet,In-Store,Plan Change,20,151.48,2998.84,64.11,1,False,-94,4,Outstanding customer care,Positive,0.7965,70.8,1,149.94,0.0476,Silver,0.5105,2022-04-21
CUST04731,Midwest,Standard,2-Year,Auto-Pay,Home Internet,In-Store,Speed Issue,83,37.43,2880.54,99.47,4,False,17,4,Very professional support team,Positive,0.9166,54.6,0,34.71,0.0476,Platinum,0.7047,2023-05-31
CUST04732,Southeast,Basic,Month-to-Month,Manual-Online,Hotspot,Chat,Plan Change,70,248.61,17777.32,97.39,0,True,-38,4,Agent went above and beyond,Positive,0.8121,57.6,0,253.96,0.0,Platinum,0.6585,2023-10-26
CUST04733,West,Basic,1-Year,Auto-Pay,Smartphone,App,Speed Issue,30,101.81,2749.07,28.18,12,True,-55,1,Worst customer service experience,Negative,0.0728,100,1,91.64,0.3871,Silver,0.3287,2023-09-19
CUST04734,West,Basic,Month-to-Month,Mail,Hotspot,App,Plan Change,51,35.3,1723.64,111.6,7,True,-58,3,Could be improved,Neutral,0.5139,100,1,33.8,0.1346,Gold,0.5235,2022-11-10
CUST04735,West,Standard,2-Year,In-Store,Business Line,Phone,Device Problem,43,49.22,1821.09,85.07,9,True,68,2,Terrible wait times,Negative,0.0246,100,1,42.35,0.2045,Gold,0.644,2023-12-19
CUST04736,West,Standard,Month-to-Month,Auto-Pay,Business Line,In-Store,Speed Issue,53,203.84,9968.45,34.17,7,True,38,2,Issue still not resolved,Negative,0.0243,100,1,188.08,0.1296,Gold,0.5915,2023-09-26
CUST04737,Midwest,Basic,1-Year,In-Store,Hotspot,Phone,Network Outage,39,184.99,7376.07,71.75,10,False,50,2,Very disappointed with service,Negative,0.0308,100,1,189.13,0.25,Gold,0.5625,2024-11-24
CUST04738,Midwest,Enterprise,1-Year,Mail,Business Line,Email,Plan Change,2,184.39,367.74,43.69,4,True,39,2,Problem kept recurring,Negative,0.0879,100,1,183.87,1.3333,Bronze,0.5932,2023-01-24
CUST04739,Southeast,Standard,1-Year,Manual-Online,Business Line,App,Contract Issue,22,98.92,2121.33,77.73,2,True,94,3,Service was okay,Neutral,0.4129,65.2,1,96.42,0.087,Silver,0.7895,2023-07-13
CUST04740,Northeast,Basic,2-Year,Auto-Pay,Home Internet,In-Store,Plan Change,37,132.69,5091.13,12.38,2,True,-92,1,Issue still not resolved,Negative,0.2554,100,1,137.6,0.0526,Gold,0.264,2022-10-27
CUST04741,Southwest,Standard,2-Year,Auto-Pay,Hotspot,Email,Contract Issue,51,91.76,4796.34,85.22,0,True,48,4,Very happy with service,Positive,0.896,40.4,0,94.05,0.0,Gold,0.809,2024-09-07
CUST04742,Northeast,Premium,2-Year,Manual-Online,Tablet,Chat,Billing Dispute,43,120.79,5096.6,12.95,15,True,-58,3,Could be improved,Neutral,0.5014,100,1,118.53,0.3409,Gold,0.5235,2024-06-21
CUST04743,Southwest,Standard,1-Year,In-Store,Hotspot,In-Store,Network Outage,48,51.65,2172.47,114.79,4,True,40,4,Highly satisfied with resolution,Positive,0.8801,50.0,0,45.26,0.0816,Gold,0.795,2023-10-19
CUST04744,Northeast,Basic,1-Year,Auto-Pay,Smartphone,App,Speed Issue,28,30.82,841.97,65.57,14,True,2,2,Billing overcharge not fixed,Negative,0.0361,100,1,30.07,0.4828,Silver,0.5285,2022-08-08
CUST04745,Southeast,Enterprise,Month-to-Month,Manual-Online,Hotspot,Chat,Network Outage,55,234.03,11008.05,115.07,15,True,17,1,Issue still not resolved,Negative,0.1473,100,1,200.15,0.2679,Gold,0.4547,2022-04-03
CUST04746,Southeast,Premium,Month-to-Month,Manual-Online,Home Internet,Phone,No Issue,42,199.25,8031.98,65.7,11,True,-60,5,Very professional support team,Positive,0.6377,54.0,0,191.24,0.2558,Gold,0.72,2022-04-27
CUST04747,West,Standard,2-Year,Auto-Pay,Home Internet,App,Device Problem,62,227.07,13463.61,17.9,7,False,41,2,Very disappointed with service,Negative,0.1643,100,1,217.16,0.1111,Platinum,0.5468,2023-08-30
CUST04748,Northeast,Basic,Month-to-Month,Mail,Smartphone,Email,Device Problem,52,93.12,4127.67,103.43,2,False,-88,4,Agent was very helpful,Positive,0.7639,71.6,0,79.38,0.0377,Gold,0.521,2023-01-19
CUST04749,Midwest,Premium,Month-to-Month,Manual-Online,Home Internet,Email,No Issue,73,235.43,15798.16,61.24,13,True,23,2,Billing overcharge not fixed,Negative,0.1448,100,1,216.41,0.1757,Platinum,0.5653,2024-06-27
CUST04750,Southeast,Premium,1-Year,Manual-Online,Hotspot,App,Plan Change,75,138.27,9887.98,51.8,13,True,-85,3,Nothing exceptional,Neutral,0.3094,100,1,131.84,0.1711,Platinum,0.4763,2024-09-17
CUST04751,Southeast,Standard,Month-to-Month,Mail,Smartphone,App,Network Outage,44,240.29,9388.98,26.11,2,False,-65,4,Very happy with service,Positive,0.6552,67.0,1,213.39,0.0444,Gold,0.5613,2024-10-11
CUST04752,Midwest,Standard,2-Year,Manual-Online,Tablet,Chat,No Issue,25,47.42,1167.73,70.5,14,True,-65,2,Terrible wait times,Negative,0.2146,100,1,46.71,0.5385,Silver,0.4113,2023-01-30
CUST04753,Southeast,Premium,Month-to-Month,Mail,Hotspot,App,Device Problem,38,212.75,7748.14,75.86,15,True,89,5,Outstanding customer care,Positive,0.7821,32.2,0,203.9,0.3846,Gold,0.9808,2022-08-01
CUST04754,Midwest,Standard,2-Year,In-Store,Smartphone,In-Store,Billing Dispute,84,234.26,17389.59,92.79,10,True,47,3,Average experience,Neutral,0.4911,90.6,1,207.02,0.1176,Platinum,0.7072,2022-05-09
CUST04755,Southeast,Standard,2-Year,Manual-Online,Home Internet,Chat,Speed Issue,28,93.73,2397.5,108.67,12,False,-81,1,Will consider switching providers,Negative,0.1118,100,1,85.62,0.4138,Silver,0.2333,2024-09-10
CUST04756,Southeast,Basic,Month-to-Month,Manual-Online,Hotspot,Chat,Device Problem,2,96.73,194.29,20.88,1,False,-92,5,Highly satisfied with resolution,Positive,0.9403,40.4,0,97.14,0.3333,Bronze,0.614,2022-06-06
CUST04757,Midwest,Standard,1-Year,In-Store,Hotspot,Phone,Device Problem,31,110.64,2952.48,100.7,15,True,-79,2,Poor network reliability,Negative,0.2975,100,1,95.24,0.4688,Silver,0.3868,2023-04-09
CUST04758,Southwest,Premium,2-Year,In-Store,Home Internet,Chat,Speed Issue,75,123.38,8626.68,68.63,2,True,50,5,Agent was very helpful,Positive,0.7366,14.0,0,115.02,0.0263,Platinum,0.9125,2023-06-20
CUST04759,West,Basic,1-Year,Auto-Pay,Home Internet,Chat,Network Outage,24,138.25,2895.31,34.0,15,True,-79,5,Problem resolved quickly,Positive,0.9854,65.8,1,120.64,0.6,Silver,0.6867,2022-01-31
CUST04760,West,Basic,1-Year,Mail,Smartphone,Phone,Billing Dispute,24,55.16,1159.34,70.13,14,True,6,4,Problem resolved quickly,Positive,0.7291,76.8,1,48.31,0.56,Silver,0.7355,2024-02-17
CUST04761,Northeast,Standard,2-Year,Manual-Online,Hotspot,In-Store,Contract Issue,15,47.15,620.44,25.34,6,True,48,1,Terrible wait times,Negative,0.2915,100,1,41.36,0.375,Silver,0.509,2022-10-17
CUST04762,Southeast,Standard,Month-to-Month,Auto-Pay,Business Line,Email,Device Problem,29,96.59,2678.35,66.86,11,True,48,4,Excellent support experience,Positive,0.9571,62.4,0,92.36,0.3667,Silver,0.809,2022-06-15
CUST04763,Midwest,Basic,2-Year,Manual-Online,Smartphone,Phone,No Issue,4,74.29,289.88,66.99,5,False,-45,4,Problem resolved quickly,Positive,0.8624,69.0,1,72.47,1.0,Bronze,0.5963,2024-02-21
CUST04764,Midwest,Enterprise,1-Year,In-Store,Home Internet,App,Device Problem,46,199.76,8141.36,71.49,10,True,-59,4,Highly satisfied with resolution,Positive,0.603,81.8,1,176.99,0.2128,Gold,0.6218,2023-09-13
CUST04765,Midwest,Enterprise,1-Year,Mail,Home Internet,Chat,Billing Dispute,54,200.26,10642.22,101.58,11,True,57,1,Terrible wait times,Negative,0.157,100,1,197.08,0.2,Gold,0.5248,2023-09-02
CUST04766,Southwest,Basic,1-Year,In-Store,Smartphone,In-Store,Plan Change,49,33.99,1476.09,101.28,7,True,54,5,Great network coverage,Positive,0.9796,23.2,0,30.12,0.14,Gold,0.9195,2023-11-24
CUST04767,Northeast,Standard,Month-to-Month,Manual-Online,Business Line,App,Network Outage,34,89.26,3010.11,88.9,1,True,53,1,Billing overcharge not fixed,Negative,0.0469,100,1,88.53,0.0286,Silver,0.5177,2022-06-17
CUST04768,Southwest,Premium,Month-to-Month,Manual-Online,Tablet,Chat,Device Problem,36,224.5,7681.01,35.27,11,True,-32,1,Problem kept recurring,Negative,0.1948,100,1,213.36,0.2973,Gold,0.369,2022-04-07
CUST04769,Southeast,Premium,1-Year,Manual-Online,Hotspot,App,Device Problem,81,65.87,5398.72,36.96,12,False,13,3,Decent support,Neutral,0.4816,100,1,66.65,0.1463,Platinum,0.5978,2023-05-27
CUST04770,Southeast,Premium,Month-to-Month,Mail,Hotspot,App,Plan Change,66,136.31,7977.98,78.2,0,True,79,5,Very professional support team,Positive,0.7859,4.2,0,120.88,0.0,Platinum,0.9632,2022-11-18
CUST04771,Southeast,Premium,2-Year,Mail,Business Line,App,Billing Dispute,52,125.6,6018.09,18.51,11,True,-92,2,No accountability at all,Negative,0.2558,100,1,115.73,0.2075,Gold,0.364,2024-07-09
CUST04772,Southeast,Basic,1-Year,Auto-Pay,Smartphone,Chat,Plan Change,48,76.49,3376.33,77.9,15,True,27,2,Poor network reliability,Negative,0.124,100,1,70.34,0.3061,Gold,0.5722,2024-10-04
CUST04773,West,Basic,2-Year,Manual-Online,Business Line,App,Speed Issue,35,54.07,1656.66,28.46,7,False,-96,2,Worst customer service experience,Negative,0.1807,100,1,47.33,0.1944,Silver,0.307,2024-11-13
CUST04774,West,Enterprise,1-Year,Mail,Business Line,In-Store,Network Outage,48,160.6,6969.49,97.0,13,True,-31,2,Terrible wait times,Negative,0.2784,100,1,145.2,0.2653,Gold,0.4708,2023-12-20
CUST04775,West,Premium,1-Year,Manual-Online,Smartphone,In-Store,Device Problem,44,63.88,2516.45,86.04,12,True,-9,2,No accountability at all,Negative,0.0139,100,1,57.19,0.2667,Gold,0.5092,2022-04-17
CUST04776,Northeast,Enterprise,2-Year,Mail,Business Line,In-Store,Device Problem,55,168.46,9189.94,15.83,13,True,-96,4,Highly satisfied with resolution,Positive,0.8293,95.2,1,167.09,0.2321,Gold,0.557,2023-12-01
CUST04777,West,Enterprise,1-Year,Mail,Home Internet,App,Billing Dispute,5,205.16,1025.88,112.85,0,True,14,2,Issue still not resolved,Negative,0.0717,100,1,205.18,0.0,Bronze,0.5495,2022-10-10
CUST04778,West,Premium,Month-to-Month,Manual-Online,Hotspot,Email,Plan Change,44,133.22,5660.6,105.51,4,True,-33,1,Issue still not resolved,Negative,0.0362,100,1,128.65,0.0889,Gold,0.3672,2022-05-04
CUST04779,West,Premium,Month-to-Month,Mail,Business Line,In-Store,Device Problem,74,92.66,6983.98,79.52,14,True,52,2,Very disappointed with service,Negative,0.2616,100,1,94.38,0.1867,Platinum,0.616,2022-03-21
CUST04780,Southeast,Basic,2-Year,Manual-Online,Home Internet,Phone,Device Problem,75,196.25,14479.51,108.41,3,True,76,4,Seamless experience overall,Positive,0.8853,40.8,0,193.06,0.0395,Platinum,0.858,2024-08-06
CUST04781,Northeast,Basic,2-Year,Mail,Home Internet,App,No Issue,36,128.56,4162.98,66.58,1,True,42,2,Problem kept recurring,Negative,0.2882,100,1,115.64,0.027,Gold,0.5985,2022-07-30
CUST04782,West,Premium,2-Year,Manual-Online,Home Internet,App,Device Problem,74,30.03,1975.87,76.43,9,True,-76,2,Problem kept recurring,Negative,0.2418,100,1,26.7,0.12,Platinum,0.392,2022-07-28
CUST04783,West,Enterprise,Month-to-Month,Mail,Smartphone,Phone,Device Problem,5,52.52,258.85,102.94,3,True,-95,4,Highly satisfied with resolution,Positive,0.7391,75.0,0,51.77,0.5,Bronze,0.5588,2022-12-14
CUST04784,West,Premium,1-Year,Auto-Pay,Tablet,In-Store,Contract Issue,9,30.57,282.92,84.66,6,True,94,5,Great network coverage,Positive,0.7784,13.2,0,31.44,0.6,Bronze,0.9895,2024-08-09
CUST04785,Southwest,Premium,Month-to-Month,In-Store,Home Internet,In-Store,Plan Change,57,180.01,10126.31,3.61,13,True,19,4,Very professional support team,Positive,0.8296,72.2,0,177.65,0.2241,Gold,0.7583,2024-07-10
CUST04786,Southeast,Standard,Month-to-Month,In-Store,Home Internet,Chat,Contract Issue,60,142.54,7436.41,59.47,2,True,73,2,Problem kept recurring,Negative,0.1603,99.4,1,123.94,0.0328,Platinum,0.6527,2023-06-14
CUST04787,Northeast,Basic,2-Year,In-Store,Home Internet,Email,Device Problem,10,130.69,1260.3,63.68,12,True,36,4,Agent went above and beyond,Positive,0.9018,66.8,1,126.03,1.0909,Bronze,0.788,2022-11-27
CUST04788,Midwest,Enterprise,2-Year,Mail,Smartphone,In-Store,Plan Change,45,198.39,7707.25,112.96,2,True,24,4,Problem resolved quickly,Positive,0.6318,49.2,0,171.27,0.0435,Gold,0.767,2022-09-19
CUST04789,Southwest,Basic,1-Year,Auto-Pay,Hotspot,Phone,Device Problem,82,50.77,4319.77,71.64,3,True,77,1,Agent was unhelpful,Negative,0.1812,100,1,52.68,0.0361,Platinum,0.5597,2023-08-11
CUST04790,Midwest,Basic,2-Year,Manual-Online,Business Line,Email,Contract Issue,67,154.0,8923.56,91.5,2,False,59,1,Terrible wait times,Negative,0.1822,100,1,133.19,0.0294,Platinum,0.4783,2024-11-11
CUST04791,West,Standard,1-Year,Manual-Online,Hotspot,Phone,Billing Dispute,81,120.07,9945.79,8.78,15,True,-68,2,No accountability at all,Negative,0.1835,100,1,122.79,0.1829,Platinum,0.406,2023-03-15
CUST04792,Southwest,Enterprise,2-Year,Mail,Business Line,App,Device Problem,66,165.74,10381.49,22.07,8,True,26,2,Agent was unhelpful,Negative,0.1303,100,1,157.3,0.1194,Platinum,0.5705,2024-08-13
CUST04793,Midwest,Standard,Month-to-Month,In-Store,Home Internet,Phone,Device Problem,13,33.48,425.18,112.12,14,True,-49,3,Issue eventually resolved,Neutral,0.5345,100,1,32.71,1.0,Silver,0.5393,2022-01-19
CUST04794,Southwest,Premium,Month-to-Month,In-Store,Home Internet,Chat,Plan Change,48,215.37,9511.74,25.99,14,False,97,2,Issue still not resolved,Negative,0.1541,100,1,198.16,0.2857,Gold,0.6447,2022-08-06
CUST04795,West,Standard,1-Year,In-Store,Home Internet,App,Speed Issue,66,80.71,5132.1,84.81,15,True,-70,2,Issue still not resolved,Negative,0.243,100,1,77.76,0.2239,Platinum,0.4025,2022-09-24
CUST04796,Southeast,Premium,1-Year,Manual-Online,Business Line,In-Store,No Issue,66,213.42,12609.64,93.8,2,True,-29,4,Excellent support experience,Positive,0.9695,59.8,0,191.06,0.0299,Platinum,0.6743,2022-07-08
CUST04797,Northeast,Standard,2-Year,Manual-Online,Tablet,Phone,Billing Dispute,11,64.51,740.74,108.63,14,True,-35,3,Got what I needed but took a while,Neutral,0.5001,100,1,67.34,1.1667,Bronze,0.5637,2024-04-25
CUST04798,West,Standard,2-Year,In-Store,Tablet,App,Network Outage,26,137.43,3324.71,54.42,7,True,-43,1,Worst customer service experience,Negative,0.1263,100,1,127.87,0.2593,Silver,0.3498,2022-07-30
CUST04799,Southeast,Standard,2-Year,Mail,Business Line,In-Store,Plan Change,73,85.1,6486.21,27.67,6,False,90,3,Nothing exceptional,Neutral,0.4986,74.0,1,88.85,0.0811,Platinum,0.7325,2022-11-06
CUST04800,West,Standard,2-Year,In-Store,Hotspot,App,No Issue,84,51.71,4037.49,34.04,15,True,-94,5,Agent was very helpful,Positive,0.8913,68.8,1,48.07,0.1765,Platinum,0.6605,2024-06-06
CUST04801,Southwest,Standard,2-Year,Manual-Online,Hotspot,Email,Plan Change,8,159.21,1202.22,13.81,10,True,-4,2,Terrible wait times,Negative,0.0443,100,1,150.28,1.1111,Bronze,0.518,2024-11-09
CUST04802,Southwest,Premium,2-Year,Manual-Online,Smartphone,Phone,Contract Issue,37,43.07,1620.57,60.63,8,True,70,3,Service was okay,Neutral,0.479,82.0,1,43.8,0.2105,Gold,0.7475,2024-08-11
CUST04803,Southeast,Basic,Month-to-Month,Manual-Online,Smartphone,Phone,Contract Issue,43,249.34,10001.43,117.54,0,False,-39,3,Expected better response time,Neutral,0.4247,87.8,1,232.59,0.0,Gold,0.5068,2023-11-29
CUST04804,Southwest,Premium,1-Year,In-Store,Home Internet,Chat,Billing Dispute,60,66.51,3798.79,43.03,14,True,85,3,Could be improved,Neutral,0.3637,91.0,1,63.31,0.2295,Platinum,0.7737,2024-06-01
CUST04805,Midwest,Basic,1-Year,Manual-Online,Business Line,In-Store,Speed Issue,1,55.45,57.0,10.6,2,True,49,1,Poor network reliability,Negative,0.2184,100,1,57.0,1.0,Bronze,0.5108,2022-06-19
CUST04806,Northeast,Enterprise,2-Year,Mail,Tablet,In-Store,Device Problem,78,30.25,2068.67,40.83,0,True,-53,5,Agent was very helpful,Positive,0.6416,30.6,0,26.52,0.0,Platinum,0.7323,2023-12-29
CUST04807,Southeast,Premium,1-Year,Manual-Online,Smartphone,Phone,No Issue,76,236.83,15565.39,26.77,4,True,-38,5,Great network coverage,Positive,0.6545,35.6,0,204.81,0.0519,Platinum,0.7585,2023-11-22
CUST04808,Midwest,Enterprise,2-Year,Mail,Home Internet,App,Device Problem,26,190.46,4367.06,28.42,11,False,-100,1,Very disappointed with service,Negative,0.084,100,1,167.96,0.4074,Silver,0.2,2024-03-17
CUST04809,Southwest,Standard,1-Year,Manual-Online,Hotspot,Chat,Contract Issue,44,42.05,1727.71,19.89,6,True,-19,4,Excellent support experience,Positive,0.832,65.8,0,39.27,0.1333,Gold,0.6918,2024-05-08
CUST04810,Midwest,Basic,2-Year,Manual-Online,Business Line,App,Contract Issue,7,118.84,822.8,112.15,3,True,-66,4,Very happy with service,Positive,0.6377,69.2,1,117.54,0.375,Bronze,0.6095,2022-11-08
CUST04811,West,Premium,Month-to-Month,Auto-Pay,Tablet,App,No Issue,55,170.83,8864.59,112.46,8,True,-32,5,Highly satisfied with resolution,Positive,0.7202,42.4,0,161.17,0.1429,Gold,0.769,2024-10-04
CUST04812,West,Enterprise,Month-to-Month,Manual-Online,Tablet,Email,Device Problem,70,199.22,12274.76,15.11,7,True,-12,5,Great network coverage,Positive,0.9108,36.4,0,175.35,0.0986,Platinum,0.804,2024-10-19
CUST04813,West,Basic,2-Year,Manual-Online,Business Line,Phone,No Issue,62,30.16,1838.06,93.38,7,False,1,1,Issue still not resolved,Negative,0.0345,100,1,29.65,0.1111,Platinum,0.3768,2022-10-08
CUST04814,Southeast,Enterprise,2-Year,Manual-Online,Business Line,Chat,Speed Issue,67,40.46,2393.23,115.72,6,True,91,5,Seamless experience overall,Positive,0.7055,13.8,0,35.72,0.0882,Platinum,0.9843,2023-09-01
CUST04815,Midwest,Basic,2-Year,Manual-Online,Hotspot,Chat,Speed Issue,32,146.97,4173.38,113.42,7,True,-11,1,No accountability at all,Negative,0.1965,100,1,130.42,0.2121,Silver,0.4057,2022-12-17
CUST04816,West,Basic,Month-to-Month,In-Store,Hotspot,Phone,Plan Change,48,153.96,6540.09,35.42,13,True,81,2,Issue still not resolved,Negative,0.0225,100,1,136.25,0.2653,Gold,0.6667,2023-06-04
CUST04817,West,Basic,Month-to-Month,Auto-Pay,Home Internet,Phone,Contract Issue,31,227.2,6524.83,97.77,2,True,74,1,Very disappointed with service,Negative,0.1374,100,1,210.48,0.0625,Silver,0.5545,2024-06-08
CUST04818,Southeast,Standard,1-Year,In-Store,Hotspot,In-Store,Device Problem,15,67.61,994.22,76.48,2,False,27,3,Expected better response time,Neutral,0.5986,78.6,1,66.28,0.125,Silver,0.6222,2022-11-10
CUST04819,Northeast,Standard,Month-to-Month,Mail,Home Internet,Phone,Network Outage,56,129.41,6498.64,45.27,9,True,-61,5,Agent went above and beyond,Positive,0.7189,50.2,0,116.05,0.1579,Gold,0.7183,2024-04-23
CUST04820,Midwest,Basic,Month-to-Month,Mail,Home Internet,Phone,Billing Dispute,44,159.8,6687.82,27.15,5,True,-41,2,Problem kept recurring,Negative,0.1487,100,1,152.0,0.1111,Gold,0.4532,2023-04-19
CUST04821,West,Premium,2-Year,Manual-Online,Tablet,Email,Contract Issue,34,116.83,3445.36,77.48,10,True,21,5,Highly satisfied with resolution,Positive,0.822,35.8,0,101.33,0.2857,Silver,0.8618,2022-04-07
CUST04822,West,Enterprise,2-Year,Mail,Home Internet,Chat,Plan Change,50,173.31,8326.68,43.12,0,False,-6,4,Agent went above and beyond,Positive,0.6839,51.2,0,166.53,0.0,Gold,0.6645,2024-03-13
CUST04823,Southeast,Standard,Month-to-Month,In-Store,Smartphone,Chat,Contract Issue,10,249.29,2403.7,42.4,0,True,55,3,Got what I needed but took a while,Neutral,0.3159,69.0,1,240.37,0.0,Bronze,0.7212,2023-10-10
CUST04824,West,Standard,Month-to-Month,Auto-Pay,Tablet,Email,No Issue,42,111.78,4885.95,11.28,9,False,-51,2,Terrible wait times,Negative,0.0351,100,1,116.33,0.2093,Gold,0.3858,2023-07-26
CUST04825,West,Enterprise,1-Year,Mail,Smartphone,Phone,Network Outage,60,110.03,6799.76,105.39,3,True,-36,2,Worst customer service experience,Negative,0.0379,100,1,113.33,0.0492,Platinum,0.462,2023-09-15
CUST04826,Northeast,Enterprise,2-Year,Mail,Hotspot,App,Device Problem,36,146.67,5127.3,43.54,7,False,-89,3,Expected better response time,Neutral,0.5408,100,1,142.43,0.1892,Gold,0.4193,2022-08-18
CUST04827,Southwest,Standard,Month-to-Month,Auto-Pay,Business Line,Chat,Speed Issue,67,228.37,13102.98,51.38,14,False,-37,3,Decent support,Neutral,0.307,100,1,195.57,0.2059,Platinum,0.5103,2022-03-18
CUST04828,Southwest,Standard,1-Year,Mail,Business Line,Phone,Contract Issue,19,66.15,1291.14,64.34,6,True,60,5,Very professional support team,Positive,0.6333,20.0,0,67.95,0.3,Silver,0.93,2022-12-25
CUST04829,Southeast,Standard,2-Year,Auto-Pay,Business Line,Email,No Issue,45,217.86,8650.99,60.09,14,False,-92,3,Service was okay,Neutral,0.5745,100,1,192.24,0.3043,Gold,0.414,2023-03-07
CUST04830,West,Basic,2-Year,Auto-Pay,Business Line,In-Store,Network Outage,40,227.19,8583.92,49.56,10,True,-14,2,Will consider switching providers,Negative,0.1952,100,1,214.6,0.2439,Gold,0.5005,2023-12-30
CUST04831,West,Premium,1-Year,In-Store,Smartphone,Chat,Billing Dispute,81,178.47,13934.54,30.92,11,True,-36,3,Got what I needed but took a while,Neutral,0.3408,100,1,172.03,0.1341,Platinum,0.562,2022-12-25
CUST04832,Northeast,Enterprise,2-Year,Auto-Pay,Hotspot,Chat,Billing Dispute,67,172.35,10409.55,86.32,15,True,4,1,Poor network reliability,Negative,0.18,100,1,155.37,0.2206,Platinum,0.432,2024-08-24
CUST04833,Southeast,Enterprise,Month-to-Month,Auto-Pay,Tablet,App,Speed Issue,46,226.48,10275.82,52.71,15,True,10,1,Billing overcharge not fixed,Negative,0.0925,100,1,223.39,0.3191,Gold,0.4425,2023-03-09
CUST04834,Southwest,Premium,Month-to-Month,Mail,Hotspot,In-Store,Network Outage,28,41.08,1118.9,8.97,4,False,50,3,Got what I needed but took a while,Neutral,0.4045,78.0,0,39.96,0.1379,Silver,0.6625,2024-01-12
CUST04835,Northeast,Enterprise,2-Year,Manual-Online,Home Internet,Phone,Network Outage,37,59.48,1973.07,61.33,6,True,-15,4,Highly satisfied with resolution,Positive,0.8213,65.0,0,53.33,0.1579,Gold,0.6987,2024-06-03
CUST04836,West,Standard,1-Year,Mail,Business Line,Phone,Plan Change,61,90.15,5725.95,77.87,10,True,-50,4,Highly satisfied with resolution,Positive,0.8272,80.0,1,93.87,0.1613,Platinum,0.6375,2022-08-28
CUST04837,Southwest,Basic,1-Year,Auto-Pay,Business Line,Email,Plan Change,82,159.77,11857.23,51.69,12,True,23,2,Poor network reliability,Negative,0.0786,100,1,144.6,0.1446,Platinum,0.5653,2024-04-12
CUST04838,Southeast,Premium,2-Year,Manual-Online,Tablet,Chat,No Issue,53,218.95,11203.0,111.45,7,False,-8,2,Issue still not resolved,Negative,0.0799,100,1,211.38,0.1296,Gold,0.461,2022-12-18
CUST04839,West,Premium,Month-to-Month,Mail,Home Internet,App,Plan Change,20,94.01,1827.76,82.41,8,True,-57,2,Billing overcharge not fixed,Negative,0.2942,100,1,91.39,0.381,Silver,0.4253,2022-02-12
CUST04840,Southeast,Premium,2-Year,Manual-Online,Smartphone,App,No Issue,24,118.03,2582.67,100.19,5,True,-78,4,Outstanding customer care,Positive,0.8477,75.6,0,107.61,0.2,Silver,0.5885,2024-01-04
CUST04841,Southwest,Enterprise,1-Year,Manual-Online,Business Line,Phone,Contract Issue,13,53.56,607.11,47.56,14,True,90,1,Very disappointed with service,Negative,0.0412,100,1,46.7,1.0,Silver,0.5825,2023-01-14
CUST04842,West,Basic,2-Year,Manual-Online,Tablet,App,Billing Dispute,75,202.26,13694.5,90.04,11,True,24,3,Decent support,Neutral,0.4211,97.2,1,182.59,0.1447,Platinum,0.667,2022-05-27
CUST04843,Southeast,Standard,1-Year,Mail,Smartphone,Email,Billing Dispute,10,118.08,1052.05,106.64,13,True,-13,1,Worst customer service experience,Negative,0.0241,100,1,105.2,1.1818,Bronze,0.4022,2023-09-22
CUST04844,West,Basic,Month-to-Month,Mail,Home Internet,In-Store,Contract Issue,74,113.31,7480.59,10.61,0,True,76,5,Seamless experience overall,Positive,0.9479,4.8,0,101.09,0.0,Platinum,0.958,2023-01-27
CUST04845,Southwest,Premium,Month-to-Month,Mail,Tablet,In-Store,Device Problem,39,51.08,1711.52,33.15,11,True,-34,4,Outstanding customer care,Positive,0.6549,78.8,0,43.89,0.275,Gold,0.6655,2023-06-27
CUST04846,Southeast,Standard,1-Year,Manual-Online,Business Line,Chat,No Issue,2,233.13,407.76,79.46,13,True,98,5,Excellent support experience,Positive,0.8512,26.4,0,203.88,4.3333,Bronze,0.9965,2022-04-26
CUST04847,West,Basic,2-Year,Manual-Online,Hotspot,Email,Speed Issue,78,245.09,19575.47,84.98,8,False,-72,1,Will consider switching providers,Negative,0.212,100,1,250.97,0.1013,Platinum,0.249,2022-11-17
CUST04848,Southeast,Premium,2-Year,In-Store,Hotspot,Chat,Billing Dispute,59,66.36,3884.55,78.91,11,False,-99,2,No accountability at all,Negative,0.1809,100,1,65.84,0.1833,Gold,0.3018,2022-10-25
CUST04849,Northeast,Premium,1-Year,Mail,Tablet,Phone,Plan Change,80,175.62,13544.67,70.93,8,True,42,1,Issue still not resolved,Negative,0.1937,100,1,169.31,0.0988,Platinum,0.4985,2022-03-31
CUST04850,Southwest,Premium,1-Year,Auto-Pay,Home Internet,Email,Plan Change,23,121.94,2889.88,68.75,6,False,63,5,Great network coverage,Positive,0.9207,19.4,0,125.65,0.25,Silver,0.8852,2024-12-05
CUST04851,Midwest,Standard,2-Year,Auto-Pay,Business Line,App,Plan Change,51,114.35,6001.39,18.85,14,True,32,3,Acceptable service,Neutral,0.5114,100,1,117.67,0.2692,Gold,0.681,2023-09-29
CUST04852,West,Standard,1-Year,Auto-Pay,Business Line,Chat,Speed Issue,82,135.07,9583.41,25.51,5,True,56,5,Excellent support experience,Positive,0.6296,18.8,0,116.87,0.0602,Platinum,0.923,2024-03-05
CUST04853,Southeast,Premium,2-Year,Manual-Online,Business Line,Chat,Contract Issue,13,50.44,623.67,85.69,6,False,-15,1,Very disappointed with service,Negative,0.1163,100,1,47.97,0.4286,Silver,0.3488,2024-02-16
CUST04854,West,Premium,2-Year,In-Store,Home Internet,Email,Billing Dispute,71,234.78,16522.04,16.77,2,True,57,1,Worst customer service experience,Negative,0.2676,100,1,232.7,0.0278,Platinum,0.5248,2023-05-11
CUST04855,Southeast,Standard,1-Year,Auto-Pay,Home Internet,Chat,No Issue,17,237.82,3604.04,57.73,15,True,-10,1,Billing overcharge not fixed,Negative,0.2702,100,1,212.0,0.8333,Silver,0.4075,2023-12-25
CUST04856,Southeast,Standard,Month-to-Month,In-Store,Business Line,App,Contract Issue,50,242.27,12524.16,78.37,5,True,-98,3,Nothing exceptional,Neutral,0.5986,100,1,250.48,0.098,Gold,0.4535,2022-12-12
CUST04857,West,Enterprise,1-Year,Auto-Pay,Tablet,Chat,Contract Issue,76,176.14,13185.21,114.84,4,False,-58,5,Excellent support experience,Positive,0.8849,39.6,0,173.49,0.0519,Platinum,0.6735,2023-09-05
CUST04858,Northeast,Standard,2-Year,Manual-Online,Home Internet,App,Billing Dispute,70,56.6,4004.48,90.22,7,True,-16,1,Worst customer service experience,Negative,0.2789,100,1,57.21,0.0986,Platinum,0.397,2024-05-20
CUST04859,Midwest,Premium,Month-to-Month,Mail,Business Line,Chat,Network Outage,60,239.1,12270.18,56.92,3,True,99,2,Problem kept recurring,Negative,0.1953,96.2,1,204.5,0.0492,Platinum,0.6983,2022-12-08
CUST04860,Southeast,Premium,1-Year,Mail,Tablet,Email,Device Problem,72,76.67,5507.01,91.43,12,True,-28,3,Got what I needed but took a while,Neutral,0.3978,100,1,76.49,0.1644,Platinum,0.576,2022-11-16
CUST04861,Northeast,Basic,Month-to-Month,Manual-Online,Tablet,Chat,Speed Issue,63,199.41,12527.44,116.99,3,True,-90,2,Problem kept recurring,Negative,0.0335,100,1,198.85,0.0469,Platinum,0.3675,2024-09-11
CUST04862,West,Enterprise,Month-to-Month,Auto-Pay,Smartphone,Chat,Device Problem,33,173.17,4905.98,17.88,4,True,72,5,Agent was very helpful,Positive,0.778,13.6,0,148.67,0.1176,Silver,0.951,2024-03-12
CUST04863,Midwest,Enterprise,1-Year,In-Store,Tablet,App,Network Outage,82,194.78,14147.13,52.29,7,True,61,1,Poor network reliability,Negative,0.1703,100,1,172.53,0.0843,Platinum,0.5317,2022-01-01
CUST04864,Southwest,Premium,2-Year,In-Store,Smartphone,Chat,Billing Dispute,52,36.37,1802.71,62.76,4,True,11,3,Average experience,Neutral,0.3058,85.8,1,34.67,0.0755,Gold,0.6442,2022-10-18
CUST04865,West,Basic,2-Year,Manual-Online,Tablet,Email,Network Outage,40,96.97,3985.64,94.44,6,True,27,2,Poor network reliability,Negative,0.2863,100,1,99.64,0.1463,Gold,0.5722,2022-06-16
CUST04866,Midwest,Premium,1-Year,Mail,Smartphone,App,Network Outage,2,46.67,84.2,101.58,9,True,13,1,Terrible wait times,Negative,0.0861,100,1,42.1,3.0,Bronze,0.4477,2023-01-21
CUST04867,Southwest,Enterprise,Month-to-Month,Auto-Pay,Home Internet,App,Network Outage,9,98.99,799.75,68.14,6,False,84,2,Will consider switching providers,Negative,0.1107,100,1,88.86,0.6,Bronze,0.622,2022-09-06
CUST04868,Southeast,Standard,Month-to-Month,In-Store,Business Line,Email,Network Outage,63,87.64,5787.21,64.21,1,True,34,2,Problem kept recurring,Negative,0.1191,100,1,91.86,0.0156,Platinum,0.5845,2023-08-11
CUST04869,Southeast,Standard,2-Year,Manual-Online,Home Internet,App,Network Outage,73,30.86,2185.63,36.58,14,True,-94,1,Very disappointed with service,Negative,0.1858,100,1,29.94,0.1892,Platinum,0.2605,2022-10-08
CUST04870,Midwest,Enterprise,Month-to-Month,Mail,Business Line,Phone,Billing Dispute,6,102.53,579.43,115.78,7,True,31,1,Terrible wait times,Negative,0.0375,100,1,96.57,1.0,Bronze,0.4792,2024-04-23
CUST04871,West,Basic,1-Year,In-Store,Tablet,Email,Network Outage,41,83.67,3189.29,8.15,13,False,-80,3,Decent support,Neutral,0.5175,100,1,77.79,0.3095,Gold,0.435,2023-11-18
CUST04872,West,Premium,Month-to-Month,In-Store,Hotspot,App,Plan Change,21,135.79,2462.2,79.53,6,False,44,1,Will consider switching providers,Negative,0.2048,100,1,117.25,0.2727,Silver,0.452,2022-03-19
CUST04873,Midwest,Basic,2-Year,Mail,Hotspot,In-Store,Device Problem,26,150.55,3611.97,52.2,9,True,86,1,Poor network reliability,Negative,0.0975,100,1,138.92,0.3333,Silver,0.5755,2023-05-11
CUST04874,Southwest,Basic,1-Year,Manual-Online,Tablet,Chat,Speed Issue,77,205.99,14102.16,50.49,9,True,77,2,Terrible wait times,Negative,0.2132,100,1,183.14,0.1154,Platinum,0.6597,2022-06-24
CUST04875,West,Basic,2-Year,In-Store,Business Line,Email,No Issue,41,58.89,2477.52,90.08,2,True,-42,2,Worst customer service experience,Negative,0.0033,100,1,60.43,0.0476,Gold,0.4515,2022-03-08
CUST04876,Midwest,Standard,2-Year,Manual-Online,Tablet,In-Store,Contract Issue,42,74.13,3146.18,83.25,10,False,-9,4,Outstanding customer care,Positive,0.886,71.8,1,74.91,0.2326,Gold,0.6593,2023-09-24
CUST04877,Southeast,Enterprise,Month-to-Month,Manual-Online,Tablet,Email,Contract Issue,3,79.38,235.31,35.42,12,False,22,5,Excellent support experience,Positive,0.8,39.6,0,78.44,3.0,Bronze,0.8135,2023-04-06
CUST04878,Southeast,Standard,1-Year,In-Store,Home Internet,Chat,Billing Dispute,38,47.19,1697.86,98.91,15,False,19,5,Outstanding customer care,Positive,0.6606,46.2,0,44.68,0.3846,Gold,0.8082,2023-10-07
CUST04879,Southwest,Enterprise,2-Year,In-Store,Tablet,In-Store,No Issue,23,37.55,816.59,101.16,3,True,-35,2,No accountability at all,Negative,0.0208,100,1,35.5,0.125,Silver,0.4637,2023-04-14
CUST04880,West,Standard,1-Year,Auto-Pay,Tablet,Email,Device Problem,26,236.16,6363.15,95.52,14,True,-54,2,Problem kept recurring,Negative,0.0727,100,1,244.74,0.5185,Silver,0.4305,2024-05-19
CUST04881,Southeast,Enterprise,2-Year,Mail,Business Line,Chat,Contract Issue,57,151.26,8608.39,3.04,14,True,-15,2,No accountability at all,Negative,0.073,100,1,151.02,0.2414,Gold,0.4988,2022-11-07
CUST04882,Northeast,Enterprise,1-Year,Auto-Pay,Tablet,App,Network Outage,32,46.87,1557.37,30.52,7,True,77,5,Very happy with service,Positive,0.6312,18.6,0,48.67,0.2121,Silver,0.9597,2022-05-27
CUST04883,Southwest,Basic,Month-to-Month,Manual-Online,Smartphone,Chat,Speed Issue,8,248.98,1820.7,30.52,2,True,74,1,Billing overcharge not fixed,Negative,0.125,100,1,227.59,0.2222,Bronze,0.5545,2024-06-15
CUST04884,Southwest,Premium,2-Year,In-Store,Business Line,Phone,Contract Issue,51,183.17,8679.38,31.94,11,True,99,2,No accountability at all,Negative,0.2051,100,1,170.18,0.2115,Gold,0.6983,2022-01-19
CUST04885,Southwest,Premium,2-Year,In-Store,Hotspot,Email,Plan Change,56,81.91,4396.32,8.5,7,True,51,3,Service was okay,Neutral,0.418,83.8,1,78.51,0.1228,Gold,0.7143,2022-02-22
CUST04886,Southwest,Basic,Month-to-Month,In-Store,Hotspot,Phone,No Issue,62,121.19,7294.78,84.71,0,True,-33,2,Billing overcharge not fixed,Negative,0.0641,100,1,117.66,0.0,Platinum,0.4672,2022-06-10
CUST04887,Southwest,Premium,Month-to-Month,In-Store,Tablet,Email,Contract Issue,3,204.45,584.15,105.7,9,True,-41,5,Agent went above and beyond,Positive,0.9529,46.2,0,194.72,2.25,Bronze,0.7532,2023-02-10
CUST04888,Northeast,Premium,2-Year,Manual-Online,Hotspot,App,Contract Issue,31,91.4,2534.59,108.85,4,True,99,4,Seamless experience overall,Positive,0.6786,38.2,0,81.76,0.125,Silver,0.8982,2024-06-14
CUST04889,Southeast,Premium,1-Year,Mail,Smartphone,App,No Issue,6,148.75,827.66,76.22,5,True,40,4,Very professional support team,Positive,0.7875,52.0,0,137.94,0.7143,Bronze,0.795,2022-11-29
CUST04890,West,Standard,1-Year,Mail,Home Internet,Phone,Network Outage,73,231.8,16074.45,20.34,8,True,40,2,Terrible wait times,Negative,0.2829,100,1,220.2,0.1081,Platinum,0.595,2024-01-13
CUST04891,Southeast,Enterprise,Month-to-Month,In-Store,Tablet,Chat,Billing Dispute,78,66.11,5088.94,72.22,13,True,-61,5,Very happy with service,Positive,0.7999,58.2,0,65.24,0.1646,Platinum,0.7183,2022-03-18
CUST04892,West,Enterprise,Month-to-Month,Auto-Pay,Hotspot,App,Speed Issue,70,185.85,12905.76,18.58,14,True,-8,4,Highly satisfied with resolution,Positive,0.7432,79.6,0,184.37,0.1972,Platinum,0.711,2022-07-11
CUST04893,West,Premium,1-Year,Manual-Online,Hotspot,App,Contract Issue,53,131.72,6014.45,99.71,15,True,29,5,Problem resolved quickly,Positive,0.8528,44.2,0,113.48,0.2778,Gold,0.8758,2022-07-15
CUST04894,Northeast,Standard,2-Year,Auto-Pay,Smartphone,Chat,Billing Dispute,72,203.41,14827.15,28.81,1,True,64,2,Agent was unhelpful,Negative,0.102,99.2,1,205.93,0.0137,Platinum,0.637,2022-10-10
CUST04895,Midwest,Standard,1-Year,In-Store,Smartphone,Email,No Issue,69,153.75,9395.79,11.61,14,True,-85,4,Outstanding customer care,Positive,0.793,95.0,1,136.17,0.2,Platinum,0.5763,2022-10-14
CUST04896,West,Enterprise,2-Year,In-Store,Tablet,App,Billing Dispute,15,133.92,1774.3,28.57,14,True,-70,5,Great network coverage,Positive,0.8795,62.0,0,118.29,0.875,Silver,0.7025,2022-10-03
CUST04897,Southwest,Enterprise,Month-to-Month,In-Store,Business Line,Email,Plan Change,45,163.59,7033.12,60.26,15,True,100,4,Excellent support experience,Positive,0.8434,60.0,0,156.29,0.3261,Gold,0.9,2024-06-05
CUST04898,Southwest,Enterprise,2-Year,Auto-Pay,Home Internet,App,Device Problem,64,222.91,12882.31,94.08,3,True,32,3,Could be improved,Neutral,0.4189,79.6,1,201.29,0.0462,Platinum,0.681,2024-06-25
CUST04899,Midwest,Premium,2-Year,Mail,Business Line,Chat,Device Problem,15,136.25,1769.87,96.25,5,False,10,2,Very disappointed with service,Negative,0.177,100,1,117.99,0.3125,Silver,0.4925,2022-04-14
CUST04900,Northeast,Premium,1-Year,Manual-Online,Smartphone,Email,Speed Issue,19,71.3,1173.8,12.9,8,True,86,4,Highly satisfied with resolution,Positive,0.9269,48.8,0,61.78,0.4,Silver,0.8755,2024-09-18
CUST04901,Midwest,Enterprise,1-Year,Mail,Home Internet,Email,No Issue,39,62.08,2487.31,64.64,12,False,-28,3,Service was okay,Neutral,0.4318,100,1,63.78,0.3,Gold,0.526,2024-10-10
CUST04902,Southeast,Basic,2-Year,Auto-Pay,Hotspot,Email,Contract Issue,21,45.74,846.99,1.05,1,True,1,4,Outstanding customer care,Positive,0.9251,51.8,0,40.33,0.0455,Silver,0.7268,2023-09-20
CUST04903,Southeast,Enterprise,2-Year,Auto-Pay,Business Line,Phone,Speed Issue,26,144.92,3589.03,16.15,0,False,33,3,Acceptable service,Neutral,0.4735,73.4,1,138.04,0.0,Silver,0.6327,2023-03-03
CUST04904,Southwest,Basic,2-Year,Manual-Online,Hotspot,Phone,No Issue,33,118.17,3852.99,53.3,1,True,-83,4,Seamless experience overall,Positive,0.6232,68.6,1,116.76,0.0294,Silver,0.5797,2023-11-10
CUST04905,Southeast,Standard,2-Year,Mail,Business Line,In-Store,No Issue,58,160.34,9481.66,3.02,5,True,-98,5,Very professional support team,Positive,0.7578,49.6,0,163.48,0.0847,Gold,0.6535,2024-01-17
CUST04906,Southwest,Standard,2-Year,In-Store,Smartphone,In-Store,Contract Issue,37,166.74,5572.01,44.51,5,True,-52,3,Nothing exceptional,Neutral,0.4624,100,1,150.59,0.1316,Gold,0.534,2022-07-22
CUST04907,Northeast,Premium,Month-to-Month,Manual-Online,Home Internet,Chat,Network Outage,63,196.11,11283.08,36.48,8,True,57,1,Terrible wait times,Negative,0.238,100,1,179.1,0.125,Platinum,0.5248,2023-05-27
CUST04908,West,Premium,2-Year,Mail,Hotspot,Phone,Network Outage,15,56.16,853.35,95.19,6,True,80,1,Problem kept recurring,Negative,0.1434,100,1,56.89,0.375,Silver,0.565,2024-12-16
CUST04909,Southeast,Premium,2-Year,In-Store,Smartphone,In-Store,Network Outage,42,51.43,1848.57,61.43,9,True,62,3,Decent support,Neutral,0.5833,85.6,1,44.01,0.2093,Gold,0.7335,2023-01-23
CUST04910,Northeast,Standard,2-Year,Mail,Smartphone,In-Store,Speed Issue,48,49.26,2263.14,16.63,8,True,24,4,Agent went above and beyond,Positive,0.7979,61.2,0,47.15,0.1633,Gold,0.767,2022-03-06
CUST04911,Midwest,Basic,1-Year,Manual-Online,Hotspot,Phone,Network Outage,52,242.85,11049.61,48.89,13,True,-85,2,Agent was unhelpful,Negative,0.2749,100,1,212.49,0.2453,Gold,0.3762,2024-02-23
CUST04912,Southwest,Standard,2-Year,In-Store,Smartphone,In-Store,No Issue,27,192.5,5073.24,99.46,13,False,-84,1,Will consider switching providers,Negative,0.2513,100,1,187.9,0.4643,Silver,0.228,2023-04-11
CUST04913,Southwest,Enterprise,1-Year,Mail,Business Line,App,Plan Change,58,168.71,8910.09,25.64,2,True,-20,3,Nothing exceptional,Neutral,0.4142,88.0,1,153.62,0.0339,Gold,0.59,2022-02-17
CUST04914,Northeast,Enterprise,2-Year,Manual-Online,Home Internet,In-Store,Network Outage,24,92.41,2021.46,75.41,3,True,98,2,Problem kept recurring,Negative,0.2347,96.4,1,84.23,0.12,Silver,0.6965,2023-10-19
CUST04915,Southeast,Enterprise,Month-to-Month,Manual-Online,Hotspot,Chat,No Issue,24,198.96,4471.09,87.02,4,True,71,5,Agent was very helpful,Positive,0.9671,13.8,0,186.3,0.16,Silver,0.9492,2024-12-19
CUST04916,Northeast,Premium,1-Year,Mail,Home Internet,In-Store,Device Problem,11,95.67,1005.31,66.63,9,False,33,5,Seamless experience overall,Positive,0.8825,31.4,0,91.39,0.75,Bronze,0.8328,2023-02-06
CUST04917,Southwest,Basic,Month-to-Month,In-Store,Home Internet,Email,Device Problem,54,234.07,10830.53,97.93,8,True,-68,3,Service was okay,Neutral,0.3491,100,1,200.57,0.1455,Gold,0.506,2024-02-20
CUST04918,Southwest,Basic,1-Year,Mail,Hotspot,Chat,Billing Dispute,63,88.74,5407.96,110.33,1,True,81,2,Poor network reliability,Negative,0.2808,95.8,1,85.84,0.0156,Platinum,0.6667,2024-09-18
CUST04919,Southwest,Standard,Month-to-Month,Manual-Online,Smartphone,In-Store,No Issue,84,242.21,19079.69,109.96,9,False,95,4,Very happy with service,Positive,0.9845,49.0,0,227.14,0.1059,Platinum,0.8413,2022-07-11
CUST04920,Southeast,Enterprise,2-Year,Auto-Pay,Tablet,Phone,Billing Dispute,36,234.18,8402.55,102.47,11,True,77,5,Outstanding customer care,Positive,0.9476,26.6,0,233.4,0.2973,Gold,0.9597,2024-05-24
CUST04921,Southeast,Standard,Month-to-Month,Manual-Online,Smartphone,In-Store,Billing Dispute,45,241.29,9334.01,113.83,14,True,-32,4,Very professional support team,Positive,0.7084,84.4,1,207.42,0.3043,Gold,0.669,2022-11-22
CUST04922,West,Premium,Month-to-Month,Mail,Business Line,In-Store,Billing Dispute,48,192.54,8291.66,51.06,12,False,18,5,Very happy with service,Positive,0.644,40.4,0,172.74,0.2449,Gold,0.8065,2024-11-23
CUST04923,West,Basic,2-Year,Auto-Pay,Hotspot,In-Store,Device Problem,18,59.8,933.58,91.89,14,True,-74,5,Highly satisfied with resolution,Positive,0.6517,62.8,0,51.87,0.7368,Silver,0.6955,2024-03-23
CUST04924,Midwest,Standard,Month-to-Month,Auto-Pay,Home Internet,In-Store,No Issue,58,199.63,11276.11,88.0,9,True,21,3,Got what I needed but took a while,Neutral,0.4549,93.8,1,194.42,0.1525,Gold,0.6618,2022-10-08
CUST04925,Midwest,Premium,Month-to-Month,Mail,Home Internet,Chat,Plan Change,43,173.21,6446.8,64.43,14,False,-90,1,No accountability at all,Negative,0.082,100,1,149.93,0.3182,Gold,0.2175,2023-07-29
CUST04926,Midwest,Enterprise,1-Year,Auto-Pay,Tablet,Email,Device Problem,57,192.37,9573.94,42.15,9,True,-19,5,Seamless experience overall,Positive,0.6847,41.8,0,167.96,0.1552,Gold,0.7917,2023-01-02
CUST04927,Southeast,Standard,1-Year,Manual-Online,Business Line,In-Store,Billing Dispute,68,57.24,3655.04,30.32,8,True,-87,5,Very happy with service,Positive,0.8913,53.4,0,53.75,0.1159,Platinum,0.6727,2022-04-13
CUST04928,West,Basic,2-Year,Manual-Online,Home Internet,App,Billing Dispute,17,85.04,1409.22,55.78,3,True,95,4,Problem resolved quickly,Positive,0.8246,37.0,0,82.9,0.1667,Silver,0.8913,2024-09-29
CUST04929,Southeast,Premium,2-Year,Auto-Pay,Smartphone,Phone,Speed Issue,31,64.04,1689.84,41.82,8,True,-75,2,Very disappointed with service,Negative,0.2249,100,1,54.51,0.25,Silver,0.3937,2022-05-27
CUST04930,Southwest,Basic,Month-to-Month,Mail,Business Line,In-Store,Contract Issue,83,216.87,18684.01,115.57,2,False,-35,2,Worst customer service experience,Negative,0.2865,100,1,225.11,0.0238,Platinum,0.4138,2023-10-12
CUST04931,Midwest,Premium,Month-to-Month,Auto-Pay,Smartphone,Chat,Network Outage,9,195.41,1758.97,95.55,6,True,-90,4,Outstanding customer care,Positive,0.9768,80.0,1,195.44,0.6,Bronze,0.5675,2024-05-29
CUST04932,West,Standard,Month-to-Month,Mail,Hotspot,App,Network Outage,34,142.85,4439.55,82.06,10,True,58,4,Great network coverage,Positive,0.9095,58.4,0,130.58,0.2857,Silver,0.8265,2024-06-11
CUST04933,Southeast,Standard,Month-to-Month,Mail,Home Internet,Email,Network Outage,74,243.06,17671.94,32.05,4,True,-29,3,Could be improved,Neutral,0.592,93.8,1,238.81,0.0533,Platinum,0.5742,2023-03-01
CUST04934,Southwest,Enterprise,1-Year,Mail,Hotspot,Phone,Device Problem,18,218.54,3935.01,17.86,15,True,91,3,Issue eventually resolved,Neutral,0.3181,91.8,1,218.61,0.7895,Silver,0.7843,2022-05-04
CUST04935,Southeast,Premium,1-Year,In-Store,Home Internet,In-Store,No Issue,81,202.5,16959.55,56.83,15,True,-53,1,Billing overcharge not fixed,Negative,0.2267,100,1,209.38,0.1829,Platinum,0.3322,2023-10-09
CUST04936,Northeast,Basic,2-Year,In-Store,Business Line,Phone,Network Outage,36,174.51,6300.46,68.12,3,True,-15,4,Highly satisfied with resolution,Positive,0.713,59.0,0,175.01,0.0811,Gold,0.6987,2022-06-28
CUST04937,West,Basic,1-Year,Mail,Business Line,Phone,Device Problem,63,217.0,12783.65,3.01,12,False,33,4,Agent was very helpful,Positive,0.912,67.4,1,202.92,0.1875,Platinum,0.7328,2024-02-22
CUST04938,Southeast,Basic,2-Year,Manual-Online,Hotspot,Phone,Contract Issue,80,204.41,14014.97,42.78,7,True,-4,4,Very happy with service,Positive,0.7078,64.8,0,175.19,0.0864,Platinum,0.718,2023-06-26
CUST04939,Southwest,Standard,Month-to-Month,Manual-Online,Hotspot,Chat,No Issue,56,215.88,11327.24,51.0,12,True,-89,4,Agent was very helpful,Positive,0.7863,91.8,1,202.27,0.2105,Gold,0.5693,2024-05-20
CUST04940,West,Standard,2-Year,Auto-Pay,Smartphone,Phone,Network Outage,14,72.45,1018.43,57.1,14,True,18,4,Seamless experience overall,Positive,0.8659,74.4,1,72.74,0.9333,Silver,0.7565,2023-05-09
CUST04941,Northeast,Standard,2-Year,Auto-Pay,Tablet,App,Device Problem,66,109.54,6630.78,69.74,8,True,50,5,Great network coverage,Positive,0.9183,26.0,0,100.47,0.1194,Platinum,0.9125,2024-04-15
CUST04942,Northeast,Basic,Month-to-Month,In-Store,Hotspot,Email,Network Outage,37,42.54,1422.16,79.33,2,False,68,2,Terrible wait times,Negative,0.213,100,1,38.44,0.0526,Gold,0.594,2022-04-25
CUST04943,Southwest,Basic,1-Year,Mail,Business Line,In-Store,Device Problem,20,196.18,3753.67,113.6,7,False,-93,3,Issue eventually resolved,Neutral,0.3005,100,1,187.68,0.3333,Silver,0.4123,2023-02-15
CUST04944,Midwest,Standard,1-Year,Manual-Online,Business Line,App,Speed Issue,18,101.11,1569.23,4.11,13,True,-79,5,Very happy with service,Positive,0.9125,61.8,0,87.18,0.6842,Silver,0.6867,2022-03-06
CUST04945,Southwest,Enterprise,Month-to-Month,Manual-Online,Smartphone,In-Store,Device Problem,45,166.29,7819.73,26.96,10,True,-77,1,No accountability at all,Negative,0.0126,100,1,173.77,0.2174,Gold,0.2903,2024-03-28
CUST04946,Northeast,Premium,2-Year,Mail,Tablet,Chat,Billing Dispute,78,69.66,4943.85,34.04,3,True,-39,3,Average experience,Neutral,0.3519,93.8,1,63.38,0.038,Platinum,0.5568,2023-08-30
CUST04947,West,Basic,1-Year,In-Store,Smartphone,Email,Billing Dispute,44,224.92,8726.54,62.05,11,True,42,5,Highly satisfied with resolution,Positive,0.8468,33.6,0,198.33,0.2444,Gold,0.8985,2024-06-20
CUST04948,Northeast,Basic,2-Year,Mail,Business Line,Chat,Network Outage,16,245.78,3753.42,65.58,2,True,85,5,Problem resolved quickly,Positive,0.826,7.0,0,234.59,0.1176,Silver,0.9738,2024-10-20
CUST04949,Midwest,Standard,2-Year,Mail,Smartphone,Phone,Plan Change,2,91.73,166.47,63.2,5,False,-28,4,Great network coverage,Positive,0.6488,65.6,0,83.23,1.6667,Bronze,0.626,2023-09-30
CUST04950,Midwest,Standard,Month-to-Month,Mail,Tablet,Chat,Plan Change,7,37.33,223.79,21.71,2,True,55,1,Very disappointed with service,Negative,0.1935,100,1,31.97,0.25,Bronze,0.5212,2023-07-30
CUST04951,Northeast,Enterprise,Month-to-Month,Manual-Online,Smartphone,Email,Device Problem,51,139.32,6067.34,86.78,3,False,-26,4,Excellent support experience,Positive,0.9445,61.2,0,118.97,0.0577,Gold,0.6295,2022-06-02
CUST04952,Midwest,Premium,Month-to-Month,Auto-Pay,Business Line,App,Device Problem,60,85.21,4594.46,96.65,9,True,97,2,Agent was unhelpful,Negative,0.2179,100,1,76.57,0.1475,Platinum,0.6947,2022-09-20
CUST04953,Northeast,Basic,Month-to-Month,Mail,Smartphone,In-Store,Speed Issue,35,79.35,2525.1,15.32,4,False,-43,2,Worst customer service experience,Negative,0.0545,100,1,72.15,0.1111,Silver,0.3997,2024-09-06
CUST04954,West,Standard,1-Year,In-Store,Business Line,In-Store,No Issue,21,214.53,4219.92,107.39,6,True,-68,2,Problem kept recurring,Negative,0.0785,100,1,200.95,0.2727,Silver,0.406,2024-12-14
CUST04955,Northeast,Enterprise,1-Year,Mail,Home Internet,Chat,No Issue,73,195.52,14965.48,105.28,11,True,63,3,Waited longer than expected,Neutral,0.4013,89.4,1,205.01,0.1486,Platinum,0.7352,2022-05-22
CUST04956,West,Enterprise,1-Year,Manual-Online,Hotspot,App,Network Outage,24,135.66,3127.7,64.23,15,False,-81,1,Terrible wait times,Negative,0.1869,100,1,130.32,0.6,Silver,0.2333,2022-10-18
CUST04957,West,Basic,1-Year,Auto-Pay,Business Line,In-Store,Contract Issue,15,240.93,3136.7,74.11,4,True,31,1,Very disappointed with service,Negative,0.1559,100,1,209.11,0.25,Silver,0.4792,2022-04-07
CUST04958,West,Premium,1-Year,Auto-Pay,Tablet,App,Plan Change,81,73.16,5650.42,58.67,13,True,85,1,No accountability at all,Negative,0.0024,100,1,69.76,0.1585,Platinum,0.5737,2023-05-16
CUST04959,Southwest,Standard,2-Year,Auto-Pay,Business Line,In-Store,Plan Change,54,133.33,7300.83,36.45,13,True,61,2,Problem kept recurring,Negative,0.1492,100,1,135.2,0.2364,Gold,0.6318,2022-04-07
CUST04960,West,Basic,Month-to-Month,Manual-Online,Home Internet,Phone,Plan Change,69,40.08,2781.11,108.53,10,True,22,4,Agent went above and beyond,Positive,0.8496,65.6,1,40.31,0.1429,Platinum,0.7635,2022-02-22
CUST04961,Midwest,Premium,Month-to-Month,Auto-Pay,Hotspot,App,Contract Issue,28,137.09,3919.49,72.46,13,True,-85,3,Decent support,Neutral,0.3419,100,1,139.98,0.4483,Silver,0.4763,2022-05-26
CUST04962,Southwest,Enterprise,2-Year,Auto-Pay,Hotspot,Email,Billing Dispute,63,133.55,8059.78,28.04,11,True,88,5,Excellent support experience,Positive,0.8131,24.4,0,127.93,0.1719,Platinum,0.979,2023-08-16
CUST04963,Southwest,Standard,1-Year,Auto-Pay,Tablet,In-Store,No Issue,46,63.96,2812.61,57.97,1,True,56,4,Problem resolved quickly,Positive,0.6019,40.8,0,61.14,0.0213,Gold,0.823,2024-07-05
CUST04964,West,Enterprise,2-Year,Auto-Pay,Smartphone,App,Contract Issue,71,53.46,3256.87,53.21,8,True,-95,1,Worst customer service experience,Negative,0.2816,100,1,45.87,0.1111,Platinum,0.2587,2024-03-09
CUST04965,Southeast,Basic,2-Year,Manual-Online,Business Line,Phone,Network Outage,69,227.74,14620.57,11.06,4,True,-46,2,Poor network reliability,Negative,0.1912,100,1,211.89,0.0571,Platinum,0.4445,2022-11-09
CUST04966,Southwest,Premium,Month-to-Month,Mail,Hotspot,Email,Network Outage,30,150.07,4718.19,20.3,9,False,85,5,Very professional support team,Positive,0.9663,21.0,0,157.27,0.2903,Silver,0.9238,2023-06-21
CUST04967,Northeast,Enterprise,Month-to-Month,In-Store,Home Internet,Chat,Plan Change,70,215.94,15600.61,109.24,11,True,-40,2,Issue still not resolved,Negative,0.2855,100,1,222.87,0.1549,Platinum,0.455,2023-12-14
CUST04968,Northeast,Standard,Month-to-Month,In-Store,Hotspot,App,Device Problem,70,174.49,11570.0,63.42,9,False,24,3,Waited longer than expected,Neutral,0.3028,93.2,1,165.29,0.1268,Platinum,0.617,2024-02-18
CUST04969,Northeast,Premium,Month-to-Month,In-Store,Home Internet,Phone,No Issue,9,247.4,1903.74,19.23,5,True,-72,1,Very disappointed with service,Negative,0.1557,100,1,211.53,0.5,Bronze,0.299,2023-01-18
CUST04970,Midwest,Enterprise,2-Year,Auto-Pay,Smartphone,Email,Billing Dispute,53,77.86,3784.11,98.88,11,False,28,5,Outstanding customer care,Positive,0.9751,36.4,0,71.4,0.2037,Gold,0.824,2023-08-01
CUST04971,Midwest,Enterprise,1-Year,Mail,Tablet,Email,Speed Issue,72,230.66,15873.12,77.35,15,False,22,1,Agent was unhelpful,Negative,0.091,100,1,220.46,0.2055,Platinum,0.4135,2023-07-01
CUST04972,West,Enterprise,2-Year,Mail,Tablet,Phone,Billing Dispute,11,156.27,1764.55,116.37,11,True,-85,3,Expected better response time,Neutral,0.44,100,1,160.41,0.9167,Bronze,0.4763,2022-04-18
CUST04973,West,Premium,2-Year,Mail,Smartphone,Phone,Billing Dispute,33,246.24,8298.77,111.89,13,True,5,1,Poor network reliability,Negative,0.1579,100,1,251.48,0.3824,Silver,0.4337,2022-12-13
CUST04974,West,Standard,Month-to-Month,Mail,Hotspot,Chat,Speed Issue,57,103.37,5861.06,93.91,14,True,75,1,Issue still not resolved,Negative,0.1486,100,1,102.83,0.2414,Gold,0.5562,2023-10-27
CUST04975,Northeast,Basic,2-Year,Auto-Pay,Hotspot,App,Speed Issue,79,217.67,14863.74,66.39,15,True,52,4,Excellent support experience,Positive,0.7606,69.6,1,188.15,0.1875,Platinum,0.816,2023-06-01
CUST04976,West,Premium,2-Year,In-Store,Hotspot,Phone,Plan Change,60,196.48,10913.66,103.56,0,False,-34,5,Highly satisfied with resolution,Positive,0.9975,26.8,0,181.89,0.0,Platinum,0.7155,2023-09-28
CUST04977,Southeast,Basic,2-Year,In-Store,Business Line,Chat,Network Outage,74,184.13,13364.27,88.37,3,True,-29,4,Seamless experience overall,Positive,0.6492,61.8,0,180.6,0.04,Platinum,0.6743,2024-06-05
CUST04978,West,Standard,Month-to-Month,In-Store,Home Internet,Phone,Device Problem,23,79.6,1790.07,32.83,11,True,-39,3,Issue eventually resolved,Neutral,0.4388,100,1,77.83,0.4583,Silver,0.5568,2024-08-04
CUST04979,Northeast,Standard,2-Year,Mail,Hotspot,Chat,Network Outage,42,245.93,10632.03,106.41,8,True,33,5,Highly satisfied with resolution,Positive,0.6072,29.4,0,253.14,0.186,Gold,0.8828,2022-08-20
CUST04980,West,Premium,2-Year,Mail,Home Internet,Phone,Plan Change,61,170.17,10449.75,38.4,14,True,43,3,Average experience,Neutral,0.4088,99.4,1,171.31,0.2258,Platinum,0.7003,2024-07-31
CUST04981,Midwest,Enterprise,Month-to-Month,In-Store,Home Internet,Email,Device Problem,12,170.06,1826.41,102.19,14,False,62,1,Problem kept recurring,Negative,0.2283,100,1,152.2,1.0769,Silver,0.4835,2024-06-25
CUST04982,Southeast,Standard,Month-to-Month,Mail,Smartphone,App,No Issue,74,186.68,13898.02,74.04,0,True,29,2,Agent was unhelpful,Negative,0.245,100,1,187.81,0.0,Platinum,0.5757,2023-10-03
CUST04983,Southeast,Standard,1-Year,Mail,Business Line,App,Device Problem,2,228.32,400.71,8.96,8,True,5,3,Got what I needed but took a while,Neutral,0.5319,95.0,1,200.35,2.6667,Bronze,0.6338,2024-02-18
CUST04984,West,Premium,1-Year,In-Store,Business Line,Phone,No Issue,4,134.85,468.07,70.47,3,True,75,3,Average experience,Neutral,0.3438,71.0,0,117.02,0.6,Bronze,0.7562,2024-11-10
CUST04985,Southwest,Enterprise,1-Year,Manual-Online,Hotspot,In-Store,Device Problem,20,160.18,2785.34,108.19,14,True,87,2,Very disappointed with service,Negative,0.2737,100,1,139.27,0.6667,Silver,0.6773,2023-02-02
CUST04986,Southwest,Standard,Month-to-Month,Mail,Home Internet,Phone,Contract Issue,17,187.45,3190.25,102.4,8,True,-3,3,Could be improved,Neutral,0.3594,96.6,1,187.66,0.4444,Silver,0.6198,2024-11-06
CUST04987,West,Basic,1-Year,Mail,Smartphone,Chat,Device Problem,22,57.44,1247.31,40.26,5,False,53,2,No accountability at all,Negative,0.0658,100,1,56.7,0.2174,Silver,0.5677,2023-05-20
CUST04988,Northeast,Standard,1-Year,Mail,Home Internet,In-Store,No Issue,64,238.48,15206.4,24.07,14,True,-100,5,Problem resolved quickly,Positive,0.8053,68.0,1,237.6,0.2154,Platinum,0.65,2023-07-25
CUST04989,Southwest,Premium,Month-to-Month,In-Store,Business Line,In-Store,Plan Change,71,227.19,14388.91,16.64,2,True,-28,5,Highly satisfied with resolution,Positive,0.7096,29.6,0,202.66,0.0278,Platinum,0.776,2022-12-06
CUST04990,Southwest,Basic,Month-to-Month,Manual-Online,Hotspot,Phone,Device Problem,14,98.57,1234.38,63.25,0,True,-82,3,Waited longer than expected,Neutral,0.3991,96.4,1,88.17,0.0,Silver,0.4815,2023-01-08
CUST04991,West,Enterprise,2-Year,Manual-Online,Hotspot,Chat,No Issue,37,217.81,7509.66,50.83,1,True,11,2,No accountability at all,Negative,0.0533,100,1,202.96,0.0263,Gold,0.5443,2022-12-12
CUST04992,West,Enterprise,2-Year,Auto-Pay,Business Line,In-Store,Device Problem,26,182.26,4366.65,77.23,3,False,13,4,Seamless experience overall,Positive,0.7152,53.4,0,167.95,0.1111,Silver,0.6978,2024-03-09
CUST04993,Southeast,Basic,Month-to-Month,In-Store,Home Internet,In-Store,Billing Dispute,73,88.06,6593.87,73.85,11,True,-88,1,Problem kept recurring,Negative,0.1867,100,1,90.33,0.1486,Platinum,0.271,2022-11-07
CUST04994,West,Standard,1-Year,Mail,Business Line,App,Device Problem,53,56.61,2775.86,67.2,12,True,44,2,Very disappointed with service,Negative,0.1518,100,1,52.37,0.2222,Gold,0.602,2022-08-08
CUST04995,West,Enterprise,2-Year,Manual-Online,Smartphone,Email,Device Problem,42,142.54,5541.99,3.42,5,False,-42,3,Issue eventually resolved,Neutral,0.5767,98.4,1,131.95,0.1163,Gold,0.5015,2023-07-16
CUST04996,Northeast,Basic,2-Year,Manual-Online,Home Internet,Phone,Billing Dispute,64,127.83,7249.42,98.89,0,True,33,2,Problem kept recurring,Negative,0.2893,100,1,113.27,0.0,Platinum,0.5827,2023-07-20
CUST04997,Northeast,Enterprise,Month-to-Month,Mail,Smartphone,Chat,Speed Issue,47,31.84,1394.55,106.74,0,True,1,5,Highly satisfied with resolution,Positive,0.932,19.8,0,29.67,0.0,Gold,0.8267,2024-08-27
CUST04998,Midwest,Premium,1-Year,Manual-Online,Home Internet,In-Store,Device Problem,51,85.99,3787.51,104.83,11,False,-97,5,Very professional support team,Positive,0.6279,61.4,0,74.26,0.2115,Gold,0.6053,2022-04-16
CUST04999,West,Premium,1-Year,Auto-Pay,Home Internet,Email,Contract Issue,27,233.03,6043.25,10.06,0,True,81,1,Will consider switching providers,Negative,0.0991,100,1,223.82,0.0,Silver,0.5667,2023-02-25
CUST05000,Southwest,Premium,1-Year,In-Store,Tablet,Phone,Contract Issue,21,208.48,4569.45,100.63,8,True,-13,1,Worst customer service experience,Negative,0.1235,100,1,217.59,0.3636,Silver,0.4022,2022-07-13
